observationID,plotID,forestType,treeNumber,family,genus,species,multiStem,stem1_DBH_cm,stem2_DBH_cm,stem3_DBH_cm,stem4_DBH_cm,stem5_DBH_cm,stem6_DBH_cm,stem7_DBH_cm,stem8_DBH_cm
1,1,SROAK,1,Verbenaceae,Rehdera,trinervis,no,12.8,NA,NA,NA,NA,NA,NA,NA
2,1,SROAK,2,Fagaceae,Quercus,oleoides,no,19.7,NA,NA,NA,NA,NA,NA,NA
3,1,SROAK,3,Fagaceae,Quercus,oleoides,no,12.6,NA,NA,NA,NA,NA,NA,NA
4,1,SROAK,4,Malpighiaceae,Byrsonima,crassifolia,no,14.4,NA,NA,NA,NA,NA,NA,NA
5,2,SROAK,1,Myrsinaceae,Ardisia,revoluta,no,11.7,NA,NA,NA,NA,NA,NA,NA
6,2,SROAK,2,Dilleniaceae,Curatella,americana,no,11.9,NA,NA,NA,NA,NA,NA,NA
7,2,SROAK,3,Bixacea,Cochlospermum,vitifolium,no,13.4,NA,NA,NA,NA,NA,NA,NA
8,2,SROAK,4,Fagaceae,Quercus,oleoides,no,33.2,NA,NA,NA,NA,NA,NA,NA
9,2,SROAK,5,Fagaceae,Quercus,oleoides,no,33,NA,NA,NA,NA,NA,NA,NA
10,2,SROAK,6,Burseraceae,Bursera,tomentosa,no,12.3,NA,NA,NA,NA,NA,NA,NA
11,2,SROAK,7,Myrsinaceae,Ardisia,revoluta,no,14.3,NA,NA,NA,NA,NA,NA,NA
12,2,SROAK,8,Myrsinaceae,Ardisia,revoluta,no,10.7,NA,NA,NA,NA,NA,NA,NA
13,2,SROAK,9,Fagaceae,Quercus,oleoides,no,18.5,NA,NA,NA,NA,NA,NA,NA
14,2,SROAK,10,Fagaceae,Quercus,oleoides,no,58.5,NA,NA,NA,NA,NA,NA,NA
15,2,SROAK,11,Verbenaceae,Rehdera,trinervis,no,11.3,NA,NA,NA,NA,NA,NA,NA
16,2,SROAK,12,Fagaceae,Quercus,oleoides,no,48,NA,NA,NA,NA,NA,NA,NA
17,2,SROAK,13,Salicaceae,Zuelania,guidonia,no,29.3,NA,NA,NA,NA,NA,NA,NA
18,2,SROAK,14,Salicaceae,Zuelania,guidonia,no,13.5,NA,NA,NA,NA,NA,NA,NA
19,2,SROAK,15,Fagaceae,Quercus,oleoides,no,10.1,NA,NA,NA,NA,NA,NA,NA
20,2,SROAK,16,Malvaceae,Luehea,speciosa,no,11.7,NA,NA,NA,NA,NA,NA,NA
21,2,SROAK,17,Salicaceae,Zuelania,guidonia,no,18.8,NA,NA,NA,NA,NA,NA,NA
22,2,SROAK,18,Bixacea,Cochlospermum,vitifolium,no,11.2,NA,NA,NA,NA,NA,NA,NA
23,2,SROAK,19,Rubiaceae,Genipa,americana,no,11.4,NA,NA,NA,NA,NA,NA,NA
24,2,SROAK,20,Fagaceae,Quercus,oleoides,no,10.4,NA,NA,NA,NA,NA,NA,NA
25,2,SROAK,21,Bixacea,Cochlospermum,vitifolium,no,19.1,NA,NA,NA,NA,NA,NA,NA
26,2,SROAK,22,Verbenaceae,Rehdera,trinervis,no,13.2,NA,NA,NA,NA,NA,NA,NA
27,2,SROAK,23,Verbenaceae,Rehdera,trinervis,no,14.4,NA,NA,NA,NA,NA,NA,NA
28,2,SROAK,24,Fagaceae,Quercus,oleoides,no,16,NA,NA,NA,NA,NA,NA,NA
29,2,SROAK,25,Verbenaceae,Rehdera,trinervis,no,21.7,NA,NA,NA,NA,NA,NA,NA
30,2,SROAK,26,Myrsinaceae,Ardisia,revoluta,no,11.3,NA,NA,NA,NA,NA,NA,NA
31,2,SROAK,27,Myrsinaceae,Ardisia,revoluta,no,10.9,NA,NA,NA,NA,NA,NA,NA
32,2,SROAK,28,Fagaceae,Quercus,oleoides,no,42.3,NA,NA,NA,NA,NA,NA,NA
33,2,SROAK,29,Fagaceae,Quercus,oleoides,no,39.7,NA,NA,NA,NA,NA,NA,NA
34,2,SROAK,30,Myrsinaceae,Ardisia,revoluta,no,10.2,NA,NA,NA,NA,NA,NA,NA
35,2,SROAK,31,Fagaceae,Quercus,oleoides,no,52.2,NA,NA,NA,NA,NA,NA,NA
36,2,SROAK,32,Rubiaceae,Genipa,americana,no,12.3,NA,NA,NA,NA,NA,NA,NA
37,2,SROAK,33,Myrsinaceae,Ardisia,revoluta,no,17.9,NA,NA,NA,NA,NA,NA,NA
38,2,SROAK,34,Verbenaceae,Rehdera,trinervis,no,15.7,NA,NA,NA,NA,NA,NA,NA
39,2,SROAK,35,Fagaceae,Quercus,oleoides,no,44.9,NA,NA,NA,NA,NA,NA,NA
40,2,SROAK,36,Boraginaceae,Cordia,panamensis,yes,14.3,24.9,NA,NA,NA,NA,NA,NA
41,2,SROAK,37,Fagaceae,Quercus,oleoides,no,40.5,NA,NA,NA,NA,NA,NA,NA
42,2,SROAK,38,Moraceae,Ficus,ovalis,no,12.7,NA,NA,NA,NA,NA,NA,NA
43,2,SROAK,39,Polygonaceae,Coccoloba,guanacastensis,no,12.1,NA,NA,NA,NA,NA,NA,NA
44,2,SROAK,40,Malvaceae,Luehea,speciosa,no,16.4,NA,NA,NA,NA,NA,NA,NA
45,2,SROAK,41,Fagaceae,Quercus,oleoides,no,19.2,NA,NA,NA,NA,NA,NA,NA
46,2,SROAK,42,Fagaceae,Quercus,oleoides,no,20.5,NA,NA,NA,NA,NA,NA,NA
47,2,SROAK,43,Myrsinaceae,Ardisia,revoluta,no,12.3,NA,NA,NA,NA,NA,NA,NA
48,2,SROAK,44,Verbenaceae,Rehdera,trinervis,no,16.6,NA,NA,NA,NA,NA,NA,NA
49,2,SROAK,45,Fagaceae,Quercus,oleoides,no,34.8,NA,NA,NA,NA,NA,NA,NA
50,2,SROAK,46,Myrtaceae,Eugenia,monticola,no,18.5,NA,NA,NA,NA,NA,NA,NA
51,2,SROAK,47,Fagaceae,Quercus,oleoides,no,23.5,NA,NA,NA,NA,NA,NA,NA
52,2,SROAK,48,Fagaceae,Quercus,oleoides,no,29.7,NA,NA,NA,NA,NA,NA,NA
53,2,SROAK,49,Ebenaceae,Diospyros,nicaraguensis,no,12.9,NA,NA,NA,NA,NA,NA,NA
54,2,SROAK,50,Myrtaceae,Eugenia,monticola,no,11.4,NA,NA,NA,NA,NA,NA,NA
55,2,SROAK,51,Myrsinaceae,Ardisia,revoluta,no,15.1,NA,NA,NA,NA,NA,NA,NA
56,2,SROAK,52,Fagaceae,Quercus,oleoides,no,38.3,NA,NA,NA,NA,NA,NA,NA
57,2,SROAK,53,Fabaceae,Lysiloma,divaricatum,no,38,NA,NA,NA,NA,NA,NA,NA
58,2,SROAK,54,Myrtaceae,Eugenia,salamensis,no,12,NA,NA,NA,NA,NA,NA,NA
59,2,SROAK,55,Burseraceae,Bursera,tomentosa,no,14.2,NA,NA,NA,NA,NA,NA,NA
60,2,SROAK,56,Myrsinaceae,Ardisia,revoluta,no,16.7,NA,NA,NA,NA,NA,NA,NA
61,2,SROAK,57,Myrsinaceae,Ardisia,revoluta,yes,10.5,10.6,NA,NA,NA,NA,NA,NA
62,2,SROAK,58,Myrsinaceae,Ardisia,revoluta,no,10.8,NA,NA,NA,NA,NA,NA,NA
63,2,SROAK,59,Bixacea,Cochlospermum,vitifolium,no,22.1,NA,NA,NA,NA,NA,NA,NA
64,2,SROAK,60,Myrsinaceae,Ardisia,revoluta,no,15.9,NA,NA,NA,NA,NA,NA,NA
65,3,SROAK,1,Verbenaceae,Rehdera,trinervis,no,16.8,NA,NA,NA,NA,NA,NA,NA
66,3,SROAK,2,Fagaceae,Quercus,oleoides,no,16.7,NA,NA,NA,NA,NA,NA,NA
67,3,SROAK,3,Malvaceae,Luehea,candida,no,14.4,NA,NA,NA,NA,NA,NA,NA
68,3,SROAK,4,Verbenaceae,Rehdera,trinervis,no,10.3,NA,NA,NA,NA,NA,NA,NA
69,3,SROAK,5,Fagaceae,Quercus,oleoides,no,37.8,NA,NA,NA,NA,NA,NA,NA
70,3,SROAK,6,Bixacea,Cochlospermum,vitifolium,no,17.4,NA,NA,NA,NA,NA,NA,NA
71,3,SROAK,7,Celastraceae,Maytenus,segoviarum,no,17.3,NA,NA,NA,NA,NA,NA,NA
72,3,SROAK,8,Bixacea,Cochlospermum,vitifolium,no,24.1,NA,NA,NA,NA,NA,NA,NA
73,3,SROAK,9,Malvaceae,Luehea,speciosa,no,14.7,NA,NA,NA,NA,NA,NA,NA
74,3,SROAK,10,Burseraceae,Bursera,simaruba,yes,21.3,26.3,NA,NA,NA,NA,NA,NA
75,3,SROAK,11,Verbenaceae,Rehdera,trinervis,no,24,NA,NA,NA,NA,NA,NA,NA
76,3,SROAK,12,Euphorbiaceae,Euphorbia,schlechtendalii,no,12.2,NA,NA,NA,NA,NA,NA,NA
77,3,SROAK,13,Euphorbiaceae,Euphorbia,schlechtendalii,no,12,NA,NA,NA,NA,NA,NA,NA
78,3,SROAK,14,Bixacea,Cochlospermum,vitifolium,no,23.5,NA,NA,NA,NA,NA,NA,NA
79,3,SROAK,15,Euphorbiaceae,Sebastiania,pavoniana,no,10.5,NA,NA,NA,NA,NA,NA,NA
80,3,SROAK,16,Burseraceae,Bursera,tomentosa,no,14.2,NA,NA,NA,NA,NA,NA,NA
81,3,SROAK,17,Verbenaceae,Rehdera,trinervis,no,25,NA,NA,NA,NA,NA,NA,NA
82,3,SROAK,18,Euphorbiaceae,Sebastiania,pavoniana,no,13.1,NA,NA,NA,NA,NA,NA,NA
83,3,SROAK,19,Burseraceae,Bursera,tomentosa,no,15.1,NA,NA,NA,NA,NA,NA,NA
84,3,SROAK,20,Burseraceae,Bursera,tomentosa,no,20.2,NA,NA,NA,NA,NA,NA,NA
85,3,SROAK,21,Bixacea,Cochlospermum,vitifolium,no,31.7,NA,NA,NA,NA,NA,NA,NA
86,3,SROAK,22,Malvaceae,Luehea,speciosa,no,11,NA,NA,NA,NA,NA,NA,NA
87,3,SROAK,23,Verbenaceae,Rehdera,trinervis,no,19,NA,NA,NA,NA,NA,NA,NA
88,3,SROAK,24,Burseraceae,Bursera,tomentosa,no,17.5,NA,NA,NA,NA,NA,NA,NA
89,3,SROAK,25,Ebenaceae,Diospyros,nicaraguensis,no,10,NA,NA,NA,NA,NA,NA,NA
90,3,SROAK,26,Bixacea,Cochlospermum,vitifolium,no,14.1,NA,NA,NA,NA,NA,NA,NA
91,3,SROAK,27,Burseraceae,Bursera,tomentosa,no,18.9,NA,NA,NA,NA,NA,NA,NA
92,3,SROAK,28,Moraceae,Ficus,obtusifolia,yes,23,28.9,NA,NA,NA,NA,NA,NA
93,3,SROAK,29,Burseraceae,Bursera,tomentosa,no,18.6,NA,NA,NA,NA,NA,NA,NA
94,3,SROAK,30,Bixacea,Cochlospermum,vitifolium,no,11.3,NA,NA,NA,NA,NA,NA,NA
95,3,SROAK,31,Burseraceae,Bursera,tomentosa,no,20.5,NA,NA,NA,NA,NA,NA,NA
96,3,SROAK,32,Verbenaceae,Rehdera,trinervis,no,13.4,NA,NA,NA,NA,NA,NA,NA
97,3,SROAK,33,Verbenaceae,Rehdera,trinervis,no,10.4,NA,NA,NA,NA,NA,NA,NA
98,3,SROAK,34,Burseraceae,Bursera,tomentosa,no,15.8,NA,NA,NA,NA,NA,NA,NA
99,3,SROAK,35,Fabaceae,Machaerium,biovulatum,no,18.4,NA,NA,NA,NA,NA,NA,NA
100,3,SROAK,36,Verbenaceae,Rehdera,trinervis,no,10.4,NA,NA,NA,NA,NA,NA,NA
101,3,SROAK,37,Malvaceae,Luehea,candida,no,11.6,NA,NA,NA,NA,NA,NA,NA
102,3,SROAK,38,Fagaceae,Quercus,oleoides,no,29.8,NA,NA,NA,NA,NA,NA,NA
103,3,SROAK,39,Verbenaceae,Rehdera,trinervis,no,12.9,NA,NA,NA,NA,NA,NA,NA
104,3,SROAK,40,Verbenaceae,Rehdera,trinervis,no,15.5,NA,NA,NA,NA,NA,NA,NA
105,4,SROAK,1,Fagaceae,Quercus,oleoides,no,10.1,NA,NA,NA,NA,NA,NA,NA
106,4,SROAK,2,Fagaceae,Quercus,oleoides,no,13,NA,NA,NA,NA,NA,NA,NA
107,4,SROAK,3,Fagaceae,Quercus,oleoides,no,10.1,NA,NA,NA,NA,NA,NA,NA
108,4,SROAK,4,Fagaceae,Quercus,oleoides,no,14,NA,NA,NA,NA,NA,NA,NA
109,4,SROAK,5,Fagaceae,Quercus,oleoides,yes,11,11.5,17.1,37.1,38.5,39.1,NA,NA
110,4,SROAK,6,Fagaceae,Quercus,oleoides,no,12.2,NA,NA,NA,NA,NA,NA,NA
111,4,SROAK,7,Fagaceae,Quercus,oleoides,no,14.7,NA,NA,NA,NA,NA,NA,NA
112,4,SROAK,8,Fagaceae,Quercus,oleoides,no,12.5,NA,NA,NA,NA,NA,NA,NA
113,5,SROAK,1,Malvaceae,Apeiba,tibourbou,no,13.3,NA,NA,NA,NA,NA,NA,NA
114,5,SROAK,2,Fagaceae,Quercus,oleoides,yes,27.3,45.5,NA,NA,NA,NA,NA,NA
115,5,SROAK,3,Euphorbiaceae,Sebastiania,pavoniana,no,10.3,NA,NA,NA,NA,NA,NA,NA
116,5,SROAK,4,Sapotaceae,Manilkara,chicle,no,19.4,NA,NA,NA,NA,NA,NA,NA
117,5,SROAK,5,Chrysobalanaceae,Hirtella,racemosa,no,11.9,NA,NA,NA,NA,NA,NA,NA
118,5,SROAK,6,Sapotaceae,Manilkara,chicle,no,17.4,NA,NA,NA,NA,NA,NA,NA
119,5,SROAK,7,Burseraceae,Bursera,tomentosa,no,15.8,NA,NA,NA,NA,NA,NA,NA
120,5,SROAK,8,Myrsinaceae,Ardisia,revoluta,no,15.2,NA,NA,NA,NA,NA,NA,NA
121,5,SROAK,9,Myrtaceae,Eugenia,hypargyrea,no,10.5,NA,NA,NA,NA,NA,NA,NA
122,5,SROAK,10,Euphorbiaceae,Sebastiania,pavoniana,no,11.6,NA,NA,NA,NA,NA,NA,NA
123,5,SROAK,11,Verbenaceae,Rehdera,trinervis,no,22.4,NA,NA,NA,NA,NA,NA,NA
124,5,SROAK,12,Bignoniaceae,Tabebuia,rosea,no,18.1,NA,NA,NA,NA,NA,NA,NA
125,5,SROAK,13,Fabaceae,Lonchocarpus,rugosus,no,34,NA,NA,NA,NA,NA,NA,NA
126,5,SROAK,14,Malvaceae,Luehea,speciosa,yes,15.5,18.6,NA,NA,NA,NA,NA,NA
127,5,SROAK,15,Verbenaceae,Rehdera,trinervis,no,19,NA,NA,NA,NA,NA,NA,NA
128,5,SROAK,16,Malvaceae,Luehea,speciosa,no,13.2,NA,NA,NA,NA,NA,NA,NA
129,5,SROAK,17,Burseraceae,Bursera,simaruba,no,13.5,NA,NA,NA,NA,NA,NA,NA
130,5,SROAK,18,Fabaceae,Lonchocarpus,rugosus,no,41.8,NA,NA,NA,NA,NA,NA,NA
131,5,SROAK,19,Salicaceae,Zuelania,guidonia,no,13.2,NA,NA,NA,NA,NA,NA,NA
132,5,SROAK,20,Sapotaceae,Manilkara,chicle,no,23.9,NA,NA,NA,NA,NA,NA,NA
133,5,SROAK,21,Salicaceae,Zuelania,guidonia,no,21.8,NA,NA,NA,NA,NA,NA,NA
134,5,SROAK,22,Bixacea,Cochlospermum,vitifolium,no,14.7,NA,NA,NA,NA,NA,NA,NA
135,5,SROAK,23,Burseraceae,Bursera,simaruba,no,13.9,NA,NA,NA,NA,NA,NA,NA
136,5,SROAK,24,Verbenaceae,Rehdera,trinervis,no,27.5,NA,NA,NA,NA,NA,NA,NA
137,5,SROAK,25,Burseraceae,Bursera,tomentosa,no,11,NA,NA,NA,NA,NA,NA,NA
138,5,SROAK,26,Malvaceae,Luehea,speciosa,no,13.5,NA,NA,NA,NA,NA,NA,NA
139,5,SROAK,27,Verbenaceae,Rehdera,trinervis,no,17,NA,NA,NA,NA,NA,NA,NA
140,5,SROAK,28,Schoepfiaceae,Schoepfia,schreberi,no,12.9,NA,NA,NA,NA,NA,NA,NA
141,5,SROAK,29,Rubiaceae,Guettarda,macrosperma,no,13.7,NA,NA,NA,NA,NA,NA,NA
142,5,SROAK,30,Fagaceae,Quercus,oleoides,no,73.9,NA,NA,NA,NA,NA,NA,NA
143,5,SROAK,31,Fabaceae,Lonchocarpus,rugosus,no,29.4,NA,NA,NA,NA,NA,NA,NA
144,5,SROAK,32,Burseraceae,Bursera,tomentosa,no,20.2,NA,NA,NA,NA,NA,NA,NA
145,5,SROAK,33,Sapotaceae,Manilkara,chicle,no,13.5,NA,NA,NA,NA,NA,NA,NA
146,5,SROAK,34,Sapotaceae,Manilkara,chicle,no,11.8,NA,NA,NA,NA,NA,NA,NA
147,5,SROAK,35,Sapotaceae,Manilkara,chicle,no,29.4,NA,NA,NA,NA,NA,NA,NA
148,5,SROAK,36,Malvaceae,Luehea,candida,no,16.7,NA,NA,NA,NA,NA,NA,NA
149,5,SROAK,37,Sapotaceae,Manilkara,chicle,no,16.1,NA,NA,NA,NA,NA,NA,NA
150,5,SROAK,38,Malvaceae,Luehea,speciosa,no,13.5,NA,NA,NA,NA,NA,NA,NA
151,5,SROAK,39,Burseraceae,Bursera,tomentosa,no,24.5,NA,NA,NA,NA,NA,NA,NA
152,6,SROAK,1,Bixacea,Cochlospermum,vitifolium,no,22.3,NA,NA,NA,NA,NA,NA,NA
153,6,SROAK,2,Bixacea,Cochlospermum,vitifolium,no,18.2,NA,NA,NA,NA,NA,NA,NA
154,6,SROAK,3,Ebenaceae,Diospyros,nicaraguensis,no,24.6,NA,NA,NA,NA,NA,NA,NA
155,6,SROAK,4,Burseraceae,Bursera,tomentosa,no,18,NA,NA,NA,NA,NA,NA,NA
156,6,SROAK,5,Verbenaceae,Rehdera,trinervis,no,22.5,NA,NA,NA,NA,NA,NA,NA
157,6,SROAK,6,Verbenaceae,Rehdera,trinervis,no,11.6,NA,NA,NA,NA,NA,NA,NA
158,6,SROAK,7,Verbenaceae,Rehdera,trinervis,no,11.2,NA,NA,NA,NA,NA,NA,NA
159,6,SROAK,8,Fagaceae,Quercus,oleoides,yes,29.8,30.3,NA,NA,NA,NA,NA,NA
160,6,SROAK,9,Burseraceae,Bursera,simaruba,no,11.1,NA,NA,NA,NA,NA,NA,NA
161,6,SROAK,10,Verbenaceae,Rehdera,trinervis,no,24.5,NA,NA,NA,NA,NA,NA,NA
162,6,SROAK,11,Verbenaceae,Rehdera,trinervis,no,19,NA,NA,NA,NA,NA,NA,NA
163,6,SROAK,12,Verbenaceae,Rehdera,trinervis,no,15.8,NA,NA,NA,NA,NA,NA,NA
164,6,SROAK,13,Fabaceae,Lysiloma,divaricatum,no,33,NA,NA,NA,NA,NA,NA,NA
165,6,SROAK,14,Fagaceae,Quercus,oleoides,no,34,NA,NA,NA,NA,NA,NA,NA
166,6,SROAK,15,Verbenaceae,Rehdera,trinervis,no,17.2,NA,NA,NA,NA,NA,NA,NA
167,6,SROAK,16,Burseraceae,Bursera,tomentosa,no,15,NA,NA,NA,NA,NA,NA,NA
168,6,SROAK,17,Verbenaceae,Rehdera,trinervis,no,12.4,NA,NA,NA,NA,NA,NA,NA
169,6,SROAK,18,Fabaceae,Lysiloma,divaricatum,no,25.1,NA,NA,NA,NA,NA,NA,NA
170,6,SROAK,19,Fabaceae,Lysiloma,divaricatum,no,15.5,NA,NA,NA,NA,NA,NA,NA
171,6,SROAK,20,Verbenaceae,Rehdera,trinervis,no,13.5,NA,NA,NA,NA,NA,NA,NA
172,6,SROAK,21,Fagaceae,Quercus,oleoides,no,63,NA,NA,NA,NA,NA,NA,NA
173,6,SROAK,22,Malvaceae,Luehea,speciosa,no,10.2,NA,NA,NA,NA,NA,NA,NA
174,6,SROAK,23,Myrsinaceae,Ardisia,revoluta,no,15.6,NA,NA,NA,NA,NA,NA,NA
175,6,SROAK,24,Fabaceae,Lysiloma,divaricatum,no,35.1,NA,NA,NA,NA,NA,NA,NA
176,6,SROAK,25,Verbenaceae,Rehdera,trinervis,no,35.9,NA,NA,NA,NA,NA,NA,NA
177,6,SROAK,26,Fabaceae,Lysiloma,divaricatum,no,39.3,NA,NA,NA,NA,NA,NA,NA
178,6,SROAK,27,Bignoniaceae,Crescentia,alata,no,12.7,NA,NA,NA,NA,NA,NA,NA
179,6,SROAK,28,Ebenaceae,Diospyros,nicaraguensis,no,12.2,NA,NA,NA,NA,NA,NA,NA
180,6,SROAK,29,Verbenaceae,Rehdera,trinervis,no,16.3,NA,NA,NA,NA,NA,NA,NA
181,6,SROAK,30,Verbenaceae,Rehdera,trinervis,no,22.6,NA,NA,NA,NA,NA,NA,NA
182,6,SROAK,31,Burseraceae,Bursera,tomentosa,no,21.1,NA,NA,NA,NA,NA,NA,NA
183,6,SROAK,32,Fagaceae,Quercus,oleoides,no,15.5,NA,NA,NA,NA,NA,NA,NA
184,6,SROAK,33,Fagaceae,Quercus,oleoides,no,29.8,NA,NA,NA,NA,NA,NA,NA
185,6,SROAK,34,Verbenaceae,Rehdera,trinervis,no,23.5,NA,NA,NA,NA,NA,NA,NA
186,6,SROAK,35,Verbenaceae,Rehdera,trinervis,no,29,NA,NA,NA,NA,NA,NA,NA
187,6,SROAK,36,Celastraceae,Semialarium,mexicanum,no,16.1,NA,NA,NA,NA,NA,NA,NA
188,6,SROAK,37,Burseraceae,Bursera,simaruba,no,19.2,NA,NA,NA,NA,NA,NA,NA
189,6,SROAK,38,Burseraceae,Bursera,simaruba,no,10.2,NA,NA,NA,NA,NA,NA,NA
190,6,SROAK,39,Simaroubaceae,Simarouba,glauca,no,13.5,NA,NA,NA,NA,NA,NA,NA
191,6,SROAK,40,Fabaceae,Lysiloma,divaricatum,no,29.8,NA,NA,NA,NA,NA,NA,NA
192,6,SROAK,41,Verbenaceae,Rehdera,trinervis,no,19.3,NA,NA,NA,NA,NA,NA,NA
193,6,SROAK,42,Fagaceae,Quercus,oleoides,no,34.9,NA,NA,NA,NA,NA,NA,NA
194,6,SROAK,43,Ebenaceae,Diospyros,nicaraguensis,no,12.1,NA,NA,NA,NA,NA,NA,NA
195,6,SROAK,44,Burseraceae,Bursera,tomentosa,yes,13.8,16.7,NA,NA,NA,NA,NA,NA
196,6,SROAK,45,Verbenaceae,Rehdera,trinervis,no,10,NA,NA,NA,NA,NA,NA,NA
197,7,SROAK,1,Malpighiaceae,Byrsonima,crassifolia,yes,11.1,23.8,NA,NA,NA,NA,NA,NA
198,8,SROAK,1,Fabaceae,Lysiloma,divaricatum,no,23.8,NA,NA,NA,NA,NA,NA,NA
199,8,SROAK,2,Fabaceae,Lonchocarpus,rugosus,no,10.7,NA,NA,NA,NA,NA,NA,NA
200,8,SROAK,3,Fabaceae,Lonchocarpus,rugosus,no,15,NA,NA,NA,NA,NA,NA,NA
201,8,SROAK,4,Verbenaceae,Rehdera,trinervis,no,14.8,NA,NA,NA,NA,NA,NA,NA
202,8,SROAK,5,Verbenaceae,Rehdera,trinervis,no,28.5,NA,NA,NA,NA,NA,NA,NA
203,8,SROAK,6,Ebenaceae,Diospyros,nicaraguensis,no,12,NA,NA,NA,NA,NA,NA,NA
204,8,SROAK,7,Verbenaceae,Rehdera,trinervis,no,15,NA,NA,NA,NA,NA,NA,NA
205,8,SROAK,8,Fabaceae,Machaerium,biovulatum,no,16.3,NA,NA,NA,NA,NA,NA,NA
206,8,SROAK,9,Celastraceae,Semialarium,mexicanum,no,10.8,NA,NA,NA,NA,NA,NA,NA
207,8,SROAK,10,Verbenaceae,Rehdera,trinervis,no,15,NA,NA,NA,NA,NA,NA,NA
208,8,SROAK,11,Fabaceae,Gliricidia,sepium,no,11.9,NA,NA,NA,NA,NA,NA,NA
209,8,SROAK,12,Verbenaceae,Rehdera,trinervis,no,24,NA,NA,NA,NA,NA,NA,NA
210,8,SROAK,13,Malvaceae,Luehea,speciosa,no,12,NA,NA,NA,NA,NA,NA,NA
211,8,SROAK,14,Fabaceae,Lysiloma,divaricatum,no,25.2,NA,NA,NA,NA,NA,NA,NA
212,8,SROAK,15,Bixacea,Cochlospermum,vitifolium,no,12.8,NA,NA,NA,NA,NA,NA,NA
213,8,SROAK,16,Fabaceae,Lysiloma,divaricatum,no,11.8,NA,NA,NA,NA,NA,NA,NA
214,8,SROAK,17,Fagaceae,Quercus,oleoides,no,59,NA,NA,NA,NA,NA,NA,NA
215,8,SROAK,18,Anacardiaceae,Astronium,graveolens,no,10.1,NA,NA,NA,NA,NA,NA,NA
216,8,SROAK,19,Bixacea,Cochlospermum,vitifolium,no,21.3,NA,NA,NA,NA,NA,NA,NA
217,8,SROAK,20,Euphorbiaceae,Sebastiania,pavoniana,no,10.1,NA,NA,NA,NA,NA,NA,NA
218,8,SROAK,21,Fabaceae,Gliricidia,sepium,no,10.2,NA,NA,NA,NA,NA,NA,NA
219,8,SROAK,22,Verbenaceae,Rehdera,trinervis,no,10.4,NA,NA,NA,NA,NA,NA,NA
220,8,SROAK,23,Fabaceae,Lysiloma,divaricatum,no,25.9,NA,NA,NA,NA,NA,NA,NA
221,8,SROAK,24,Verbenaceae,Rehdera,trinervis,no,13.8,NA,NA,NA,NA,NA,NA,NA
222,8,SROAK,25,Verbenaceae,Rehdera,trinervis,no,14.9,NA,NA,NA,NA,NA,NA,NA
223,8,SROAK,26,Malvaceae,Luehea,speciosa,no,28.3,NA,NA,NA,NA,NA,NA,NA
224,8,SROAK,27,Euphorbiaceae,Sebastiania,pavoniana,no,11.7,NA,NA,NA,NA,NA,NA,NA
225,8,SROAK,28,Celastraceae,Semialarium,mexicanum,no,11.5,NA,NA,NA,NA,NA,NA,NA
226,8,SROAK,29,Fabaceae,Gliricidia,sepium,no,14,NA,NA,NA,NA,NA,NA,NA
227,8,SROAK,30,Fabaceae,Lysiloma,divaricatum,no,13,NA,NA,NA,NA,NA,NA,NA
228,8,SROAK,31,Fabaceae,Gliricidia,sepium,no,11.8,NA,NA,NA,NA,NA,NA,NA
229,8,SROAK,32,Bixacea,Cochlospermum,vitifolium,no,20.7,NA,NA,NA,NA,NA,NA,NA
230,8,SROAK,33,Fabaceae,Lysiloma,divaricatum,no,15,NA,NA,NA,NA,NA,NA,NA
231,8,SROAK,34,Fabaceae,Lysiloma,divaricatum,no,15.7,NA,NA,NA,NA,NA,NA,NA
232,8,SROAK,35,Euphorbiaceae,Sebastiania,pavoniana,no,13.7,NA,NA,NA,NA,NA,NA,NA
233,8,SROAK,36,Salicaceae,Casearia,silvestris,yes,11.2,14.4,NA,NA,NA,NA,NA,NA
234,8,SROAK,37,Malvaceae,Luehea,speciosa,no,21.5,NA,NA,NA,NA,NA,NA,NA
235,8,SROAK,38,Euphorbiaceae,Mabea,occidentalis,no,20.2,NA,NA,NA,NA,NA,NA,NA
236,8,SROAK,39,Bignoniaceae,Tabebuia,ochracea,no,16.4,NA,NA,NA,NA,NA,NA,NA
237,8,SROAK,40,Euphorbiaceae,Mabea,occidentalis,no,10.2,NA,NA,NA,NA,NA,NA,NA
238,8,SROAK,41,Rubiaceae,Exostema,mexicanum,no,12.5,NA,NA,NA,NA,NA,NA,NA
239,8,SROAK,42,Fabaceae,Lysiloma,divaricatum,no,12.2,NA,NA,NA,NA,NA,NA,NA
240,8,SROAK,43,Verbenaceae,Rehdera,trinervis,no,19.2,NA,NA,NA,NA,NA,NA,NA
241,8,SROAK,44,Fabaceae,Gliricidia,sepium,yes,12.3,17.8,NA,NA,NA,NA,NA,NA
242,8,SROAK,45,Bixacea,Cochlospermum,vitifolium,no,27.8,NA,NA,NA,NA,NA,NA,NA
243,8,SROAK,46,Celastraceae,Semialarium,mexicanum,no,12.5,NA,NA,NA,NA,NA,NA,NA
244,8,SROAK,47,Sapindaceae,Allophylus,occidentalis,no,11.2,NA,NA,NA,NA,NA,NA,NA
245,8,SROAK,48,Fabaceae,Lysiloma,divaricatum,no,12.1,NA,NA,NA,NA,NA,NA,NA
246,8,SROAK,49,Fabaceae,Lysiloma,divaricatum,no,18,NA,NA,NA,NA,NA,NA,NA
247,8,SROAK,50,Salicaceae,Zuelania,guidonia,no,25.6,NA,NA,NA,NA,NA,NA,NA
248,8,SROAK,51,Euphorbiaceae,Mabea,occidentalis,no,10.6,NA,NA,NA,NA,NA,NA,NA
249,8,SROAK,52,Anacardiaceae,Astronium,graveolens,no,15,NA,NA,NA,NA,NA,NA,NA
250,8,SROAK,53,Salicaceae,Zuelania,guidonia,no,21,NA,NA,NA,NA,NA,NA,NA
251,8,SROAK,54,Fabaceae,Gliricidia,sepium,no,13,NA,NA,NA,NA,NA,NA,NA
252,8,SROAK,55,Anacardiaceae,Astronium,graveolens,no,11.2,NA,NA,NA,NA,NA,NA,NA
253,8,SROAK,56,Bixacea,Cochlospermum,vitifolium,no,10.6,NA,NA,NA,NA,NA,NA,NA
254,8,SROAK,57,Malvaceae,Luehea,speciosa,no,14.3,NA,NA,NA,NA,NA,NA,NA
255,8,SROAK,58,Fagaceae,Quercus,oleoides,no,18,NA,NA,NA,NA,NA,NA,NA
256,8,SROAK,59,Burseraceae,Bursera,tomentosa,no,10.5,NA,NA,NA,NA,NA,NA,NA
257,8,SROAK,60,Euphorbiaceae,Mabea,occidentalis,no,13.8,NA,NA,NA,NA,NA,NA,NA
258,8,SROAK,61,Verbenaceae,Rehdera,trinervis,no,13.8,NA,NA,NA,NA,NA,NA,NA
259,8,SROAK,62,Fabaceae,Lysiloma,divaricatum,no,25.8,NA,NA,NA,NA,NA,NA,NA
260,9,SROAK,1,Verbenaceae,Rehdera,trinervis,no,21,NA,NA,NA,NA,NA,NA,NA
261,9,SROAK,2,Malpighiaceae,Byrsonima,crassifolia,no,12.9,NA,NA,NA,NA,NA,NA,NA
262,9,SROAK,3,Verbenaceae,Rehdera,trinervis,no,11,NA,NA,NA,NA,NA,NA,NA
263,9,SROAK,4,Fagaceae,Quercus,oleoides,no,18.5,NA,NA,NA,NA,NA,NA,NA
264,9,SROAK,5,Fagaceae,Quercus,oleoides,no,12.5,NA,NA,NA,NA,NA,NA,NA
265,9,SROAK,6,Bixacea,Cochlospermum,vitifolium,no,16.4,NA,NA,NA,NA,NA,NA,NA
266,9,SROAK,7,Fagaceae,Quercus,oleoides,no,12.9,NA,NA,NA,NA,NA,NA,NA
267,9,SROAK,8,Verbenaceae,Rehdera,trinervis,no,12.5,NA,NA,NA,NA,NA,NA,NA
268,9,SROAK,9,Fagaceae,Quercus,oleoides,no,15.8,NA,NA,NA,NA,NA,NA,NA
269,9,SROAK,10,Fagaceae,Quercus,oleoides,no,16.9,NA,NA,NA,NA,NA,NA,NA
270,9,SROAK,11,Meliaceae,Swietenia,macrophylla,no,11.9,NA,NA,NA,NA,NA,NA,NA
271,9,SROAK,12,Verbenaceae,Rehdera,trinervis,no,10.9,NA,NA,NA,NA,NA,NA,NA
272,9,SROAK,13,Fagaceae,Quercus,oleoides,no,25.4,NA,NA,NA,NA,NA,NA,NA
273,9,SROAK,14,Fagaceae,Quercus,oleoides,no,24.3,NA,NA,NA,NA,NA,NA,NA
274,9,SROAK,15,Fagaceae,Quercus,oleoides,no,14.2,NA,NA,NA,NA,NA,NA,NA
275,9,SROAK,16,Fagaceae,Quercus,oleoides,no,11,NA,NA,NA,NA,NA,NA,NA
276,9,SROAK,17,Fagaceae,Quercus,oleoides,no,11.2,NA,NA,NA,NA,NA,NA,NA
277,9,SROAK,18,Malpighiaceae,Byrsonima,crassifolia,yes,13.1,13.3,NA,NA,NA,NA,NA,NA
278,9,SROAK,19,Fagaceae,Quercus,oleoides,no,11.2,NA,NA,NA,NA,NA,NA,NA
279,10,SROAK,1,Fagaceae,Quercus,oleoides,yes,14.5,19.5,NA,NA,NA,NA,NA,NA
280,10,SROAK,2,Fagaceae,Quercus,oleoides,no,20,NA,NA,NA,NA,NA,NA,NA
281,10,SROAK,3,Fagaceae,Quercus,oleoides,yes,16.9,18,NA,NA,NA,NA,NA,NA
282,10,SROAK,4,Bixacea,Cochlospermum,vitifolium,no,12,NA,NA,NA,NA,NA,NA,NA
283,10,SROAK,5,Fagaceae,Quercus,oleoides,yes,17.5,20,NA,NA,NA,NA,NA,NA
284,10,SROAK,6,Fagaceae,Quercus,oleoides,no,10.9,NA,NA,NA,NA,NA,NA,NA
285,10,SROAK,7,Fagaceae,Quercus,oleoides,no,12.4,NA,NA,NA,NA,NA,NA,NA
286,10,SROAK,8,Fagaceae,Quercus,oleoides,no,16.8,NA,NA,NA,NA,NA,NA,NA
287,10,SROAK,9,Fabaceae,Machaerium,biovulatum,no,10,NA,NA,NA,NA,NA,NA,NA
288,10,SROAK,10,Fagaceae,Quercus,oleoides,no,22,NA,NA,NA,NA,NA,NA,NA
289,10,SROAK,11,Fagaceae,Quercus,oleoides,yes,14.1,14.3,NA,NA,NA,NA,NA,NA
290,10,SROAK,12,Malpighiaceae,Byrsonima,crassifolia,no,15.2,NA,NA,NA,NA,NA,NA,NA
291,10,SROAK,13,Fagaceae,Quercus,oleoides,no,12.2,NA,NA,NA,NA,NA,NA,NA
292,10,SROAK,14,Fagaceae,Quercus,oleoides,no,11.3,NA,NA,NA,NA,NA,NA,NA
293,10,SROAK,15,Fagaceae,Quercus,oleoides,no,12.7,NA,NA,NA,NA,NA,NA,NA
294,10,SROAK,16,Fagaceae,Quercus,oleoides,no,18.1,NA,NA,NA,NA,NA,NA,NA
295,10,SROAK,17,Fagaceae,Quercus,oleoides,no,15.4,NA,NA,NA,NA,NA,NA,NA
296,10,SROAK,18,Fagaceae,Quercus,oleoides,no,11.5,NA,NA,NA,NA,NA,NA,NA
297,10,SROAK,19,Fagaceae,Quercus,oleoides,no,16.3,NA,NA,NA,NA,NA,NA,NA
298,10,SROAK,20,Fagaceae,Quercus,oleoides,no,10.7,NA,NA,NA,NA,NA,NA,NA
299,10,SROAK,21,Fagaceae,Quercus,oleoides,no,11.8,NA,NA,NA,NA,NA,NA,NA
300,10,SROAK,22,Verbenaceae,Rehdera,trinervis,no,12.5,NA,NA,NA,NA,NA,NA,NA
301,10,SROAK,23,Dilleniaceae,Curatella,americana,no,13.3,NA,NA,NA,NA,NA,NA,NA
302,10,SROAK,24,Fagaceae,Quercus,oleoides,yes,17.1,18.8,28.9,NA,NA,NA,NA,NA
303,10,SROAK,25,Fagaceae,Quercus,oleoides,no,13.3,NA,NA,NA,NA,NA,NA,NA
304,10,SROAK,26,Fagaceae,Quercus,oleoides,yes,29,32.5,NA,NA,NA,NA,NA,NA
305,10,SROAK,27,Fagaceae,Quercus,oleoides,no,36.9,NA,NA,NA,NA,NA,NA,NA
306,10,SROAK,28,Verbenaceae,Rehdera,trinervis,no,10.4,NA,NA,NA,NA,NA,NA,NA
307,10,SROAK,29,Fagaceae,Quercus,oleoides,no,26.8,NA,NA,NA,NA,NA,NA,NA
308,10,SROAK,30,Bixacea,Cochlospermum,vitifolium,no,30.2,NA,NA,NA,NA,NA,NA,NA
309,10,SROAK,31,Fagaceae,Quercus,oleoides,no,37.4,NA,NA,NA,NA,NA,NA,NA
310,10,SROAK,32,Malvaceae,Luehea,speciosa,no,10.5,NA,NA,NA,NA,NA,NA,NA
311,10,SROAK,33,Fagaceae,Quercus,oleoides,no,18,NA,NA,NA,NA,NA,NA,NA
312,10,SROAK,34,Verbenaceae,Rehdera,trinervis,no,12.4,NA,NA,NA,NA,NA,NA,NA
313,10,SROAK,35,Fagaceae,Quercus,oleoides,yes,11.3,16,NA,NA,NA,NA,NA,NA
314,10,SROAK,36,Fagaceae,Quercus,oleoides,no,15.8,NA,NA,NA,NA,NA,NA,NA
315,10,SROAK,37,Fagaceae,Quercus,oleoides,yes,11.8,11.9,NA,NA,NA,NA,NA,NA
316,10,SROAK,38,Fagaceae,Quercus,oleoides,no,14,NA,NA,NA,NA,NA,NA,NA
317,10,SROAK,39,Fagaceae,Quercus,oleoides,yes,11.2,18.8,24,NA,NA,NA,NA,NA
318,10,SROAK,40,Malvaceae,Luehea,speciosa,no,11.5,NA,NA,NA,NA,NA,NA,NA
319,10,SROAK,41,Malvaceae,Luehea,speciosa,no,10.7,NA,NA,NA,NA,NA,NA,NA
320,10,SROAK,42,Malvaceae,Luehea,speciosa,no,12.7,NA,NA,NA,NA,NA,NA,NA
321,10,SROAK,43,Fagaceae,Quercus,oleoides,no,10.4,NA,NA,NA,NA,NA,NA,NA
322,11,SROAK,1,Malpighiaceae,Byrsonima,crassifolia,no,10,NA,NA,NA,NA,NA,NA,NA
323,11,SROAK,2,Verbenaceae,Rehdera,trinervis,no,12.5,NA,NA,NA,NA,NA,NA,NA
324,11,SROAK,3,Verbenaceae,Rehdera,trinervis,yes,10.2,10.8,13,NA,NA,NA,NA,NA
325,11,SROAK,4,Fagaceae,Quercus,oleoides,yes,22.5,24.2,24.7,NA,NA,NA,NA,NA
326,11,SROAK,5,Fagaceae,Quercus,oleoides,no,10.3,NA,NA,NA,NA,NA,NA,NA
327,11,SROAK,6,Fagaceae,Quercus,oleoides,yes,15,24.3,NA,NA,NA,NA,NA,NA
328,11,SROAK,7,Verbenaceae,Rehdera,trinervis,yes,10.5,19.3,NA,NA,NA,NA,NA,NA
329,11,SROAK,8,Fagaceae,Quercus,oleoides,no,26.7,NA,NA,NA,NA,NA,NA,NA
330,11,SROAK,9,Fagaceae,Quercus,oleoides,no,13.2,NA,NA,NA,NA,NA,NA,NA
331,11,SROAK,10,Verbenaceae,Rehdera,trinervis,no,10.7,NA,NA,NA,NA,NA,NA,NA
332,11,SROAK,11,Fagaceae,Quercus,oleoides,no,13.8,NA,NA,NA,NA,NA,NA,NA
333,11,SROAK,12,Fagaceae,Quercus,oleoides,no,14.6,NA,NA,NA,NA,NA,NA,NA
334,11,SROAK,13,Fagaceae,Quercus,oleoides,yes,12.2,15.6,NA,NA,NA,NA,NA,NA
335,11,SROAK,14,Verbenaceae,Rehdera,trinervis,no,18.3,NA,NA,NA,NA,NA,NA,NA
336,11,SROAK,15,Fagaceae,Quercus,oleoides,no,15,NA,NA,NA,NA,NA,NA,NA
337,11,SROAK,16,Fagaceae,Quercus,oleoides,yes,10,12.5,NA,NA,NA,NA,NA,NA
338,11,SROAK,17,Verbenaceae,Rehdera,trinervis,no,10,NA,NA,NA,NA,NA,NA,NA
339,11,SROAK,18,Fagaceae,Quercus,oleoides,no,10.3,NA,NA,NA,NA,NA,NA,NA
340,11,SROAK,19,Bixacea,Cochlospermum,vitifolium,no,16,NA,NA,NA,NA,NA,NA,NA
341,11,SROAK,20,Verbenaceae,Rehdera,trinervis,no,12.4,NA,NA,NA,NA,NA,NA,NA
342,11,SROAK,21,Fagaceae,Quercus,oleoides,yes,22.8,24.6,NA,NA,NA,NA,NA,NA
343,11,SROAK,22,Verbenaceae,Rehdera,trinervis,no,20.1,NA,NA,NA,NA,NA,NA,NA
344,11,SROAK,23,Verbenaceae,Rehdera,trinervis,yes,11.1,11.2,12.3,NA,NA,NA,NA,NA
345,11,SROAK,24,Fagaceae,Quercus,oleoides,yes,13.1,16.1,NA,NA,NA,NA,NA,NA
346,11,SROAK,25,Verbenaceae,Rehdera,trinervis,no,10.2,NA,NA,NA,NA,NA,NA,NA
347,11,SROAK,26,Verbenaceae,Rehdera,trinervis,no,10.9,NA,NA,NA,NA,NA,NA,NA
348,11,SROAK,27,Verbenaceae,Rehdera,trinervis,no,11.4,NA,NA,NA,NA,NA,NA,NA
349,11,SROAK,28,Verbenaceae,Rehdera,trinervis,no,12.8,NA,NA,NA,NA,NA,NA,NA
350,11,SROAK,29,Verbenaceae,Rehdera,trinervis,yes,12,12.8,17.3,18.5,NA,NA,NA,NA
351,11,SROAK,30,Malpighiaceae,Byrsonima,crassifolia,no,10,NA,NA,NA,NA,NA,NA,NA
352,11,SROAK,31,Verbenaceae,Rehdera,trinervis,yes,15.6,24.5,NA,NA,NA,NA,NA,NA
353,12,SROAK,1,Fagaceae,Quercus,oleoides,no,33.4,NA,NA,NA,NA,NA,NA,NA
354,12,SROAK,2,Dilleniaceae,Curatella,americana,no,12.5,NA,NA,NA,NA,NA,NA,NA
355,12,SROAK,3,Bixacea,Cochlospermum,vitifolium,no,10.5,NA,NA,NA,NA,NA,NA,NA
356,12,SROAK,4,Fagaceae,Quercus,oleoides,yes,19.5,27.5,NA,NA,NA,NA,NA,NA
357,12,SROAK,5,Malpighiaceae,Byrsonima,crassifolia,no,14,NA,NA,NA,NA,NA,NA,NA
358,12,SROAK,6,Fagaceae,Quercus,oleoides,no,29.5,NA,NA,NA,NA,NA,NA,NA
359,12,SROAK,7,Bixacea,Cochlospermum,vitifolium,no,23.4,NA,NA,NA,NA,NA,NA,NA
360,12,SROAK,8,Fagaceae,Quercus,oleoides,yes,12.7,15.3,15.5,16.9,NA,NA,NA,NA
361,12,SROAK,9,Fagaceae,Quercus,oleoides,yes,11.2,18.4,NA,NA,NA,NA,NA,NA
362,12,SROAK,10,Fagaceae,Quercus,oleoides,no,24.2,NA,NA,NA,NA,NA,NA,NA
363,12,SROAK,11,Fagaceae,Quercus,oleoides,yes,27.5,28.8,NA,NA,NA,NA,NA,NA
364,12,SROAK,12,Fagaceae,Quercus,oleoides,no,11.3,NA,NA,NA,NA,NA,NA,NA
365,12,SROAK,13,Fagaceae,Quercus,oleoides,no,19.4,NA,NA,NA,NA,NA,NA,NA
366,12,SROAK,14,Fagaceae,Quercus,oleoides,yes,12.4,14.5,20.6,NA,NA,NA,NA,NA
367,12,SROAK,15,Fagaceae,Quercus,oleoides,yes,12.7,16.1,NA,NA,NA,NA,NA,NA
368,12,SROAK,16,Fagaceae,Quercus,oleoides,no,27,NA,NA,NA,NA,NA,NA,NA
369,12,SROAK,17,Fagaceae,Quercus,oleoides,no,13.4,NA,NA,NA,NA,NA,NA,NA
370,12,SROAK,18,Fagaceae,Quercus,oleoides,yes,21,25.8,NA,NA,NA,NA,NA,NA
371,12,SROAK,19,Fagaceae,Quercus,oleoides,yes,12.8,18.9,34.7,NA,NA,NA,NA,NA
372,12,SROAK,20,Fagaceae,Quercus,oleoides,yes,12.9,31.2,NA,NA,NA,NA,NA,NA
373,12,SROAK,21,Fagaceae,Quercus,oleoides,yes,26.8,32,NA,NA,NA,NA,NA,NA
374,12,SROAK,22,Fagaceae,Quercus,oleoides,yes,10.7,16.6,18.1,NA,NA,NA,NA,NA
375,12,SROAK,23,Fagaceae,Quercus,oleoides,yes,11.5,21.2,21.3,NA,NA,NA,NA,NA
376,12,SROAK,24,Rubiaceae,Chomelia,spinosa,yes,11.5,18.3,NA,NA,NA,NA,NA,NA
377,12,SROAK,25,Fabaceae,Enterolobium,cyclocarpum,yes,30.6,65.1,NA,NA,NA,NA,NA,NA
378,12,SROAK,26,Fagaceae,Quercus,oleoides,no,23.8,NA,NA,NA,NA,NA,NA,NA
379,12,SROAK,27,Fagaceae,Quercus,oleoides,no,22.4,NA,NA,NA,NA,NA,NA,NA
380,12,SROAK,28,Fagaceae,Quercus,oleoides,no,12,NA,NA,NA,NA,NA,NA,NA
381,12,SROAK,29,Fagaceae,Quercus,oleoides,no,35.7,NA,NA,NA,NA,NA,NA,NA
382,13,SROAK,1,Fagaceae,Quercus,oleoides,no,14.5,NA,NA,NA,NA,NA,NA,NA
383,13,SROAK,2,Fagaceae,Quercus,oleoides,no,10.5,NA,NA,NA,NA,NA,NA,NA
384,13,SROAK,3,Fagaceae,Quercus,oleoides,no,12.7,NA,NA,NA,NA,NA,NA,NA
385,13,SROAK,4,Fagaceae,Quercus,oleoides,no,15.5,NA,NA,NA,NA,NA,NA,NA
386,13,SROAK,5,Fagaceae,Quercus,oleoides,no,17.4,NA,NA,NA,NA,NA,NA,NA
387,13,SROAK,6,Fagaceae,Quercus,oleoides,no,14.8,NA,NA,NA,NA,NA,NA,NA
388,13,SROAK,7,Fagaceae,Quercus,oleoides,no,15.3,NA,NA,NA,NA,NA,NA,NA
389,13,SROAK,8,Fagaceae,Quercus,oleoides,no,15,NA,NA,NA,NA,NA,NA,NA
390,13,SROAK,9,Fagaceae,Quercus,oleoides,no,17.5,NA,NA,NA,NA,NA,NA,NA
391,13,SROAK,10,Fagaceae,Quercus,oleoides,no,18.5,NA,NA,NA,NA,NA,NA,NA
392,13,SROAK,11,Fagaceae,Quercus,oleoides,no,12.1,NA,NA,NA,NA,NA,NA,NA
393,13,SROAK,12,Fabaceae,Enterolobium,cyclocarpum,no,12.5,NA,NA,NA,NA,NA,NA,NA
394,13,SROAK,13,Fagaceae,Quercus,oleoides,no,13,NA,NA,NA,NA,NA,NA,NA
395,13,SROAK,14,Fagaceae,Quercus,oleoides,no,14.8,NA,NA,NA,NA,NA,NA,NA
396,13,SROAK,15,Fagaceae,Quercus,oleoides,no,10.1,NA,NA,NA,NA,NA,NA,NA
397,13,SROAK,16,Fagaceae,Quercus,oleoides,no,10.6,NA,NA,NA,NA,NA,NA,NA
398,13,SROAK,17,Fagaceae,Quercus,oleoides,no,15.2,NA,NA,NA,NA,NA,NA,NA
399,13,SROAK,18,Fagaceae,Quercus,oleoides,no,16.3,NA,NA,NA,NA,NA,NA,NA
400,13,SROAK,19,Fagaceae,Quercus,oleoides,no,14.1,NA,NA,NA,NA,NA,NA,NA
401,13,SROAK,20,Fagaceae,Quercus,oleoides,no,11.4,NA,NA,NA,NA,NA,NA,NA
402,13,SROAK,21,Fagaceae,Quercus,oleoides,no,22.4,NA,NA,NA,NA,NA,NA,NA
403,13,SROAK,22,Fagaceae,Quercus,oleoides,yes,10.4,11.3,23.3,NA,NA,NA,NA,NA
404,13,SROAK,23,Fagaceae,Quercus,oleoides,no,15.5,NA,NA,NA,NA,NA,NA,NA
405,13,SROAK,24,Fagaceae,Quercus,oleoides,no,11.5,NA,NA,NA,NA,NA,NA,NA
406,13,SROAK,25,Fagaceae,Quercus,oleoides,no,12.7,NA,NA,NA,NA,NA,NA,NA
407,13,SROAK,26,Malpighiaceae,Byrsonima,crassifolia,yes,13,14,NA,NA,NA,NA,NA,NA
408,13,SROAK,27,Fagaceae,Quercus,oleoides,no,22.4,NA,NA,NA,NA,NA,NA,NA
409,13,SROAK,28,Fagaceae,Quercus,oleoides,no,12.5,NA,NA,NA,NA,NA,NA,NA
410,13,SROAK,29,Fagaceae,Quercus,oleoides,no,13.7,NA,NA,NA,NA,NA,NA,NA
411,13,SROAK,30,Fagaceae,Quercus,oleoides,no,16.9,NA,NA,NA,NA,NA,NA,NA
412,13,SROAK,31,Fagaceae,Quercus,oleoides,no,12.8,NA,NA,NA,NA,NA,NA,NA
413,13,SROAK,32,Fagaceae,Quercus,oleoides,no,12,NA,NA,NA,NA,NA,NA,NA
414,13,SROAK,33,Fagaceae,Quercus,oleoides,yes,12,13,NA,NA,NA,NA,NA,NA
415,13,SROAK,34,Fagaceae,Quercus,oleoides,no,12.5,NA,NA,NA,NA,NA,NA,NA
416,13,SROAK,35,Fagaceae,Quercus,oleoides,yes,19.3,20.8,NA,NA,NA,NA,NA,NA
417,13,SROAK,36,Fagaceae,Quercus,oleoides,yes,18,24,NA,NA,NA,NA,NA,NA
418,13,SROAK,37,Fagaceae,Quercus,oleoides,yes,13.8,14,NA,NA,NA,NA,NA,NA
419,13,SROAK,38,Fagaceae,Quercus,oleoides,no,14,NA,NA,NA,NA,NA,NA,NA
420,13,SROAK,39,Fagaceae,Quercus,oleoides,no,15.7,NA,NA,NA,NA,NA,NA,NA
421,13,SROAK,40,Fagaceae,Quercus,oleoides,no,18.5,NA,NA,NA,NA,NA,NA,NA
422,13,SROAK,41,Fagaceae,Quercus,oleoides,no,15.7,NA,NA,NA,NA,NA,NA,NA
423,13,SROAK,42,Fagaceae,Quercus,oleoides,no,12.1,NA,NA,NA,NA,NA,NA,NA
424,13,SROAK,43,Fagaceae,Quercus,oleoides,no,17.2,NA,NA,NA,NA,NA,NA,NA
425,13,SROAK,44,Fagaceae,Quercus,oleoides,no,10.9,NA,NA,NA,NA,NA,NA,NA
426,13,SROAK,45,Fagaceae,Quercus,oleoides,yes,11.9,18.9,NA,NA,NA,NA,NA,NA
427,13,SROAK,46,Fagaceae,Quercus,oleoides,no,15.5,NA,NA,NA,NA,NA,NA,NA
428,13,SROAK,47,Fagaceae,Quercus,oleoides,no,11.5,NA,NA,NA,NA,NA,NA,NA
429,13,SROAK,48,Fagaceae,Quercus,oleoides,no,13.9,NA,NA,NA,NA,NA,NA,NA
430,13,SROAK,49,Fagaceae,Quercus,oleoides,no,10.3,NA,NA,NA,NA,NA,NA,NA
431,13,SROAK,50,Fagaceae,Quercus,oleoides,no,11.1,NA,NA,NA,NA,NA,NA,NA
432,13,SROAK,51,Fagaceae,Quercus,oleoides,no,15.1,NA,NA,NA,NA,NA,NA,NA
433,13,SROAK,52,Fagaceae,Quercus,oleoides,no,11.1,NA,NA,NA,NA,NA,NA,NA
434,13,SROAK,53,Fagaceae,Quercus,oleoides,yes,17.9,18.8,NA,NA,NA,NA,NA,NA
435,13,SROAK,54,Fagaceae,Quercus,oleoides,no,15.1,NA,NA,NA,NA,NA,NA,NA
436,13,SROAK,55,Fagaceae,Quercus,oleoides,no,12.5,NA,NA,NA,NA,NA,NA,NA
437,13,SROAK,56,Fagaceae,Quercus,oleoides,no,11.5,NA,NA,NA,NA,NA,NA,NA
438,13,SROAK,57,Fagaceae,Quercus,oleoides,no,17.3,NA,NA,NA,NA,NA,NA,NA
439,13,SROAK,58,Fagaceae,Quercus,oleoides,no,11.2,NA,NA,NA,NA,NA,NA,NA
440,13,SROAK,59,Fagaceae,Quercus,oleoides,no,11.9,NA,NA,NA,NA,NA,NA,NA
441,13,SROAK,60,Fagaceae,Quercus,oleoides,no,10.7,NA,NA,NA,NA,NA,NA,NA
442,13,SROAK,61,Fagaceae,Quercus,oleoides,no,13.3,NA,NA,NA,NA,NA,NA,NA
443,13,SROAK,62,Fagaceae,Quercus,oleoides,no,12.5,NA,NA,NA,NA,NA,NA,NA
444,13,SROAK,63,Fagaceae,Quercus,oleoides,no,10.5,NA,NA,NA,NA,NA,NA,NA
445,13,SROAK,64,Fagaceae,Quercus,oleoides,no,12.9,NA,NA,NA,NA,NA,NA,NA
446,13,SROAK,65,Fagaceae,Quercus,oleoides,no,16.3,NA,NA,NA,NA,NA,NA,NA
447,13,SROAK,66,Fagaceae,Quercus,oleoides,no,10.9,NA,NA,NA,NA,NA,NA,NA
448,13,SROAK,67,Fagaceae,Quercus,oleoides,no,16.9,NA,NA,NA,NA,NA,NA,NA
449,13,SROAK,68,Fagaceae,Quercus,oleoides,no,17.1,NA,NA,NA,NA,NA,NA,NA
450,13,SROAK,69,Fagaceae,Quercus,oleoides,no,15.6,NA,NA,NA,NA,NA,NA,NA
451,13,SROAK,70,Fagaceae,Quercus,oleoides,yes,11.8,13.7,15.8,NA,NA,NA,NA,NA
452,13,SROAK,71,Fagaceae,Quercus,oleoides,no,10.6,NA,NA,NA,NA,NA,NA,NA
453,13,SROAK,72,Fagaceae,Quercus,oleoides,no,16.3,NA,NA,NA,NA,NA,NA,NA
454,13,SROAK,73,Fagaceae,Quercus,oleoides,yes,12.2,15,NA,NA,NA,NA,NA,NA
455,13,SROAK,74,Fagaceae,Quercus,oleoides,no,10.1,NA,NA,NA,NA,NA,NA,NA
456,14,SROAK,1,Bixacea,Cochlospermum,vitifolium,no,12.2,NA,NA,NA,NA,NA,NA,NA
457,14,SROAK,2,Verbenaceae,Rehdera,trinervis,no,10.4,NA,NA,NA,NA,NA,NA,NA
458,14,SROAK,3,Verbenaceae,Rehdera,trinervis,no,11.5,NA,NA,NA,NA,NA,NA,NA
459,14,SROAK,4,Fabaceae,Gliricidia,sepium,no,10.5,NA,NA,NA,NA,NA,NA,NA
460,14,SROAK,5,Fabaceae,Gliricidia,sepium,no,12.5,NA,NA,NA,NA,NA,NA,NA
461,14,SROAK,6,Verbenaceae,Rehdera,trinervis,no,13,NA,NA,NA,NA,NA,NA,NA
462,14,SROAK,7,Verbenaceae,Rehdera,trinervis,yes,15.5,16,NA,NA,NA,NA,NA,NA
463,14,SROAK,8,Verbenaceae,Rehdera,trinervis,no,12.8,NA,NA,NA,NA,NA,NA,NA
464,14,SROAK,9,Verbenaceae,Rehdera,trinervis,no,11.1,NA,NA,NA,NA,NA,NA,NA
465,14,SROAK,10,Verbenaceae,Rehdera,trinervis,no,10.5,NA,NA,NA,NA,NA,NA,NA
466,14,SROAK,11,Bixacea,Cochlospermum,vitifolium,no,15.8,NA,NA,NA,NA,NA,NA,NA
467,14,SROAK,12,Verbenaceae,Rehdera,trinervis,no,11.4,NA,NA,NA,NA,NA,NA,NA
468,14,SROAK,13,Verbenaceae,Rehdera,trinervis,no,14.4,NA,NA,NA,NA,NA,NA,NA
469,14,SROAK,14,Bixacea,Cochlospermum,vitifolium,no,10.1,NA,NA,NA,NA,NA,NA,NA
470,14,SROAK,15,Verbenaceae,Rehdera,trinervis,no,15.5,NA,NA,NA,NA,NA,NA,NA
471,14,SROAK,16,Verbenaceae,Rehdera,trinervis,no,11.2,NA,NA,NA,NA,NA,NA,NA
472,14,SROAK,17,Verbenaceae,Rehdera,trinervis,no,10,NA,NA,NA,NA,NA,NA,NA
473,14,SROAK,18,Verbenaceae,Rehdera,trinervis,no,10.6,NA,NA,NA,NA,NA,NA,NA
474,14,SROAK,19,Bixacea,Cochlospermum,vitifolium,no,28.5,NA,NA,NA,NA,NA,NA,NA
475,14,SROAK,20,Fagaceae,Quercus,oleoides,yes,16.2,20.5,NA,NA,NA,NA,NA,NA
476,14,SROAK,21,Verbenaceae,Rehdera,trinervis,no,12.5,NA,NA,NA,NA,NA,NA,NA
477,14,SROAK,22,Fagaceae,Quercus,oleoides,no,26,NA,NA,NA,NA,NA,NA,NA
478,14,SROAK,23,Fagaceae,Quercus,oleoides,no,20.5,NA,NA,NA,NA,NA,NA,NA
479,14,SROAK,24,Verbenaceae,Rehdera,trinervis,no,15.7,NA,NA,NA,NA,NA,NA,NA
480,14,SROAK,25,Verbenaceae,Rehdera,trinervis,yes,11,11.8,13,NA,NA,NA,NA,NA
481,14,SROAK,26,Verbenaceae,Rehdera,trinervis,no,12.7,NA,NA,NA,NA,NA,NA,NA
482,14,SROAK,27,Verbenaceae,Rehdera,trinervis,no,13,NA,NA,NA,NA,NA,NA,NA
483,14,SROAK,28,Bixacea,Cochlospermum,vitifolium,no,17,NA,NA,NA,NA,NA,NA,NA
484,15,SROAK,1,Bixacea,Cochlospermum,vitifolium,no,15.5,NA,NA,NA,NA,NA,NA,NA
485,15,SROAK,2,Bixacea,Cochlospermum,vitifolium,no,17.8,NA,NA,NA,NA,NA,NA,NA
486,15,SROAK,3,Fabaceae,Lonchocarpus,rugosus,no,14.7,NA,NA,NA,NA,NA,NA,NA
487,15,SROAK,4,Fagaceae,Quercus,oleoides,no,40,NA,NA,NA,NA,NA,NA,NA
488,15,SROAK,5,Fagaceae,Quercus,oleoides,yes,18.2,41,NA,NA,NA,NA,NA,NA
489,15,SROAK,6,Malvaceae,Luehea,speciosa,no,21.5,NA,NA,NA,NA,NA,NA,NA
490,15,SROAK,7,Bixacea,Cochlospermum,vitifolium,no,25.5,NA,NA,NA,NA,NA,NA,NA
491,15,SROAK,8,Bixacea,Cochlospermum,vitifolium,no,18.8,NA,NA,NA,NA,NA,NA,NA
492,15,SROAK,9,Bixacea,Cochlospermum,vitifolium,no,16.5,NA,NA,NA,NA,NA,NA,NA
493,15,SROAK,10,Bixacea,Cochlospermum,vitifolium,no,17.9,NA,NA,NA,NA,NA,NA,NA
494,15,SROAK,11,Bixacea,Cochlospermum,vitifolium,no,10.9,NA,NA,NA,NA,NA,NA,NA
495,15,SROAK,12,Verbenaceae,Rehdera,trinervis,no,14.3,NA,NA,NA,NA,NA,NA,NA
496,15,SROAK,13,Bixacea,Cochlospermum,vitifolium,yes,13.6,16.4,NA,NA,NA,NA,NA,NA
497,15,SROAK,14,Verbenaceae,Rehdera,trinervis,no,14.4,NA,NA,NA,NA,NA,NA,NA
498,15,SROAK,15,Bixacea,Cochlospermum,vitifolium,yes,17.5,19.8,NA,NA,NA,NA,NA,NA
499,15,SROAK,16,Boraginaceae,Cordia,alliodora,no,21.9,NA,NA,NA,NA,NA,NA,NA
500,15,SROAK,17,Bixacea,Cochlospermum,vitifolium,no,10.3,NA,NA,NA,NA,NA,NA,NA
501,15,SROAK,18,Bixacea,Cochlospermum,vitifolium,no,26.9,NA,NA,NA,NA,NA,NA,NA
502,15,SROAK,19,Bixacea,Cochlospermum,vitifolium,no,17.9,NA,NA,NA,NA,NA,NA,NA
503,15,SROAK,20,Bixacea,Cochlospermum,vitifolium,no,14.8,NA,NA,NA,NA,NA,NA,NA
504,15,SROAK,21,Bixacea,Cochlospermum,vitifolium,no,15.5,NA,NA,NA,NA,NA,NA,NA
505,15,SROAK,22,Bixacea,Cochlospermum,vitifolium,no,10.3,NA,NA,NA,NA,NA,NA,NA
506,15,SROAK,23,Verbenaceae,Rehdera,trinervis,no,13.5,NA,NA,NA,NA,NA,NA,NA
507,15,SROAK,24,Fagaceae,Quercus,oleoides,no,50.2,NA,NA,NA,NA,NA,NA,NA
508,15,SROAK,25,Malvaceae,Luehea,speciosa,no,18,NA,NA,NA,NA,NA,NA,NA
509,15,SROAK,26,Myrsinaceae,Ardisia,revoluta,no,17,NA,NA,NA,NA,NA,NA,NA
510,15,SROAK,27,Myrtaceae,Eugenia,monticola,no,21,NA,NA,NA,NA,NA,NA,NA
511,15,SROAK,28,Rubiaceae,Chomelia,spinosa,yes,11,16,NA,NA,NA,NA,NA,NA
512,15,SROAK,29,Rubiaceae,Guettarda,macrosperma,no,10.5,NA,NA,NA,NA,NA,NA,NA
513,15,SROAK,30,Salicaceae,Zuelania,guidonia,no,34,NA,NA,NA,NA,NA,NA,NA
514,15,SROAK,31,Verbenaceae,Rehdera,trinervis,no,11.7,NA,NA,NA,NA,NA,NA,NA
515,15,SROAK,32,Bixacea,Cochlospermum,vitifolium,no,12,NA,NA,NA,NA,NA,NA,NA
516,15,SROAK,33,Fabaceae,Gliricidia,sepium,yes,12,14.6,NA,NA,NA,NA,NA,NA
517,15,SROAK,34,Verbenaceae,Rehdera,trinervis,no,15.8,NA,NA,NA,NA,NA,NA,NA
518,15,SROAK,35,Ebenaceae,Diospyros,nicaraguensis,no,36.9,NA,NA,NA,NA,NA,NA,NA
519,15,SROAK,36,Fabaceae,Gliricidia,sepium,no,10.2,NA,NA,NA,NA,NA,NA,NA
520,15,SROAK,37,Verbenaceae,Rehdera,trinervis,no,19.1,NA,NA,NA,NA,NA,NA,NA
521,15,SROAK,38,Fabaceae,Lonchocarpus,rugosus,no,15.4,NA,NA,NA,NA,NA,NA,NA
522,15,SROAK,39,Bixacea,Cochlospermum,vitifolium,no,13.7,NA,NA,NA,NA,NA,NA,NA
523,15,SROAK,40,Fagaceae,Quercus,oleoides,yes,49.8,60.3,NA,NA,NA,NA,NA,NA
524,15,SROAK,41,Fabaceae,Machaerium,biovulatum,no,12.5,NA,NA,NA,NA,NA,NA,NA
525,15,SROAK,42,Malvaceae,Luehea,speciosa,no,15.2,NA,NA,NA,NA,NA,NA,NA
526,15,SROAK,43,Bixacea,Cochlospermum,vitifolium,no,10,NA,NA,NA,NA,NA,NA,NA
527,15,SROAK,44,Bixacea,Cochlospermum,vitifolium,no,13.1,NA,NA,NA,NA,NA,NA,NA
528,15,SROAK,45,Verbenaceae,Rehdera,trinervis,no,11.6,NA,NA,NA,NA,NA,NA,NA
529,15,SROAK,46,Bixacea,Cochlospermum,vitifolium,no,10.5,NA,NA,NA,NA,NA,NA,NA
530,15,SROAK,47,Malvaceae,Luehea,speciosa,no,16.2,NA,NA,NA,NA,NA,NA,NA
531,15,SROAK,48,Bixacea,Cochlospermum,vitifolium,no,16.1,NA,NA,NA,NA,NA,NA,NA
532,15,SROAK,49,Malvaceae,Luehea,speciosa,no,14.4,NA,NA,NA,NA,NA,NA,NA
533,15,SROAK,50,Boraginaceae,Cordia,alliodora,no,13.9,NA,NA,NA,NA,NA,NA,NA
534,15,SROAK,51,Verbenaceae,Rehdera,trinervis,no,12.2,NA,NA,NA,NA,NA,NA,NA
535,15,SROAK,52,Verbenaceae,Rehdera,trinervis,no,20.5,NA,NA,NA,NA,NA,NA,NA
536,15,SROAK,53,Verbenaceae,Rehdera,trinervis,no,13.9,NA,NA,NA,NA,NA,NA,NA
537,15,SROAK,54,Bixacea,Cochlospermum,vitifolium,no,18.4,NA,NA,NA,NA,NA,NA,NA
538,15,SROAK,55,Bixacea,Cochlospermum,vitifolium,yes,15.2,15.3,NA,NA,NA,NA,NA,NA
539,15,SROAK,56,Bixacea,Cochlospermum,vitifolium,no,13.3,NA,NA,NA,NA,NA,NA,NA
540,15,SROAK,57,Fagaceae,Quercus,oleoides,no,48,NA,NA,NA,NA,NA,NA,NA
541,15,SROAK,58,Bixacea,Cochlospermum,vitifolium,no,11.4,NA,NA,NA,NA,NA,NA,NA
542,15,SROAK,59,Fagaceae,Quercus,oleoides,no,43.2,NA,NA,NA,NA,NA,NA,NA
543,16,SROAK,1,Bixacea,Cochlospermum,vitifolium,no,12.5,NA,NA,NA,NA,NA,NA,NA
544,16,SROAK,2,Verbenaceae,Rehdera,trinervis,no,13.5,NA,NA,NA,NA,NA,NA,NA
545,16,SROAK,3,Verbenaceae,Rehdera,trinervis,yes,13,16.5,NA,NA,NA,NA,NA,NA
546,16,SROAK,4,Bixacea,Cochlospermum,vitifolium,no,21,NA,NA,NA,NA,NA,NA,NA
547,16,SROAK,5,Verbenaceae,Rehdera,trinervis,no,13.5,NA,NA,NA,NA,NA,NA,NA
548,16,SROAK,6,Verbenaceae,Rehdera,trinervis,no,12.3,NA,NA,NA,NA,NA,NA,NA
549,16,SROAK,7,Verbenaceae,Rehdera,trinervis,yes,12.5,16.9,NA,NA,NA,NA,NA,NA
550,16,SROAK,8,Verbenaceae,Rehdera,trinervis,no,29.7,NA,NA,NA,NA,NA,NA,NA
551,16,SROAK,9,Verbenaceae,Rehdera,trinervis,no,11.1,NA,NA,NA,NA,NA,NA,NA
552,16,SROAK,10,Verbenaceae,Rehdera,trinervis,no,11,NA,NA,NA,NA,NA,NA,NA
553,16,SROAK,11,Verbenaceae,Rehdera,trinervis,no,21.1,NA,NA,NA,NA,NA,NA,NA
554,16,SROAK,12,Fabaceae,Dalbergia,retusa,yes,10.9,11.1,NA,NA,NA,NA,NA,NA
555,17,SRTDF,1,Rubiaceae,Exostema,mexicanum,no,18.2,NA,NA,NA,NA,NA,NA,NA
556,17,SRTDF,2,Fabaceae,Hymenaea,courbaril,no,68.4,NA,NA,NA,NA,NA,NA,NA
557,17,SRTDF,3,Moraceae,Castilla,elastica,no,16,NA,NA,NA,NA,NA,NA,NA
558,17,SRTDF,4,Rubiaceae,Exostema,mexicanum,no,10.5,NA,NA,NA,NA,NA,NA,NA
559,17,SRTDF,5,Sapotaceae,Manilkara,chicle,no,10.3,NA,NA,NA,NA,NA,NA,NA
560,17,SRTDF,6,Sapindaceae,Cupania,guatemalensis,no,10,NA,NA,NA,NA,NA,NA,NA
561,17,SRTDF,7,Meliaceae,Cedrela,odorata,no,50.4,NA,NA,NA,NA,NA,NA,NA
562,17,SRTDF,8,Meliaceae,Cedrela,odorata,no,22.9,NA,NA,NA,NA,NA,NA,NA
563,17,SRTDF,9,Elaeocarpaceae,Sloanea,terniflora,no,14.7,NA,NA,NA,NA,NA,NA,NA
564,17,SRTDF,10,Sapindaceae,Dilodendron,costaricense,no,26.4,NA,NA,NA,NA,NA,NA,NA
565,17,SRTDF,11,Elaeocarpaceae,Sloanea,terniflora,no,13.4,NA,NA,NA,NA,NA,NA,NA
566,17,SRTDF,12,Salicaceae,Zuelania,guidonia,no,33.5,NA,NA,NA,NA,NA,NA,NA
567,17,SRTDF,13,Salicaceae,Zuelania,guidonia,no,13.7,NA,NA,NA,NA,NA,NA,NA
568,17,SRTDF,14,Bignoniaceae,Tabebuia,rosea,no,22.2,NA,NA,NA,NA,NA,NA,NA
569,17,SRTDF,15,Sapotaceae,Chrysophyllum,brenesii,no,29.5,NA,NA,NA,NA,NA,NA,NA
570,17,SRTDF,16,Polygonaceae,Coccoloba,guanacastensis,no,20.6,NA,NA,NA,NA,NA,NA,NA
571,17,SRTDF,17,Malvaceae,Luehea,speciosa,no,16.4,NA,NA,NA,NA,NA,NA,NA
572,17,SRTDF,18,Malvaceae,Luehea,speciosa,no,13.3,NA,NA,NA,NA,NA,NA,NA
573,17,SRTDF,19,Sapotaceae,Chrysophyllum,brenesii,no,31.2,NA,NA,NA,NA,NA,NA,NA
574,17,SRTDF,20,Rubiaceae,Exostema,mexicanum,no,15,NA,NA,NA,NA,NA,NA,NA
575,17,SRTDF,21,Malvaceae,Luehea,speciosa,no,17.3,NA,NA,NA,NA,NA,NA,NA
576,17,SRTDF,22,Rubiaceae,Exostema,mexicanum,no,14.6,NA,NA,NA,NA,NA,NA,NA
577,17,SRTDF,23,Fabaceae,Hymenaea,courbaril,no,33.8,NA,NA,NA,NA,NA,NA,NA
578,17,SRTDF,24,Annonaceae,Annona,purpurea,no,13.5,NA,NA,NA,NA,NA,NA,NA
579,17,SRTDF,25,Picramniaceae,Picramnia,latifolia,no,17.1,NA,NA,NA,NA,NA,NA,NA
580,17,SRTDF,26,Melastomataceae,Mouriri,myrtilloides,no,11.5,NA,NA,NA,NA,NA,NA,NA
581,17,SRTDF,27,Fabaceae,Hymenaea,courbaril,no,26.1,NA,NA,NA,NA,NA,NA,NA
582,17,SRTDF,28,Sapindaceae,Cupania,guatemalensis,no,17,NA,NA,NA,NA,NA,NA,NA
583,17,SRTDF,29,Annonaceae,Annona,reticulata,no,11.6,NA,NA,NA,NA,NA,NA,NA
584,17,SRTDF,30,Picramniaceae,Picramnia,latifolia,no,10.2,NA,NA,NA,NA,NA,NA,NA
585,17,SRTDF,31,Salicaceae,Zuelania,guidonia,no,23.2,NA,NA,NA,NA,NA,NA,NA
586,17,SRTDF,32,Turneraceae,Erblichia,odorata,no,35.3,NA,NA,NA,NA,NA,NA,NA
587,17,SRTDF,33,Turneraceae,Erblichia,odorata,no,56.4,NA,NA,NA,NA,NA,NA,NA
588,17,SRTDF,34,Salicaceae,Zuelania,guidonia,no,39.8,NA,NA,NA,NA,NA,NA,NA
589,17,SRTDF,35,Rubiaceae,Exostema,mexicanum,no,12.8,NA,NA,NA,NA,NA,NA,NA
590,17,SRTDF,36,Rubiaceae,Exostema,mexicanum,no,14.4,NA,NA,NA,NA,NA,NA,NA
591,17,SRTDF,37,Annonaceae,Desmopsis,bibracteata,no,11.2,NA,NA,NA,NA,NA,NA,NA
592,17,SRTDF,38,Lauraceae,Ocotea,veraguensis,no,10.4,NA,NA,NA,NA,NA,NA,NA
593,17,SRTDF,39,Melastomataceae,Mouriri,myrtilloides,no,11.1,NA,NA,NA,NA,NA,NA,NA
594,18,SRTDF,1,Burseraceae,Bursera,simaruba,no,32.5,NA,NA,NA,NA,NA,NA,NA
595,18,SRTDF,2,Sapindaceae,Allophylus,occidentalis,no,10.5,NA,NA,NA,NA,NA,NA,NA
596,18,SRTDF,3,Sapindaceae,Thouinidium,decandrum,no,10.1,NA,NA,NA,NA,NA,NA,NA
597,18,SRTDF,4,Verbenaceae,Rehdera,trinervis,no,64.9,NA,NA,NA,NA,NA,NA,NA
598,18,SRTDF,5,Fabaceae,Gliricidia,sepium,no,46.3,NA,NA,NA,NA,NA,NA,NA
599,18,SRTDF,6,Fabaceae,Gliricidia,sepium,yes,18.1,22.6,25,NA,NA,NA,NA,NA
600,18,SRTDF,7,Fabaceae,Lonchocarpus,costaricensis,no,17.1,NA,NA,NA,NA,NA,NA,NA
601,18,SRTDF,8,Bixacea,Cochlospermum,vitifolium,no,25.2,NA,NA,NA,NA,NA,NA,NA
602,18,SRTDF,9,Malvaceae,Guazuma,ulmifolia,no,16.8,NA,NA,NA,NA,NA,NA,NA
603,18,SRTDF,10,Malvaceae,Guazuma,ulmifolia,no,14.9,NA,NA,NA,NA,NA,NA,NA
604,18,SRTDF,11,Sapindaceae,Thouinidium,decandrum,no,26.5,NA,NA,NA,NA,NA,NA,NA
605,18,SRTDF,12,Fabaceae,Lonchocarpus,costaricensis,no,21.1,NA,NA,NA,NA,NA,NA,NA
606,18,SRTDF,13,Verbenaceae,Rehdera,trinervis,no,50,NA,NA,NA,NA,NA,NA,NA
607,18,SRTDF,14,Fabaceae,Gliricidia,sepium,no,12.2,NA,NA,NA,NA,NA,NA,NA
608,18,SRTDF,15,Apocynaceae,Stemmadenia,obovata,no,10.1,NA,NA,NA,NA,NA,NA,NA
609,18,SRTDF,16,Fabaceae,Machaerium,biovulatum,no,11.1,NA,NA,NA,NA,NA,NA,NA
610,18,SRTDF,17,Bignoniaceae,Tabebuia,impetiginosa,no,20.6,NA,NA,NA,NA,NA,NA,NA
611,18,SRTDF,18,Bignoniaceae,Tabebuia,ochracea,no,13.2,NA,NA,NA,NA,NA,NA,NA
612,18,SRTDF,19,Malvaceae,Luehea,speciosa,yes,17.1,18.3,NA,NA,NA,NA,NA,NA
613,18,SRTDF,20,Rubiaceae,Coutarea,hexandra,no,10,NA,NA,NA,NA,NA,NA,NA
614,18,SRTDF,21,Bixacea,Cochlospermum,vitifolium,no,23.1,NA,NA,NA,NA,NA,NA,NA
615,18,SRTDF,22,Fabaceae,Gliricidia,sepium,no,14.2,NA,NA,NA,NA,NA,NA,NA
616,18,SRTDF,23,Verbenaceae,Rehdera,trinervis,no,12.4,NA,NA,NA,NA,NA,NA,NA
617,18,SRTDF,24,Fabaceae,Lonchocarpus,parviflorus,no,36.5,NA,NA,NA,NA,NA,NA,NA
618,18,SRTDF,25,Fabaceae,Gliricidia,sepium,yes,11.1,11.3,25.8,NA,NA,NA,NA,NA
619,18,SRTDF,26,Fabaceae,Gliricidia,sepium,no,15.7,NA,NA,NA,NA,NA,NA,NA
620,18,SRTDF,27,Sapindaceae,Allophylus,occidentalis,no,13.2,NA,NA,NA,NA,NA,NA,NA
621,18,SRTDF,28,Malvaceae,Guazuma,ulmifolia,no,40.6,NA,NA,NA,NA,NA,NA,NA
622,18,SRTDF,29,Fabaceae,Gliricidia,sepium,yes,14.2,24,NA,NA,NA,NA,NA,NA
623,18,SRTDF,30,Fabaceae,Lonchocarpus,costaricensis,no,14.3,NA,NA,NA,NA,NA,NA,NA
624,18,SRTDF,31,Malvaceae,Guazuma,ulmifolia,no,30.2,NA,NA,NA,NA,NA,NA,NA
625,18,SRTDF,32,Malvaceae,Guazuma,ulmifolia,no,12.5,NA,NA,NA,NA,NA,NA,NA
626,18,SRTDF,33,Fabaceae,Lonchocarpus,costaricensis,no,14.5,NA,NA,NA,NA,NA,NA,NA
627,18,SRTDF,34,Fabaceae,Lonchocarpus,minimiflorus,no,15.5,NA,NA,NA,NA,NA,NA,NA
628,18,SRTDF,35,Fabaceae,Gliricidia,sepium,no,42.3,NA,NA,NA,NA,NA,NA,NA
629,18,SRTDF,36,Fabaceae,Lonchocarpus,felipei,no,13.2,NA,NA,NA,NA,NA,NA,NA
630,18,SRTDF,37,Fabaceae,Chloroleucon,mangense,no,17,NA,NA,NA,NA,NA,NA,NA
631,18,SRTDF,38,Fabaceae,Lonchocarpus,minimiflorus,no,14.8,NA,NA,NA,NA,NA,NA,NA
632,18,SRTDF,39,Fabaceae,Lonchocarpus,minimiflorus,no,10.2,NA,NA,NA,NA,NA,NA,NA
633,18,SRTDF,40,Bignoniaceae,Tabebuia,ochracea,no,16.2,NA,NA,NA,NA,NA,NA,NA
634,18,SRTDF,41,Boraginaceae,Cordia,alliodora,no,27.8,NA,NA,NA,NA,NA,NA,NA
635,19,SRTDF,1,Moraceae,Maclura,tinctoria,no,12,NA,NA,NA,NA,NA,NA,NA
636,19,SRTDF,2,Moraceae,Maclura,tinctoria,no,21.5,NA,NA,NA,NA,NA,NA,NA
637,19,SRTDF,3,Malvaceae,Guazuma,ulmifolia,no,13.5,NA,NA,NA,NA,NA,NA,NA
638,19,SRTDF,4,Sapindaceae,Thouinidium,decandrum,no,14,NA,NA,NA,NA,NA,NA,NA
639,19,SRTDF,5,Meliaceae,Trichilia,martiana,no,19.9,NA,NA,NA,NA,NA,NA,NA
640,19,SRTDF,6,Malvaceae,Luehea,speciosa,no,20,NA,NA,NA,NA,NA,NA,NA
641,19,SRTDF,7,Burseraceae,Bursera,simaruba,no,37.2,NA,NA,NA,NA,NA,NA,NA
642,19,SRTDF,8,Fabaceae,Lonchocarpus,parviflorus,no,10.3,NA,NA,NA,NA,NA,NA,NA
643,19,SRTDF,9,Apocynaceae,Stemmadenia,obovata,no,15,NA,NA,NA,NA,NA,NA,NA
644,19,SRTDF,10,Annonaceae,Sapranthus,palanga,no,12.3,NA,NA,NA,NA,NA,NA,NA
645,19,SRTDF,11,Apocynaceae,Stemmadenia,obovata,no,18,NA,NA,NA,NA,NA,NA,NA
646,19,SRTDF,12,Malpighiaceae,Bunchosia,ocellata,no,12.3,NA,NA,NA,NA,NA,NA,NA
647,19,SRTDF,13,Rubiaceae,Calycophyllum,candidissimum,no,10,NA,NA,NA,NA,NA,NA,NA
648,19,SRTDF,14,Sapindaceae,Allophylus,occidentalis,no,17,NA,NA,NA,NA,NA,NA,NA
649,19,SRTDF,15,Moraceae,Maclura,tinctoria,no,41.9,NA,NA,NA,NA,NA,NA,NA
650,19,SRTDF,16,Rubiaceae,Calycophyllum,candidissimum,no,11,NA,NA,NA,NA,NA,NA,NA
651,19,SRTDF,17,Fabaceae,Lonchocarpus,minimiflorus,no,19,NA,NA,NA,NA,NA,NA,NA
652,19,SRTDF,18,Rubiaceae,Randia,thurberi,yes,10.8,11.2,NA,NA,NA,NA,NA,NA
653,19,SRTDF,19,Burseraceae,Bursera,simaruba,no,56,NA,NA,NA,NA,NA,NA,NA
654,19,SRTDF,20,Moraceae,Maclura,tinctoria,no,20.3,NA,NA,NA,NA,NA,NA,NA
655,19,SRTDF,21,Fabaceae,Caesalpinia,coriaria,no,19.2,NA,NA,NA,NA,NA,NA,NA
656,19,SRTDF,22,Bixacea,Cochlospermum,vitifolium,no,44,NA,NA,NA,NA,NA,NA,NA
657,19,SRTDF,23,Moraceae,Maclura,tinctoria,no,30,NA,NA,NA,NA,NA,NA,NA
658,19,SRTDF,24,Bixacea,Cochlospermum,vitifolium,no,32.5,NA,NA,NA,NA,NA,NA,NA
659,19,SRTDF,25,Malvaceae,Guazuma,ulmifolia,no,18.2,NA,NA,NA,NA,NA,NA,NA
660,19,SRTDF,26,Burseraceae,Bursera,simaruba,no,19.5,NA,NA,NA,NA,NA,NA,NA
661,19,SRTDF,27,Fabaceae,Lonchocarpus,minimiflorus,no,17.3,NA,NA,NA,NA,NA,NA,NA
662,19,SRTDF,28,Rubiaceae,Calycophyllum,candidissimum,no,75.7,NA,NA,NA,NA,NA,NA,NA
663,19,SRTDF,29,Sapotaceae,Sideroxylon,stenospermum,yes,29.6,57.1,NA,NA,NA,NA,NA,NA
664,19,SRTDF,30,Rubiaceae,Calycophyllum,candidissimum,no,13,NA,NA,NA,NA,NA,NA,NA
665,19,SRTDF,31,Boraginaceae,Cordia,alliodora,no,10.7,NA,NA,NA,NA,NA,NA,NA
666,19,SRTDF,32,Malpighiaceae,Bunchosia,ocellata,no,23.4,NA,NA,NA,NA,NA,NA,NA
667,19,SRTDF,33,Rubiaceae,Calycophyllum,candidissimum,yes,35.6,36.6,43,NA,NA,NA,NA,NA
668,19,SRTDF,34,Moraceae,Brosimum,alicastrum,no,41.2,NA,NA,NA,NA,NA,NA,NA
669,19,SRTDF,35,Apocynaceae,Stemmadenia,obovata,no,16.3,NA,NA,NA,NA,NA,NA,NA
670,19,SRTDF,36,Bignoniaceae,Tabebuia,ochracea,no,22.8,NA,NA,NA,NA,NA,NA,NA
671,19,SRTDF,37,Bignoniaceae,Tabebuia,ochracea,no,15.7,NA,NA,NA,NA,NA,NA,NA
672,20,SRTDF,1,Moraceae,Brosimum,alicastrum,no,73.8,NA,NA,NA,NA,NA,NA,NA
673,20,SRTDF,2,Lauraceae,Ocotea,veraguensis,no,10,NA,NA,NA,NA,NA,NA,NA
674,20,SRTDF,3,Bignoniaceae,Tabebuia,impetiginosa,no,16.5,NA,NA,NA,NA,NA,NA,NA
675,20,SRTDF,4,Euphorbiaceae,Hura,crepitans,no,62.1,NA,NA,NA,NA,NA,NA,NA
676,20,SRTDF,5,Combretaceae,Terminalia,catappa,no,43,NA,NA,NA,NA,NA,NA,NA
677,20,SRTDF,6,Meliaceae,Trichilia,glabra,no,14.3,NA,NA,NA,NA,NA,NA,NA
678,20,SRTDF,7,Meliaceae,Trichilia,glabra,no,13,NA,NA,NA,NA,NA,NA,NA
679,20,SRTDF,8,Moraceae,Brosimum,alicastrum,no,46.3,NA,NA,NA,NA,NA,NA,NA
680,20,SRTDF,9,Sapotaceae,Manilkara,chicle,no,43.4,NA,NA,NA,NA,NA,NA,NA
681,20,SRTDF,10,Bignoniaceae,Tabebuia,impetiginosa,no,11.3,NA,NA,NA,NA,NA,NA,NA
682,20,SRTDF,11,Chrysobalanaceae,Licania,arborea,no,12.5,NA,NA,NA,NA,NA,NA,NA
683,20,SRTDF,12,Meliaceae,Trichilia,glabra,yes,22,31.2,NA,NA,NA,NA,NA,NA
684,20,SRTDF,13,Fabaceae,Andira,inermis,no,42.9,NA,NA,NA,NA,NA,NA,NA
685,20,SRTDF,14,Moraceae,Brosimum,alicastrum,no,40.9,NA,NA,NA,NA,NA,NA,NA
686,20,SRTDF,15,Moraceae,Brosimum,alicastrum,no,62.8,NA,NA,NA,NA,NA,NA,NA
687,20,SRTDF,16,Meliaceae,Trichilia,glabra,no,17.6,NA,NA,NA,NA,NA,NA,NA
688,20,SRTDF,17,Anacardiaceae,Astronium,graveolens,no,24.8,NA,NA,NA,NA,NA,NA,NA
689,20,SRTDF,18,Anacardiaceae,Astronium,graveolens,no,29.2,NA,NA,NA,NA,NA,NA,NA
690,20,SRTDF,19,Meliaceae,Trichilia,martiana,no,10.1,NA,NA,NA,NA,NA,NA,NA
691,20,SRTDF,20,Moraceae,Brosimum,alicastrum,no,33.7,NA,NA,NA,NA,NA,NA,NA
692,20,SRTDF,21,Meliaceae,Trichilia,glabra,no,12.1,NA,NA,NA,NA,NA,NA,NA
693,20,SRTDF,22,Rubiaceae,Calycophyllum,candidissimum,no,98.5,NA,NA,NA,NA,NA,NA,NA
694,20,SRTDF,23,Moraceae,Brosimum,alicastrum,no,28.4,NA,NA,NA,NA,NA,NA,NA
695,20,SRTDF,24,Moraceae,Brosimum,alicastrum,no,95.5,NA,NA,NA,NA,NA,NA,NA
696,20,SRTDF,25,Meliaceae,Trichilia,glabra,no,16.4,NA,NA,NA,NA,NA,NA,NA
697,20,SRTDF,26,Euphorbiaceae,Hura,crepitans,no,83.1,NA,NA,NA,NA,NA,NA,NA
698,20,SRTDF,27,Meliaceae,Trichilia,glabra,yes,12.7,41.6,NA,NA,NA,NA,NA,NA
699,20,SRTDF,28,Moraceae,Brosimum,alicastrum,no,56.5,NA,NA,NA,NA,NA,NA,NA
700,20,SRTDF,29,Sapotaceae,Manilkara,chicle,no,62.6,NA,NA,NA,NA,NA,NA,NA
701,21,SRTDF,1,Burseraceae,Bursera,simaruba,no,15.3,NA,NA,NA,NA,NA,NA,NA
702,21,SRTDF,2,Fabaceae,Albizia,niopoides,no,23.1,NA,NA,NA,NA,NA,NA,NA
703,21,SRTDF,3,Fabaceae,Myrospermum,frutescens,no,11.8,NA,NA,NA,NA,NA,NA,NA
704,21,SRTDF,4,Apocynaceae,Stemmadenia,obovata,no,10.9,NA,NA,NA,NA,NA,NA,NA
705,21,SRTDF,5,Apocynaceae,Stemmadenia,obovata,no,10.6,NA,NA,NA,NA,NA,NA,NA
706,21,SRTDF,6,Fabaceae,Piscidia,carthagenensis,no,20.5,NA,NA,NA,NA,NA,NA,NA
707,21,SRTDF,7,Anacardiaceae,Spondias,mombin,no,31.2,NA,NA,NA,NA,NA,NA,NA
708,21,SRTDF,8,Anacardiaceae,Spondias,purpurea,no,18.2,NA,NA,NA,NA,NA,NA,NA
709,21,SRTDF,9,Bixacea,Cochlospermum,vitifolium,yes,14.7,26.3,NA,NA,NA,NA,NA,NA
710,21,SRTDF,10,Bixacea,Cochlospermum,vitifolium,no,28.9,NA,NA,NA,NA,NA,NA,NA
711,21,SRTDF,11,Anacardiaceae,Spondias,purpurea,no,22.8,NA,NA,NA,NA,NA,NA,NA
712,21,SRTDF,12,Bixacea,Cochlospermum,vitifolium,no,34.7,NA,NA,NA,NA,NA,NA,NA
713,21,SRTDF,13,Fabaceae,Lonchocarpus,minimiflorus,no,11,NA,NA,NA,NA,NA,NA,NA
714,21,SRTDF,14,Bixacea,Cochlospermum,vitifolium,yes,12,34.9,NA,NA,NA,NA,NA,NA
715,21,SRTDF,15,Fabaceae,Lonchocarpus,minimiflorus,no,16.8,NA,NA,NA,NA,NA,NA,NA
716,21,SRTDF,16,Araliaceae,Sciadodendron,excelsum,no,12.2,NA,NA,NA,NA,NA,NA,NA
717,21,SRTDF,17,Fabaceae,Lonchocarpus,minimiflorus,no,10.3,NA,NA,NA,NA,NA,NA,NA
718,21,SRTDF,18,Fabaceae,Albizia,niopoides,no,42.5,NA,NA,NA,NA,NA,NA,NA
719,21,SRTDF,19,Fabaceae,Myrospermum,frutescens,no,16.5,NA,NA,NA,NA,NA,NA,NA
720,21,SRTDF,20,Rubiaceae,Calycophyllum,candidissimum,yes,21.8,52.2,NA,NA,NA,NA,NA,NA
721,21,SRTDF,21,Fabaceae,Lonchocarpus,minimiflorus,no,16.1,NA,NA,NA,NA,NA,NA,NA
722,21,SRTDF,22,Meliaceae,Trichilia,trifolia,no,10.3,NA,NA,NA,NA,NA,NA,NA
723,21,SRTDF,23,Rhamnaceae,Ziziphus,guatemalensis,yes,17.7,29,55.4,NA,NA,NA,NA,NA
724,21,SRTDF,24,Rubiaceae,Calycophyllum,candidissimum,no,22,NA,NA,NA,NA,NA,NA,NA
725,21,SRTDF,25,Rubiaceae,Calycophyllum,candidissimum,no,11.3,NA,NA,NA,NA,NA,NA,NA
726,21,SRTDF,26,Malvaceae,Luehea,speciosa,yes,15,30.3,NA,NA,NA,NA,NA,NA
727,21,SRTDF,27,Fabaceae,Senna,atomaria,no,33.4,NA,NA,NA,NA,NA,NA,NA
728,21,SRTDF,28,Fabaceae,Lonchocarpus,minimiflorus,no,13.4,NA,NA,NA,NA,NA,NA,NA
729,21,SRTDF,29,Fabaceae,Lonchocarpus,minimiflorus,no,12.3,NA,NA,NA,NA,NA,NA,NA
730,21,SRTDF,30,Rubiaceae,Calycophyllum,candidissimum,yes,17.6,21.8,30.5,NA,NA,NA,NA,NA
731,21,SRTDF,31,Fabaceae,Myrospermum,frutescens,no,21.8,NA,NA,NA,NA,NA,NA,NA
732,21,SRTDF,32,Anacardiaceae,Spondias,purpurea,no,29.5,NA,NA,NA,NA,NA,NA,NA
733,21,SRTDF,33,Fabaceae,Lonchocarpus,minimiflorus,no,13.4,NA,NA,NA,NA,NA,NA,NA
734,21,SRTDF,34,Fabaceae,Lonchocarpus,minimiflorus,no,10.2,NA,NA,NA,NA,NA,NA,NA
735,22,SRTDF,1,Sapotaceae,Manilkara,chicle,no,12.5,NA,NA,NA,NA,NA,NA,NA
736,22,SRTDF,2,Meliaceae,Cedrela,odorata,no,47.1,NA,NA,NA,NA,NA,NA,NA
737,22,SRTDF,3,Sapotaceae,Manilkara,chicle,no,12.9,NA,NA,NA,NA,NA,NA,NA
738,22,SRTDF,4,Sapotaceae,Manilkara,chicle,no,13.5,NA,NA,NA,NA,NA,NA,NA
739,22,SRTDF,5,Annonaceae,Annona,reticulata,no,16,NA,NA,NA,NA,NA,NA,NA
740,22,SRTDF,6,Fabaceae,Albizia,adinocephala,no,60.3,NA,NA,NA,NA,NA,NA,NA
741,22,SRTDF,7,Sapotaceae,Manilkara,chicle,no,14.9,NA,NA,NA,NA,NA,NA,NA
742,22,SRTDF,8,Moraceae,Maclura,tinctoria,no,35.5,NA,NA,NA,NA,NA,NA,NA
743,22,SRTDF,9,Malvaceae,Luehea,speciosa,no,22.2,NA,NA,NA,NA,NA,NA,NA
744,22,SRTDF,10,Sapotaceae,Manilkara,chicle,no,10.7,NA,NA,NA,NA,NA,NA,NA
745,22,SRTDF,11,Rubiaceae,Exostema,caribaeum,no,16,NA,NA,NA,NA,NA,NA,NA
746,22,SRTDF,12,Salicaceae,Casearia,silvestris,no,11,NA,NA,NA,NA,NA,NA,NA
747,22,SRTDF,13,Rubiaceae,Guettarda,macrosperma,no,10.4,NA,NA,NA,NA,NA,NA,NA
748,22,SRTDF,14,Moraceae,Maclura,tinctoria,no,30.8,NA,NA,NA,NA,NA,NA,NA
749,22,SRTDF,15,Malvaceae,Luehea,speciosa,no,10.4,NA,NA,NA,NA,NA,NA,NA
750,22,SRTDF,16,Sapotaceae,Manilkara,chicle,no,19.5,NA,NA,NA,NA,NA,NA,NA
751,22,SRTDF,17,Boraginaceae,Cordia,alliodora,no,11.6,NA,NA,NA,NA,NA,NA,NA
752,22,SRTDF,18,Nyctaginaceae,Pisonia,aculeata,no,12.8,NA,NA,NA,NA,NA,NA,NA
753,22,SRTDF,19,Meliaceae,Cedrela,odorata,no,50.5,NA,NA,NA,NA,NA,NA,NA
754,22,SRTDF,20,Rubiaceae,Chomelia,spinosa,no,14.5,NA,NA,NA,NA,NA,NA,NA
755,22,SRTDF,21,Rubiaceae,Calycophyllum,candidissimum,no,23.8,NA,NA,NA,NA,NA,NA,NA
756,22,SRTDF,22,Malvaceae,Luehea,speciosa,no,12.1,NA,NA,NA,NA,NA,NA,NA
757,22,SRTDF,23,Rubiaceae,Chomelia,spinosa,no,10.9,NA,NA,NA,NA,NA,NA,NA
758,22,SRTDF,24,Malpighiaceae,Malpighia,glabra,no,10.4,NA,NA,NA,NA,NA,NA,NA
759,22,SRTDF,25,Boraginaceae,Cordia,alliodora,no,27.6,NA,NA,NA,NA,NA,NA,NA
760,22,SRTDF,26,Fabaceae,Enterolobium,cyclocarpum,no,79.9,NA,NA,NA,NA,NA,NA,NA
761,22,SRTDF,27,Rubiaceae,Guettarda,macrosperma,no,18.5,NA,NA,NA,NA,NA,NA,NA
762,22,SRTDF,28,Meliaceae,Cedrela,odorata,no,24.7,NA,NA,NA,NA,NA,NA,NA
763,22,SRTDF,29,Boraginaceae,Cordia,alliodora,no,44.6,NA,NA,NA,NA,NA,NA,NA
764,22,SRTDF,30,Malvaceae,Luehea,speciosa,no,21.4,NA,NA,NA,NA,NA,NA,NA
765,22,SRTDF,31,Malvaceae,Luehea,speciosa,no,12.4,NA,NA,NA,NA,NA,NA,NA
766,22,SRTDF,32,Sapotaceae,Manilkara,chicle,no,16.5,NA,NA,NA,NA,NA,NA,NA
767,22,SRTDF,33,Moraceae,Brosimum,alicastrum,no,12.2,NA,NA,NA,NA,NA,NA,NA
768,23,PVTDF,1,Malvaceae,Guazuma,ulmifolia,no,20.2,NA,NA,NA,NA,NA,NA,NA
769,23,PVTDF,2,Apocynaceae,Stemmadenia,obovata,no,10.1,NA,NA,NA,NA,NA,NA,NA
770,23,PVTDF,3,Sapindaceae,Allophylus,occidentalis,no,12,NA,NA,NA,NA,NA,NA,NA
771,23,PVTDF,4,Apocynaceae,Stemmadenia,obovata,no,15.5,NA,NA,NA,NA,NA,NA,NA
772,23,PVTDF,5,Anacardiaceae,Spondias,mombin,no,53.4,NA,NA,NA,NA,NA,NA,NA
773,23,PVTDF,6,Bignoniaceae,Tabebuia,ochracea,no,24.8,NA,NA,NA,NA,NA,NA,NA
774,23,PVTDF,7,Annonaceae,Sapranthus,palanga,yes,12.7,17.5,NA,NA,NA,NA,NA,NA
775,23,PVTDF,8,Malvaceae,Luehea,speciosa,yes,19.8,27.3,NA,NA,NA,NA,NA,NA
776,23,PVTDF,9,Malvaceae,Luehea,speciosa,no,43.3,NA,NA,NA,NA,NA,NA,NA
777,23,PVTDF,10,Polygonaceae,Coccoloba,guanacastensis,no,15.5,NA,NA,NA,NA,NA,NA,NA
778,23,PVTDF,11,Anacardiaceae,Spondias,mombin,no,25.1,NA,NA,NA,NA,NA,NA,NA
779,23,PVTDF,12,Malvaceae,Guazuma,ulmifolia,no,20.8,NA,NA,NA,NA,NA,NA,NA
780,23,PVTDF,13,Boraginaceae,Cordia,collococca,no,16.8,NA,NA,NA,NA,NA,NA,NA
781,23,PVTDF,14,Anacardiaceae,Spondias,mombin,no,26.1,NA,NA,NA,NA,NA,NA,NA
782,23,PVTDF,15,Anacardiaceae,Spondias,mombin,no,38.6,NA,NA,NA,NA,NA,NA,NA
783,23,PVTDF,16,Bignoniaceae,Tabebuia,rosea,no,46.9,NA,NA,NA,NA,NA,NA,NA
784,23,PVTDF,17,Malvaceae,Guazuma,ulmifolia,no,17.8,NA,NA,NA,NA,NA,NA,NA
785,23,PVTDF,18,Malvaceae,Guazuma,ulmifolia,no,26.2,NA,NA,NA,NA,NA,NA,NA
786,23,PVTDF,19,Sapindaceae,Allophylus,occidentalis,no,12.8,NA,NA,NA,NA,NA,NA,NA
787,23,PVTDF,20,Malvaceae,Guazuma,ulmifolia,no,28.5,NA,NA,NA,NA,NA,NA,NA
788,23,PVTDF,21,Malvaceae,Guazuma,ulmifolia,no,49.1,NA,NA,NA,NA,NA,NA,NA
789,23,PVTDF,22,Annonaceae,Sapranthus,palanga,no,12.6,NA,NA,NA,NA,NA,NA,NA
790,23,PVTDF,23,Anacardiaceae,Spondias,mombin,no,16.4,NA,NA,NA,NA,NA,NA,NA
791,23,PVTDF,24,Anacardiaceae,Spondias,mombin,no,36.5,NA,NA,NA,NA,NA,NA,NA
792,23,PVTDF,25,Fabaceae,Caesalpinia,eriostachys,no,19.2,NA,NA,NA,NA,NA,NA,NA
793,23,PVTDF,26,Apocynaceae,Stemmadenia,obovata,no,13,NA,NA,NA,NA,NA,NA,NA
794,23,PVTDF,27,Malvaceae,Guazuma,ulmifolia,yes,18.3,29.9,NA,NA,NA,NA,NA,NA
795,23,PVTDF,28,Anacardiaceae,Spondias,mombin,no,29.3,NA,NA,NA,NA,NA,NA,NA
796,23,PVTDF,29,Fabaceae,Caesalpinia,eriostachys,no,13.8,NA,NA,NA,NA,NA,NA,NA
797,24,PVTDF,1,Malvaceae,Luehea,speciosa,no,16.4,NA,NA,NA,NA,NA,NA,NA
798,24,PVTDF,2,Malvaceae,Luehea,speciosa,yes,10.7,15.9,24.6,NA,NA,NA,NA,NA
799,24,PVTDF,3,Nyctaginaceae,Pisonia,aculeata,yes,13.2,14.9,NA,NA,NA,NA,NA,NA
800,24,PVTDF,4,Fabaceae,Caesalpinia,eriostachys,yes,10,10.9,NA,NA,NA,NA,NA,NA
801,24,PVTDF,5,Bixacea,Cochlospermum,vitifolium,no,23.5,NA,NA,NA,NA,NA,NA,NA
802,24,PVTDF,6,Annonaceae,Annona,reticulata,no,10.1,NA,NA,NA,NA,NA,NA,NA
803,24,PVTDF,7,Fabaceae,Lonchocarpus,felipei,no,11.4,NA,NA,NA,NA,NA,NA,NA
804,24,PVTDF,8,Malvaceae,Luehea,speciosa,no,17.4,NA,NA,NA,NA,NA,NA,NA
805,24,PVTDF,9,Anacardiaceae,Spondias,mombin,no,28.5,NA,NA,NA,NA,NA,NA,NA
806,24,PVTDF,10,Malvaceae,Luehea,speciosa,yes,21.5,52.7,NA,NA,NA,NA,NA,NA
807,24,PVTDF,11,Sapindaceae,Allophylus,occidentalis,no,20.9,NA,NA,NA,NA,NA,NA,NA
808,24,PVTDF,12,Fabaceae,Caesalpinia,eriostachys,no,15.9,NA,NA,NA,NA,NA,NA,NA
809,24,PVTDF,13,Fabaceae,Caesalpinia,eriostachys,no,10.7,NA,NA,NA,NA,NA,NA,NA
810,24,PVTDF,14,Fabaceae,Caesalpinia,eriostachys,no,15.8,NA,NA,NA,NA,NA,NA,NA
811,24,PVTDF,15,Fabaceae,Caesalpinia,eriostachys,no,12.4,NA,NA,NA,NA,NA,NA,NA
812,24,PVTDF,16,Boraginaceae,Cordia,collococca,no,10.5,NA,NA,NA,NA,NA,NA,NA
813,24,PVTDF,17,Fabaceae,Caesalpinia,eriostachys,no,10.4,NA,NA,NA,NA,NA,NA,NA
814,24,PVTDF,18,Fabaceae,Caesalpinia,eriostachys,no,10.8,NA,NA,NA,NA,NA,NA,NA
815,24,PVTDF,19,Fabaceae,Caesalpinia,eriostachys,no,15.6,NA,NA,NA,NA,NA,NA,NA
816,24,PVTDF,20,Fabaceae,Acacia,centralis,no,14.7,NA,NA,NA,NA,NA,NA,NA
817,24,PVTDF,21,Anacardiaceae,Spondias,mombin,no,26.4,NA,NA,NA,NA,NA,NA,NA
818,24,PVTDF,22,Fabaceae,Caesalpinia,eriostachys,no,14.3,NA,NA,NA,NA,NA,NA,NA
819,24,PVTDF,23,Anacardiaceae,Spondias,mombin,no,25.5,NA,NA,NA,NA,NA,NA,NA
820,24,PVTDF,24,Fabaceae,Caesalpinia,eriostachys,no,10.8,NA,NA,NA,NA,NA,NA,NA
821,24,PVTDF,25,Fabaceae,Caesalpinia,eriostachys,no,16,NA,NA,NA,NA,NA,NA,NA
822,24,PVTDF,26,Anacardiaceae,Spondias,mombin,no,24.3,NA,NA,NA,NA,NA,NA,NA
823,24,PVTDF,27,Bixacea,Cochlospermum,vitifolium,no,41.9,NA,NA,NA,NA,NA,NA,NA
824,24,PVTDF,28,Fabaceae,Caesalpinia,eriostachys,no,10.4,NA,NA,NA,NA,NA,NA,NA
825,24,PVTDF,29,Bignoniaceae,Tabebuia,ochracea,no,13.4,NA,NA,NA,NA,NA,NA,NA
826,24,PVTDF,30,Fabaceae,Caesalpinia,eriostachys,no,50.5,NA,NA,NA,NA,NA,NA,NA
827,24,PVTDF,31,Sapindaceae,Thouinidium,decandrum,no,25.7,NA,NA,NA,NA,NA,NA,NA
828,24,PVTDF,32,Malvaceae,Luehea,speciosa,no,12,NA,NA,NA,NA,NA,NA,NA
829,25,PVTDF,1,Malvaceae,Guazuma,ulmifolia,no,10.3,NA,NA,NA,NA,NA,NA,NA
830,25,PVTDF,2,Polygonaceae,Coccoloba,guanacastensis,no,18.6,NA,NA,NA,NA,NA,NA,NA
831,25,PVTDF,3,Malvaceae,Guazuma,ulmifolia,no,11.1,NA,NA,NA,NA,NA,NA,NA
832,25,PVTDF,4,Malvaceae,Guazuma,ulmifolia,yes,12,13,NA,NA,NA,NA,NA,NA
833,25,PVTDF,5,Malvaceae,Guazuma,ulmifolia,no,21.1,NA,NA,NA,NA,NA,NA,NA
834,25,PVTDF,6,Malvaceae,Guazuma,ulmifolia,yes,12.7,15,NA,NA,NA,NA,NA,NA
835,25,PVTDF,7,Malvaceae,Guazuma,ulmifolia,yes,15.7,17.1,NA,NA,NA,NA,NA,NA
836,25,PVTDF,8,Malvaceae,Guazuma,ulmifolia,yes,17,21.2,NA,NA,NA,NA,NA,NA
837,25,PVTDF,9,Malvaceae,Guazuma,ulmifolia,no,16.3,NA,NA,NA,NA,NA,NA,NA
838,25,PVTDF,10,Malvaceae,Guazuma,ulmifolia,yes,15.3,24.5,NA,NA,NA,NA,NA,NA
839,25,PVTDF,11,Simaroubaceae,Alvaradoa,amorphoides,no,17.5,NA,NA,NA,NA,NA,NA,NA
840,25,PVTDF,12,Ebenaceae,Diospyros,nicaraguensis,no,13.6,NA,NA,NA,NA,NA,NA,NA
841,25,PVTDF,13,Fabaceae,Albizia,saman,no,24.8,NA,NA,NA,NA,NA,NA,NA
842,25,PVTDF,14,Malvaceae,Guazuma,ulmifolia,yes,12.3,15.5,25.5,NA,NA,NA,NA,NA
843,25,PVTDF,15,Malvaceae,Guazuma,ulmifolia,no,14.4,NA,NA,NA,NA,NA,NA,NA
844,25,PVTDF,16,Malvaceae,Guazuma,ulmifolia,yes,12.8,16.2,16.9,NA,NA,NA,NA,NA
845,25,PVTDF,17,Polygonaceae,Coccoloba,guanacastensis,no,11.5,NA,NA,NA,NA,NA,NA,NA
846,25,PVTDF,18,Polygonaceae,Coccoloba,guanacastensis,no,15.3,NA,NA,NA,NA,NA,NA,NA
847,25,PVTDF,19,Malvaceae,Guazuma,ulmifolia,yes,11.4,15,15.1,21.9,NA,NA,NA,NA
848,25,PVTDF,20,Fabaceae,Acacia,collinsii,no,12.3,NA,NA,NA,NA,NA,NA,NA
849,25,PVTDF,21,Polygonaceae,Coccoloba,guanacastensis,no,12.9,NA,NA,NA,NA,NA,NA,NA
850,25,PVTDF,22,Bignoniaceae,Tabebuia,ochracea,no,21.3,NA,NA,NA,NA,NA,NA,NA
851,25,PVTDF,23,Malvaceae,Guazuma,ulmifolia,yes,10.2,13.7,14.9,15.6,15.9,16.2,NA,NA
852,25,PVTDF,24,Polygonaceae,Coccoloba,guanacastensis,no,11.3,NA,NA,NA,NA,NA,NA,NA
853,26,PVTDF,1,Moraceae,Maclura,tinctoria,no,17.4,NA,NA,NA,NA,NA,NA,NA
854,26,PVTDF,2,Fabaceae,Gliricidia,sepium,no,25,NA,NA,NA,NA,NA,NA,NA
855,26,PVTDF,3,Simaroubaceae,Alvaradoa,amorphoides,no,47.2,NA,NA,NA,NA,NA,NA,NA
856,26,PVTDF,4,Simaroubaceae,Alvaradoa,amorphoides,no,22,NA,NA,NA,NA,NA,NA,NA
857,26,PVTDF,5,Malvaceae,Guazuma,ulmifolia,yes,11.9,20.5,27.4,32,NA,NA,NA,NA
858,26,PVTDF,6,Malvaceae,Guazuma,ulmifolia,yes,10.3,11.5,12.8,13.6,18.3,NA,NA,NA
859,26,PVTDF,7,Malvaceae,Guazuma,ulmifolia,yes,11,14,19.3,NA,NA,NA,NA,NA
860,26,PVTDF,8,Malvaceae,Guazuma,ulmifolia,yes,11.4,21.3,NA,NA,NA,NA,NA,NA
861,26,PVTDF,9,Malvaceae,Guazuma,ulmifolia,no,31.4,NA,NA,NA,NA,NA,NA,NA
862,26,PVTDF,10,Malvaceae,Guazuma,ulmifolia,no,14,NA,NA,NA,NA,NA,NA,NA
863,26,PVTDF,11,Malvaceae,Guazuma,ulmifolia,no,27,NA,NA,NA,NA,NA,NA,NA
864,26,PVTDF,12,Fabaceae,Pithecellobium,dulce,no,13.4,NA,NA,NA,NA,NA,NA,NA
865,26,PVTDF,13,Malvaceae,Guazuma,ulmifolia,yes,12.5,14.2,20.4,NA,NA,NA,NA,NA
866,26,PVTDF,14,Polygonaceae,Coccoloba,caracasana,no,10.7,NA,NA,NA,NA,NA,NA,NA
867,26,PVTDF,15,Malvaceae,Guazuma,ulmifolia,yes,22,22.4,32.2,NA,NA,NA,NA,NA
868,26,PVTDF,16,Malvaceae,Guazuma,ulmifolia,yes,11,11.3,11.9,13.3,NA,NA,NA,NA
869,26,PVTDF,17,Malvaceae,Guazuma,ulmifolia,yes,10.9,18.3,NA,NA,NA,NA,NA,NA
870,26,PVTDF,18,Malvaceae,Guazuma,ulmifolia,yes,14.3,14.3,NA,NA,NA,NA,NA,NA
871,26,PVTDF,19,Malvaceae,Guazuma,ulmifolia,yes,15,15.5,16.1,18.5,NA,NA,NA,NA
872,26,PVTDF,20,Malvaceae,Guazuma,ulmifolia,no,29.6,NA,NA,NA,NA,NA,NA,NA
873,26,PVTDF,21,Malvaceae,Guazuma,ulmifolia,yes,14.3,14.4,15.9,17.3,17.4,17.7,NA,NA
874,26,PVTDF,22,Malvaceae,Guazuma,ulmifolia,yes,13.7,16.9,NA,NA,NA,NA,NA,NA
875,26,PVTDF,23,Simaroubaceae,Alvaradoa,amorphoides,no,25.6,NA,NA,NA,NA,NA,NA,NA
876,26,PVTDF,24,Malvaceae,Guazuma,ulmifolia,yes,16.4,18.9,26.1,NA,NA,NA,NA,NA
877,27,PVTDF,1,Bignoniaceae,Godmania,aesculifolia,no,10.2,NA,NA,NA,NA,NA,NA,NA
878,27,PVTDF,2,Bignoniaceae,Godmania,aesculifolia,no,19.7,NA,NA,NA,NA,NA,NA,NA
879,27,PVTDF,3,Fabaceae,Acacia,collinsii,no,10,NA,NA,NA,NA,NA,NA,NA
880,27,PVTDF,4,Bignoniaceae,Tabebuia,ochracea,no,27.5,NA,NA,NA,NA,NA,NA,NA
881,27,PVTDF,5,Bignoniaceae,Tabebuia,ochracea,no,18.2,NA,NA,NA,NA,NA,NA,NA
882,27,PVTDF,6,Bignoniaceae,Tabebuia,ochracea,no,21,NA,NA,NA,NA,NA,NA,NA
883,27,PVTDF,7,Bignoniaceae,Tabebuia,ochracea,no,20.5,NA,NA,NA,NA,NA,NA,NA
884,27,PVTDF,8,Fabaceae,Gliricidia,sepium,yes,11.6,12.4,12.6,18.3,19.4,NA,NA,NA
885,27,PVTDF,9,Bignoniaceae,Tabebuia,ochracea,no,18,NA,NA,NA,NA,NA,NA,NA
886,27,PVTDF,10,Salicaceae,Xylosma,flexuosa,no,10.7,NA,NA,NA,NA,NA,NA,NA
887,27,PVTDF,11,Bignoniaceae,Godmania,aesculifolia,no,23.4,NA,NA,NA,NA,NA,NA,NA
888,27,PVTDF,12,Bignoniaceae,Tabebuia,ochracea,no,15.3,NA,NA,NA,NA,NA,NA,NA
889,27,PVTDF,13,Bignoniaceae,Tabebuia,ochracea,no,10.8,NA,NA,NA,NA,NA,NA,NA
890,27,PVTDF,14,Bignoniaceae,Tabebuia,ochracea,no,10.2,NA,NA,NA,NA,NA,NA,NA
891,27,PVTDF,15,Bignoniaceae,Tabebuia,ochracea,no,13.3,NA,NA,NA,NA,NA,NA,NA
892,27,PVTDF,16,Bignoniaceae,Tabebuia,ochracea,no,13.3,NA,NA,NA,NA,NA,NA,NA
893,27,PVTDF,17,Fabaceae,Piscidia,carthagenensis,no,11.4,NA,NA,NA,NA,NA,NA,NA
894,27,PVTDF,18,Malvaceae,Luehea,speciosa,yes,15.2,18.8,22.4,NA,NA,NA,NA,NA
895,27,PVTDF,19,Malvaceae,Luehea,speciosa,yes,10.1,18.9,21.4,NA,NA,NA,NA,NA
896,27,PVTDF,20,Bignoniaceae,Tabebuia,ochracea,no,10.2,NA,NA,NA,NA,NA,NA,NA
897,27,PVTDF,21,Ebenaceae,Diospyros,nicaraguensis,no,11.4,NA,NA,NA,NA,NA,NA,NA
898,27,PVTDF,22,Rubiaceae,Chomelia,spinosa,no,10.7,NA,NA,NA,NA,NA,NA,NA
899,27,PVTDF,23,Bignoniaceae,Godmania,aesculifolia,yes,18.7,29.7,NA,NA,NA,NA,NA,NA
900,27,PVTDF,24,Myrtaceae,Eugenia,salamensis,no,11.7,NA,NA,NA,NA,NA,NA,NA
901,27,PVTDF,25,Bignoniaceae,Tabebuia,ochracea,no,17,NA,NA,NA,NA,NA,NA,NA
902,27,PVTDF,26,Fabaceae,Acacia,collinsii,no,10.2,NA,NA,NA,NA,NA,NA,NA
903,28,PVTDF,1,Malvaceae,Guazuma,ulmifolia,no,32.2,NA,NA,NA,NA,NA,NA,NA
904,28,PVTDF,2,Malvaceae,Guazuma,ulmifolia,no,28.2,NA,NA,NA,NA,NA,NA,NA
905,28,PVTDF,3,Malvaceae,Guazuma,ulmifolia,no,14.4,NA,NA,NA,NA,NA,NA,NA
906,28,PVTDF,4,Malvaceae,Guazuma,ulmifolia,no,13.3,NA,NA,NA,NA,NA,NA,NA
907,28,PVTDF,5,Malvaceae,Guazuma,ulmifolia,no,20.8,NA,NA,NA,NA,NA,NA,NA
908,28,PVTDF,6,Fabaceae,Albizia,saman,no,49.3,NA,NA,NA,NA,NA,NA,NA
909,28,PVTDF,7,Malvaceae,Guazuma,ulmifolia,no,22.7,NA,NA,NA,NA,NA,NA,NA
910,28,PVTDF,8,Malvaceae,Guazuma,ulmifolia,no,27.5,NA,NA,NA,NA,NA,NA,NA
911,28,PVTDF,9,Malvaceae,Guazuma,ulmifolia,no,20.6,NA,NA,NA,NA,NA,NA,NA
912,28,PVTDF,10,Malvaceae,Guazuma,ulmifolia,no,16,NA,NA,NA,NA,NA,NA,NA
913,28,PVTDF,11,Malvaceae,Guazuma,ulmifolia,no,21.9,NA,NA,NA,NA,NA,NA,NA
914,28,PVTDF,12,Malvaceae,Guazuma,ulmifolia,yes,12.6,14.8,NA,NA,NA,NA,NA,NA
915,28,PVTDF,13,Malvaceae,Guazuma,ulmifolia,no,15.5,NA,NA,NA,NA,NA,NA,NA
916,28,PVTDF,14,Fabaceae,Albizia,niopoides,no,54.3,NA,NA,NA,NA,NA,NA,NA
917,28,PVTDF,15,Fabaceae,Albizia,saman,no,22.2,NA,NA,NA,NA,NA,NA,NA
918,28,PVTDF,16,Malvaceae,Guazuma,ulmifolia,no,30.5,NA,NA,NA,NA,NA,NA,NA
919,28,PVTDF,17,Malvaceae,Guazuma,ulmifolia,no,29.6,NA,NA,NA,NA,NA,NA,NA
920,28,PVTDF,18,Meliaceae,Trichilia,martiana,no,10.3,NA,NA,NA,NA,NA,NA,NA
921,28,PVTDF,19,Fabaceae,Albizia,saman,no,45.1,NA,NA,NA,NA,NA,NA,NA
922,28,PVTDF,20,Malvaceae,Guazuma,ulmifolia,no,39.4,NA,NA,NA,NA,NA,NA,NA
923,28,PVTDF,21,Malvaceae,Guazuma,ulmifolia,no,22.3,NA,NA,NA,NA,NA,NA,NA
924,28,PVTDF,22,Malvaceae,Guazuma,ulmifolia,no,17.4,NA,NA,NA,NA,NA,NA,NA
925,28,PVTDF,23,Fabaceae,Albizia,saman,no,39.8,NA,NA,NA,NA,NA,NA,NA
926,28,PVTDF,24,Malvaceae,Guazuma,ulmifolia,no,19.8,NA,NA,NA,NA,NA,NA,NA
927,28,PVTDF,25,Fabaceae,Albizia,saman,no,59.8,NA,NA,NA,NA,NA,NA,NA
928,28,PVTDF,26,Malvaceae,Guazuma,ulmifolia,no,22.3,NA,NA,NA,NA,NA,NA,NA
929,28,PVTDF,27,Malvaceae,Guazuma,ulmifolia,no,17.6,NA,NA,NA,NA,NA,NA,NA
930,28,PVTDF,28,Malvaceae,Guazuma,ulmifolia,no,19.8,NA,NA,NA,NA,NA,NA,NA
931,28,PVTDF,29,Malvaceae,Guazuma,ulmifolia,no,28.4,NA,NA,NA,NA,NA,NA,NA
932,28,PVTDF,30,Fabaceae,Albizia,saman,no,53.1,NA,NA,NA,NA,NA,NA,NA
933,28,PVTDF,31,Malvaceae,Guazuma,ulmifolia,yes,19.3,29.9,NA,NA,NA,NA,NA,NA
934,28,PVTDF,32,Malvaceae,Guazuma,ulmifolia,yes,19,23.1,NA,NA,NA,NA,NA,NA
935,28,PVTDF,33,Malvaceae,Guazuma,ulmifolia,no,22.1,NA,NA,NA,NA,NA,NA,NA
936,29,PVTDF,1,Malvaceae,Pachira,quinata,no,40.1,NA,NA,NA,NA,NA,NA,NA
937,29,PVTDF,2,Malvaceae,Luehea,speciosa,no,39.6,NA,NA,NA,NA,NA,NA,NA
938,29,PVTDF,3,Bignoniaceae,Tabebuia,ochracea,no,17.5,NA,NA,NA,NA,NA,NA,NA
939,29,PVTDF,4,Sapindaceae,Allophylus,occidentalis,no,10.7,NA,NA,NA,NA,NA,NA,NA
940,29,PVTDF,5,Fabaceae,Caesalpinia,eriostachys,no,13.8,NA,NA,NA,NA,NA,NA,NA
941,29,PVTDF,6,Fabaceae,Piscidia,carthagenensis,no,16.5,NA,NA,NA,NA,NA,NA,NA
942,29,PVTDF,7,Sapindaceae,Allophylus,occidentalis,no,10.4,NA,NA,NA,NA,NA,NA,NA
943,29,PVTDF,8,Bignoniaceae,Tabebuia,ochracea,no,24.5,NA,NA,NA,NA,NA,NA,NA
944,29,PVTDF,9,Fabaceae,Caesalpinia,eriostachys,no,68,NA,NA,NA,NA,NA,NA,NA
945,29,PVTDF,10,Anacardiaceae,Spondias,mombin,no,19.7,NA,NA,NA,NA,NA,NA,NA
946,29,PVTDF,11,Anacardiaceae,Spondias,mombin,no,33.9,NA,NA,NA,NA,NA,NA,NA
947,29,PVTDF,12,Anacardiaceae,Spondias,purpurea,yes,11.5,12.3,NA,NA,NA,NA,NA,NA
948,29,PVTDF,13,Anacardiaceae,Spondias,mombin,no,18.8,NA,NA,NA,NA,NA,NA,NA
949,29,PVTDF,14,Simaroubaceae,Alvaradoa,amorphoides,no,25.8,NA,NA,NA,NA,NA,NA,NA
950,29,PVTDF,15,Anacardiaceae,Spondias,purpurea,no,11.7,NA,NA,NA,NA,NA,NA,NA
951,29,PVTDF,16,Fabaceae,Piscidia,carthagenensis,no,10.1,NA,NA,NA,NA,NA,NA,NA
952,29,PVTDF,17,Fabaceae,Caesalpinia,eriostachys,yes,11.5,17.1,NA,NA,NA,NA,NA,NA
953,29,PVTDF,18,Anacardiaceae,Spondias,purpurea,no,15.3,NA,NA,NA,NA,NA,NA,NA
954,29,PVTDF,19,Malvaceae,Guazuma,ulmifolia,no,37,NA,NA,NA,NA,NA,NA,NA
955,29,PVTDF,20,Anacardiaceae,Spondias,mombin,no,13.5,NA,NA,NA,NA,NA,NA,NA
956,29,PVTDF,21,Anacardiaceae,Spondias,mombin,no,21.1,NA,NA,NA,NA,NA,NA,NA
957,29,PVTDF,22,Anacardiaceae,Spondias,mombin,no,17.6,NA,NA,NA,NA,NA,NA,NA
958,29,PVTDF,23,Malvaceae,Guazuma,ulmifolia,no,10.6,NA,NA,NA,NA,NA,NA,NA
959,30,PVTDF,1,Moraceae,Brosimum,alicastrum,no,56,NA,NA,NA,NA,NA,NA,NA
960,30,PVTDF,2,Sapotaceae,Manilkara,chicle,no,37,NA,NA,NA,NA,NA,NA,NA
961,30,PVTDF,3,Chrysobalanaceae,Licania,arborea,no,36.6,NA,NA,NA,NA,NA,NA,NA
962,30,PVTDF,4,Meliaceae,Trichilia,americana,no,13.4,NA,NA,NA,NA,NA,NA,NA
963,30,PVTDF,5,Chrysobalanaceae,Licania,arborea,no,75.6,NA,NA,NA,NA,NA,NA,NA
964,30,PVTDF,6,Malvaceae,Sterculia,apetala,no,11,NA,NA,NA,NA,NA,NA,NA
965,30,PVTDF,7,Rhamnaceae,Ziziphus,guatemalensis,no,15.9,NA,NA,NA,NA,NA,NA,NA
966,30,PVTDF,8,Burseraceae,Bursera,simaruba,no,11,NA,NA,NA,NA,NA,NA,NA
967,30,PVTDF,9,Sapotaceae,Sideroxylon,capiri,no,107,NA,NA,NA,NA,NA,NA,NA
968,30,PVTDF,10,Meliaceae,Trichilia,americana,no,13.1,NA,NA,NA,NA,NA,NA,NA
969,30,PVTDF,11,Annonaceae,Annona,reticulata,no,13.5,NA,NA,NA,NA,NA,NA,NA
970,30,PVTDF,12,Bignoniaceae,Tabebuia,rosea,no,26.6,NA,NA,NA,NA,NA,NA,NA
971,30,PVTDF,13,Malvaceae,Guazuma,ulmifolia,yes,10.3,21.2,NA,NA,NA,NA,NA,NA
972,30,PVTDF,14,Burseraceae,Bursera,simaruba,no,14.6,NA,NA,NA,NA,NA,NA,NA
973,30,PVTDF,15,Chrysobalanaceae,Licania,arborea,no,70.4,NA,NA,NA,NA,NA,NA,NA
974,30,PVTDF,16,Bignoniaceae,Tabebuia,ochracea,no,15.5,NA,NA,NA,NA,NA,NA,NA
975,30,PVTDF,17,Burseraceae,Bursera,simaruba,no,15.5,NA,NA,NA,NA,NA,NA,NA
976,30,PVTDF,18,Rubiaceae,Calycophyllum,candidissimum,yes,21,22.7,NA,NA,NA,NA,NA,NA
977,30,PVTDF,19,Boraginaceae,Cordia,collococca,yes,25.5,27.7,NA,NA,NA,NA,NA,NA
978,30,PVTDF,20,Bignoniaceae,Tabebuia,ochracea,no,14.2,NA,NA,NA,NA,NA,NA,NA
979,30,PVTDF,21,Malvaceae,Guazuma,ulmifolia,yes,12.5,35,NA,NA,NA,NA,NA,NA
980,30,PVTDF,22,Bignoniaceae,Tabebuia,ochracea,no,14.1,NA,NA,NA,NA,NA,NA,NA
981,30,PVTDF,23,Sapindaceae,Allophylus,occidentalis,no,11,NA,NA,NA,NA,NA,NA,NA
982,30,PVTDF,24,Malvaceae,Guazuma,ulmifolia,no,60.9,NA,NA,NA,NA,NA,NA,NA
983,30,PVTDF,25,Malvaceae,Luehea,speciosa,yes,17.9,22,24.2,26.8,NA,NA,NA,NA
984,30,PVTDF,26,Malvaceae,Guazuma,ulmifolia,no,19.5,NA,NA,NA,NA,NA,NA,NA
985,30,PVTDF,27,Sapotaceae,Sideroxylon,capiri,no,91.2,NA,NA,NA,NA,NA,NA,NA
986,30,PVTDF,28,Moraceae,Brosimum,alicastrum,no,27.5,NA,NA,NA,NA,NA,NA,NA
987,30,PVTDF,29,Anacardiaceae,Astronium,graveolens,no,20.3,NA,NA,NA,NA,NA,NA,NA
988,30,PVTDF,30,Moraceae,Brosimum,alicastrum,no,42.2,NA,NA,NA,NA,NA,NA,NA
989,30,PVTDF,31,Rubiaceae,Calycophyllum,candidissimum,no,43.1,NA,NA,NA,NA,NA,NA,NA
990,30,PVTDF,32,Polygonaceae,Coccoloba,caracasana,yes,12.1,12.2,14.8,16.4,19,NA,NA,NA
991,31,PVTDF,1,Fabaceae,Albizia,niopoides,no,89.4,NA,NA,NA,NA,NA,NA,NA
992,31,PVTDF,2,Polygonaceae,Coccoloba,caracasana,no,11.3,NA,NA,NA,NA,NA,NA,NA
993,31,PVTDF,3,Fabaceae,Pterocarpus,rohrii,no,10.5,NA,NA,NA,NA,NA,NA,NA
994,31,PVTDF,4,Malvaceae,Guazuma,ulmifolia,no,20.7,NA,NA,NA,NA,NA,NA,NA
995,31,PVTDF,5,Malvaceae,Guazuma,ulmifolia,no,14.6,NA,NA,NA,NA,NA,NA,NA
996,31,PVTDF,6,Malvaceae,Guazuma,ulmifolia,no,30.3,NA,NA,NA,NA,NA,NA,NA
997,31,PVTDF,7,Malvaceae,Guazuma,ulmifolia,no,23,NA,NA,NA,NA,NA,NA,NA
998,31,PVTDF,8,Malvaceae,Guazuma,ulmifolia,no,22.1,NA,NA,NA,NA,NA,NA,NA
999,31,PVTDF,9,Fabaceae,Pithecellobium,dulce,no,13.8,NA,NA,NA,NA,NA,NA,NA
1000,31,PVTDF,10,Malvaceae,Guazuma,ulmifolia,no,24,NA,NA,NA,NA,NA,NA,NA
1001,31,PVTDF,11,Malvaceae,Guazuma,ulmifolia,yes,10.6,11.5,11.7,27.4,NA,NA,NA,NA
1002,31,PVTDF,12,Fabaceae,Pterocarpus,rohrii,no,11.7,NA,NA,NA,NA,NA,NA,NA
1003,31,PVTDF,13,Malvaceae,Guazuma,ulmifolia,no,41.7,NA,NA,NA,NA,NA,NA,NA
1004,31,PVTDF,14,Malvaceae,Guazuma,ulmifolia,no,18.6,NA,NA,NA,NA,NA,NA,NA
1005,31,PVTDF,15,Malvaceae,Guazuma,ulmifolia,no,14.8,NA,NA,NA,NA,NA,NA,NA
1006,31,PVTDF,16,Fabaceae,Pithecellobium,dulce,no,14.7,NA,NA,NA,NA,NA,NA,NA
1007,31,PVTDF,17,Malvaceae,Guazuma,ulmifolia,yes,22,25.5,NA,NA,NA,NA,NA,NA
1008,31,PVTDF,18,Malvaceae,Guazuma,ulmifolia,yes,17.8,18.3,18.4,23.1,NA,NA,NA,NA
1009,31,PVTDF,19,Fabaceae,Pithecellobium,dulce,no,13.4,NA,NA,NA,NA,NA,NA,NA
1010,31,PVTDF,20,Fabaceae,Albizia,niopoides,yes,16,53,NA,NA,NA,NA,NA,NA
1011,31,PVTDF,21,Fabaceae,Enterolobium,cyclocarpum,no,29.7,NA,NA,NA,NA,NA,NA,NA
1012,31,PVTDF,22,Malvaceae,Guazuma,ulmifolia,yes,16.1,21.9,NA,NA,NA,NA,NA,NA
1013,31,PVTDF,23,Fabaceae,Pithecellobium,dulce,no,12.1,NA,NA,NA,NA,NA,NA,NA
1014,31,PVTDF,24,Fabaceae,Pterocarpus,rohrii,no,13.4,NA,NA,NA,NA,NA,NA,NA
1015,31,PVTDF,25,Malvaceae,Guazuma,ulmifolia,yes,13.9,14.2,NA,NA,NA,NA,NA,NA
1016,31,PVTDF,26,Polygonaceae,Coccoloba,venosa,no,12.7,NA,NA,NA,NA,NA,NA,NA
1017,31,PVTDF,27,Malvaceae,Guazuma,ulmifolia,no,19.6,NA,NA,NA,NA,NA,NA,NA
1018,31,PVTDF,28,Malvaceae,Guazuma,ulmifolia,no,28.2,NA,NA,NA,NA,NA,NA,NA
1019,31,PVTDF,29,Fabaceae,Pterocarpus,rohrii,no,29.9,NA,NA,NA,NA,NA,NA,NA
1020,31,PVTDF,30,Malvaceae,Guazuma,ulmifolia,no,12.1,NA,NA,NA,NA,NA,NA,NA
1021,31,PVTDF,31,Malvaceae,Guazuma,ulmifolia,no,20,NA,NA,NA,NA,NA,NA,NA
1022,31,PVTDF,32,Malvaceae,Guazuma,ulmifolia,no,20.5,NA,NA,NA,NA,NA,NA,NA
1023,31,PVTDF,33,Fabaceae,Senna,atomaria,no,14.3,NA,NA,NA,NA,NA,NA,NA
1024,31,PVTDF,34,Fabaceae,Pterocarpus,rohrii,no,10.8,NA,NA,NA,NA,NA,NA,NA
1025,31,PVTDF,35,Malvaceae,Guazuma,ulmifolia,no,17.3,NA,NA,NA,NA,NA,NA,NA
1026,31,PVTDF,36,Malvaceae,Guazuma,ulmifolia,no,19.7,NA,NA,NA,NA,NA,NA,NA
1027,31,PVTDF,37,Malvaceae,Guazuma,ulmifolia,yes,14.2,15.7,NA,NA,NA,NA,NA,NA
1028,31,PVTDF,38,Anacardiaceae,Spondias,purpurea,no,11.3,NA,NA,NA,NA,NA,NA,NA
1029,31,PVTDF,39,Moraceae,Maclura,tinctoria,no,24.7,NA,NA,NA,NA,NA,NA,NA
1030,31,PVTDF,40,Malvaceae,Guazuma,ulmifolia,no,13,NA,NA,NA,NA,NA,NA,NA
1031,31,PVTDF,41,Malvaceae,Guazuma,ulmifolia,no,27,NA,NA,NA,NA,NA,NA,NA
1032,31,PVTDF,42,Malvaceae,Guazuma,ulmifolia,no,15.7,NA,NA,NA,NA,NA,NA,NA
1033,31,PVTDF,43,Malvaceae,Guazuma,ulmifolia,yes,17.1,28.9,NA,NA,NA,NA,NA,NA
1034,31,PVTDF,44,Fabaceae,Lysiloma,divaricatum,yes,11.6,12.4,16.2,21.8,NA,NA,NA,NA
1035,31,PVTDF,45,Malvaceae,Guazuma,ulmifolia,no,23.2,NA,NA,NA,NA,NA,NA,NA
1036,32,PVTDF,1,Malvaceae,Luehea,speciosa,no,18.4,NA,NA,NA,NA,NA,NA,NA
1037,32,PVTDF,2,Rubiaceae,Chomelia,spinosa,no,11,NA,NA,NA,NA,NA,NA,NA
1038,32,PVTDF,3,Bignoniaceae,Tabebuia,ochracea,no,13.2,NA,NA,NA,NA,NA,NA,NA
1039,32,PVTDF,4,Bignoniaceae,Tabebuia,ochracea,no,14.8,NA,NA,NA,NA,NA,NA,NA
1040,32,PVTDF,5,Malvaceae,Luehea,speciosa,yes,12,15,24,NA,NA,NA,NA,NA
1041,32,PVTDF,6,Malvaceae,Luehea,speciosa,no,12.9,NA,NA,NA,NA,NA,NA,NA
1042,32,PVTDF,7,Rubiaceae,Chomelia,spinosa,no,11.1,NA,NA,NA,NA,NA,NA,NA
1043,32,PVTDF,8,Malvaceae,Guazuma,ulmifolia,yes,15.6,27,NA,NA,NA,NA,NA,NA
1044,32,PVTDF,9,Fabaceae,Dalbergia,retusa,no,20.8,NA,NA,NA,NA,NA,NA,NA
1045,32,PVTDF,10,Bignoniaceae,Tabebuia,ochracea,no,12.3,NA,NA,NA,NA,NA,NA,NA
1046,32,PVTDF,11,Fabaceae,Gliricidia,sepium,no,26.9,NA,NA,NA,NA,NA,NA,NA
1047,32,PVTDF,12,Burseraceae,Bursera,simaruba,no,34.9,NA,NA,NA,NA,NA,NA,NA
1048,32,PVTDF,13,Bignoniaceae,Tabebuia,impetiginosa,no,19.2,NA,NA,NA,NA,NA,NA,NA
1049,32,PVTDF,14,Fabaceae,Dalbergia,retusa,no,34.3,NA,NA,NA,NA,NA,NA,NA
1050,32,PVTDF,15,Bignoniaceae,Tabebuia,ochracea,no,13.2,NA,NA,NA,NA,NA,NA,NA
1051,32,PVTDF,16,Bignoniaceae,Tabebuia,rosea,no,20.9,NA,NA,NA,NA,NA,NA,NA
1052,32,PVTDF,17,Rubiaceae,Calycophyllum,candidissimum,yes,40,46.5,NA,NA,NA,NA,NA,NA
1053,32,PVTDF,18,Bignoniaceae,Tabebuia,impetiginosa,no,24.5,NA,NA,NA,NA,NA,NA,NA
1054,32,PVTDF,19,Celastraceae,Semialarium,mexicanum,no,16.3,NA,NA,NA,NA,NA,NA,NA
1055,32,PVTDF,20,Rubiaceae,Calycophyllum,candidissimum,yes,14.2,19.1,38.1,55.7,NA,NA,NA,NA
1056,32,PVTDF,21,Bixacea,Cochlospermum,vitifolium,no,47.3,NA,NA,NA,NA,NA,NA,NA
1057,32,PVTDF,22,Malvaceae,Luehea,speciosa,yes,14.5,44,NA,NA,NA,NA,NA,NA
1058,32,PVTDF,23,Malvaceae,Guazuma,ulmifolia,no,10.4,NA,NA,NA,NA,NA,NA,NA
1059,32,PVTDF,24,Polygonaceae,Coccoloba,caracasana,yes,24.7,25.4,30.8,36.5,NA,NA,NA,NA
1060,33,PVTDF,1,Malvaceae,Luehea,speciosa,no,10.2,NA,NA,NA,NA,NA,NA,NA
1061,33,PVTDF,2,Bixacea,Cochlospermum,vitifolium,no,18.2,NA,NA,NA,NA,NA,NA,NA
1062,33,PVTDF,3,Malvaceae,Guazuma,ulmifolia,yes,12.8,13.8,17.1,NA,NA,NA,NA,NA
1063,33,PVTDF,4,Bixacea,Cochlospermum,vitifolium,yes,12.2,19.3,NA,NA,NA,NA,NA,NA
1064,33,PVTDF,5,Malvaceae,Luehea,speciosa,no,12.3,NA,NA,NA,NA,NA,NA,NA
1065,33,PVTDF,6,Malvaceae,Guazuma,ulmifolia,yes,12.3,15.2,16.5,NA,NA,NA,NA,NA
1066,33,PVTDF,7,Fabaceae,Albizia,niopoides,no,10.1,NA,NA,NA,NA,NA,NA,NA
1067,33,PVTDF,8,Fabaceae,Swartzia,cubensis,no,10.3,NA,NA,NA,NA,NA,NA,NA
1068,33,PVTDF,9,Moraceae,Maclura,tinctoria,no,18.5,NA,NA,NA,NA,NA,NA,NA
1069,33,PVTDF,10,Fabaceae,Swartzia,cubensis,no,10.2,NA,NA,NA,NA,NA,NA,NA
1070,33,PVTDF,11,Fabaceae,Acacia,collinsii,no,11.6,NA,NA,NA,NA,NA,NA,NA
1071,33,PVTDF,12,Moraceae,Maclura,tinctoria,no,16.6,NA,NA,NA,NA,NA,NA,NA
1072,33,PVTDF,13,Rubiaceae,Genipa,americana,no,13.9,NA,NA,NA,NA,NA,NA,NA
1073,33,PVTDF,14,Fabaceae,Albizia,niopoides,no,21.2,NA,NA,NA,NA,NA,NA,NA
1074,33,PVTDF,15,Fabaceae,Albizia,niopoides,no,19.1,NA,NA,NA,NA,NA,NA,NA
1075,33,PVTDF,16,Bignoniaceae,Tabebuia,ochracea,no,27.9,NA,NA,NA,NA,NA,NA,NA
1076,33,PVTDF,17,Apocynaceae,Thevetia,ovata,no,10.5,NA,NA,NA,NA,NA,NA,NA
1077,33,PVTDF,18,Fabaceae,Albizia,niopoides,no,12.2,NA,NA,NA,NA,NA,NA,NA
1078,33,PVTDF,19,Celastraceae,Semialarium,mexicanum,no,12.5,NA,NA,NA,NA,NA,NA,NA
1079,33,PVTDF,20,Celastraceae,Semialarium,mexicanum,no,10.3,NA,NA,NA,NA,NA,NA,NA
1080,33,PVTDF,21,Malvaceae,Luehea,speciosa,no,17.6,NA,NA,NA,NA,NA,NA,NA
1081,33,PVTDF,22,Fabaceae,Piscidia,carthagenensis,no,10.8,NA,NA,NA,NA,NA,NA,NA
1082,33,PVTDF,23,Celastraceae,Semialarium,mexicanum,no,13.3,NA,NA,NA,NA,NA,NA,NA
1083,33,PVTDF,24,Malvaceae,Luehea,speciosa,no,12,NA,NA,NA,NA,NA,NA,NA
1084,33,PVTDF,25,Fabaceae,Piscidia,carthagenensis,no,11.9,NA,NA,NA,NA,NA,NA,NA
1085,33,PVTDF,26,Bignoniaceae,Tabebuia,rosea,no,16.3,NA,NA,NA,NA,NA,NA,NA
1086,34,PVTDF,1,Moraceae,Maclura,tinctoria,no,15.8,NA,NA,NA,NA,NA,NA,NA
1087,34,PVTDF,2,Malvaceae,Guazuma,ulmifolia,no,10.5,NA,NA,NA,NA,NA,NA,NA
1088,34,PVTDF,3,Fabaceae,Pterocarpus,rohrii,yes,16,23,NA,NA,NA,NA,NA,NA
1089,34,PVTDF,4,Anacardiaceae,Spondias,purpurea,no,12.4,NA,NA,NA,NA,NA,NA,NA
1090,34,PVTDF,5,Boraginaceae,Cordia,collococca,no,16.5,NA,NA,NA,NA,NA,NA,NA
1091,34,PVTDF,6,Anacardiaceae,Spondias,purpurea,no,11.1,NA,NA,NA,NA,NA,NA,NA
1092,34,PVTDF,7,Malvaceae,Guazuma,ulmifolia,yes,11.5,13.4,20.2,29.7,NA,NA,NA,NA
1093,34,PVTDF,8,Malvaceae,Guazuma,ulmifolia,no,13,NA,NA,NA,NA,NA,NA,NA
1094,34,PVTDF,9,Rubiaceae,Chomelia,spinosa,no,10.5,NA,NA,NA,NA,NA,NA,NA
1095,34,PVTDF,10,Boraginaceae,Cordia,collococca,no,17.7,NA,NA,NA,NA,NA,NA,NA
1096,34,PVTDF,11,Boraginaceae,Cordia,collococca,no,17,NA,NA,NA,NA,NA,NA,NA
1097,34,PVTDF,12,Boraginaceae,Cordia,collococca,yes,10.3,11.2,NA,NA,NA,NA,NA,NA
1098,34,PVTDF,13,Burseraceae,Bursera,simaruba,no,12.3,NA,NA,NA,NA,NA,NA,NA
1099,34,PVTDF,14,Moraceae,Maclura,tinctoria,yes,25.8,35.6,NA,NA,NA,NA,NA,NA
1100,34,PVTDF,15,Moraceae,Maclura,tinctoria,yes,11.2,14.9,15.5,NA,NA,NA,NA,NA
1101,34,PVTDF,16,Boraginaceae,Cordia,collococca,no,11.5,NA,NA,NA,NA,NA,NA,NA
1102,34,PVTDF,17,Moraceae,Maclura,tinctoria,no,19.2,NA,NA,NA,NA,NA,NA,NA
1103,34,PVTDF,18,Moraceae,Maclura,tinctoria,no,18.8,NA,NA,NA,NA,NA,NA,NA
1104,34,PVTDF,19,Capparaceae,Capparis,odoratissima,no,10.8,NA,NA,NA,NA,NA,NA,NA
1105,34,PVTDF,20,Boraginaceae,Cordia,dentata,no,10.6,NA,NA,NA,NA,NA,NA,NA
1106,34,PVTDF,21,Malvaceae,Guazuma,ulmifolia,no,14.3,NA,NA,NA,NA,NA,NA,NA
1107,34,PVTDF,22,Bignoniaceae,Tabebuia,ochracea,no,24.4,NA,NA,NA,NA,NA,NA,NA
1108,34,PVTDF,23,Malvaceae,Guazuma,ulmifolia,yes,12.4,23.8,40.1,NA,NA,NA,NA,NA
1109,34,PVTDF,24,Boraginaceae,Cordia,collococca,no,10.5,NA,NA,NA,NA,NA,NA,NA
1110,34,PVTDF,25,Boraginaceae,Cordia,collococca,no,14.7,NA,NA,NA,NA,NA,NA,NA
1111,34,PVTDF,26,Rubiaceae,Chomelia,spinosa,yes,16.7,20.1,NA,NA,NA,NA,NA,NA
1112,34,PVTDF,27,Anacardiaceae,Spondias,mombin,no,12.5,NA,NA,NA,NA,NA,NA,NA
1113,34,PVTDF,28,Boraginaceae,Cordia,collococca,no,12,NA,NA,NA,NA,NA,NA,NA
1114,34,PVTDF,29,Rubiaceae,Genipa,americana,no,16.6,NA,NA,NA,NA,NA,NA,NA
1115,34,PVTDF,30,Anacardiaceae,Spondias,mombin,no,15.8,NA,NA,NA,NA,NA,NA,NA
1116,34,PVTDF,31,Anacardiaceae,Spondias,purpurea,no,15,NA,NA,NA,NA,NA,NA,NA
1117,35,PVTDF,1,Malvaceae,Guazuma,ulmifolia,yes,15.5,16.8,20.8,23.7,NA,NA,NA,NA
1118,35,PVTDF,2,Fabaceae,Albizia,niopoides,yes,27.8,37.6,NA,NA,NA,NA,NA,NA
1119,35,PVTDF,3,Malvaceae,Guazuma,ulmifolia,yes,12.3,16.5,16.9,18.2,NA,NA,NA,NA
1120,35,PVTDF,4,Burseraceae,Bursera,simaruba,no,18.5,NA,NA,NA,NA,NA,NA,NA
1121,35,PVTDF,5,Burseraceae,Bursera,simaruba,no,15.9,NA,NA,NA,NA,NA,NA,NA
1122,35,PVTDF,6,Rubiaceae,Calycophyllum,candidissimum,no,18,NA,NA,NA,NA,NA,NA,NA
1123,35,PVTDF,7,Anacardiaceae,Spondias,purpurea,no,12.4,NA,NA,NA,NA,NA,NA,NA
1124,35,PVTDF,8,Fabaceae,Pithecellobium,dulce,yes,11.5,13.1,15.9,16.2,19.8,24,NA,NA
1125,35,PVTDF,9,Anacardiaceae,Spondias,purpurea,no,10.6,NA,NA,NA,NA,NA,NA,NA
1126,35,PVTDF,10,Malvaceae,Guazuma,ulmifolia,yes,13.8,22.1,NA,NA,NA,NA,NA,NA
1127,35,PVTDF,11,Malvaceae,Guazuma,ulmifolia,yes,12.3,22.1,NA,NA,NA,NA,NA,NA
1128,35,PVTDF,12,Fabaceae,Pithecellobium,dulce,yes,13.4,42,NA,NA,NA,NA,NA,NA
1129,35,PVTDF,13,Fabaceae,Pithecellobium,dulce,no,38.5,NA,NA,NA,NA,NA,NA,NA
1130,35,PVTDF,14,Boraginaceae,Cordia,dentata,no,10,NA,NA,NA,NA,NA,NA,NA
1131,35,PVTDF,15,Anacardiaceae,Spondias,mombin,no,13,NA,NA,NA,NA,NA,NA,NA
1132,35,PVTDF,16,Fabaceae,Pithecellobium,dulce,yes,14.8,19.5,23,NA,NA,NA,NA,NA
1133,35,PVTDF,17,Anacardiaceae,Spondias,purpurea,yes,13,19.1,NA,NA,NA,NA,NA,NA
1134,35,PVTDF,18,Anacardiaceae,Spondias,purpurea,no,16.2,NA,NA,NA,NA,NA,NA,NA
1135,35,PVTDF,19,Malvaceae,Guazuma,ulmifolia,yes,15.5,27,27.5,NA,NA,NA,NA,NA
1136,35,PVTDF,20,Anacardiaceae,Spondias,purpurea,no,14.5,NA,NA,NA,NA,NA,NA,NA
1137,35,PVTDF,21,Anacardiaceae,Spondias,purpurea,no,19,NA,NA,NA,NA,NA,NA,NA
1138,35,PVTDF,22,Fabaceae,Pithecellobium,dulce,no,12.5,NA,NA,NA,NA,NA,NA,NA
1139,35,PVTDF,23,Burseraceae,Bursera,simaruba,no,17.8,NA,NA,NA,NA,NA,NA,NA
1140,35,PVTDF,24,Malvaceae,Guazuma,ulmifolia,no,23.7,NA,NA,NA,NA,NA,NA,NA
1141,36,PVTDF,1,Anacardiaceae,Spondias,mombin,no,46.3,NA,NA,NA,NA,NA,NA,NA
1142,36,PVTDF,2,Anacardiaceae,Spondias,mombin,no,23.8,NA,NA,NA,NA,NA,NA,NA
1143,36,PVTDF,3,Anacardiaceae,Spondias,mombin,no,75.5,NA,NA,NA,NA,NA,NA,NA
1144,36,PVTDF,4,Bignoniaceae,Tabebuia,ochracea,no,15,NA,NA,NA,NA,NA,NA,NA
1145,36,PVTDF,5,Sapotaceae,Sideroxylon,capiri,no,41.6,NA,NA,NA,NA,NA,NA,NA
1146,36,PVTDF,6,Salicaceae,Casearia,corymbosa,no,10.1,NA,NA,NA,NA,NA,NA,NA
1147,36,PVTDF,7,Anacardiaceae,Spondias,mombin,no,23.5,NA,NA,NA,NA,NA,NA,NA
1148,36,PVTDF,8,Annonaceae,Sapranthus,palanga,no,11.9,NA,NA,NA,NA,NA,NA,NA
1149,36,PVTDF,9,Sapotaceae,Manilkara,chicle,no,41,NA,NA,NA,NA,NA,NA,NA
1150,36,PVTDF,10,Rubiaceae,Guettarda,macrosperma,no,34,NA,NA,NA,NA,NA,NA,NA
1151,36,PVTDF,11,Malvaceae,Luehea,speciosa,yes,18,20.5,NA,NA,NA,NA,NA,NA
1152,36,PVTDF,12,Malvaceae,Guazuma,ulmifolia,no,43.8,NA,NA,NA,NA,NA,NA,NA
1153,36,PVTDF,13,Anacardiaceae,Spondias,mombin,yes,12,16.5,NA,NA,NA,NA,NA,NA
1154,36,PVTDF,14,Malvaceae,Guazuma,ulmifolia,no,26,NA,NA,NA,NA,NA,NA,NA
1155,36,PVTDF,15,Rubiaceae,Calycophyllum,candidissimum,no,83.5,NA,NA,NA,NA,NA,NA,NA
1156,36,PVTDF,16,Fabaceae,Albizia,saman,no,62.7,NA,NA,NA,NA,NA,NA,NA
1157,36,PVTDF,17,Anacardiaceae,Spondias,mombin,no,55.9,NA,NA,NA,NA,NA,NA,NA
1158,36,PVTDF,18,Rubiaceae,Guettarda,macrosperma,no,11.3,NA,NA,NA,NA,NA,NA,NA
1159,36,PVTDF,19,Anacardiaceae,Spondias,mombin,no,48.6,NA,NA,NA,NA,NA,NA,NA
1160,36,PVTDF,20,Rubiaceae,Calycophyllum,candidissimum,no,12.3,NA,NA,NA,NA,NA,NA,NA
1161,36,PVTDF,21,Annonaceae,Sapranthus,palanga,no,10.5,NA,NA,NA,NA,NA,NA,NA
1162,36,PVTDF,22,Annonaceae,Sapranthus,palanga,no,11.9,NA,NA,NA,NA,NA,NA,NA
1163,36,PVTDF,23,Anacardiaceae,Spondias,mombin,no,23.9,NA,NA,NA,NA,NA,NA,NA
1164,36,PVTDF,24,Rubiaceae,Calycophyllum,candidissimum,no,25.8,NA,NA,NA,NA,NA,NA,NA
1165,36,PVTDF,25,Rubiaceae,Calycophyllum,candidissimum,no,22.3,NA,NA,NA,NA,NA,NA,NA
1166,36,PVTDF,26,Rubiaceae,Calycophyllum,candidissimum,no,34.5,NA,NA,NA,NA,NA,NA,NA
1167,36,PVTDF,27,Bignoniaceae,Tabebuia,ochracea,no,40,NA,NA,NA,NA,NA,NA,NA
1168,37,PVTDF,1,Euphorbiaceae,Sapium,glandulosum,no,41.3,NA,NA,NA,NA,NA,NA,NA
1169,37,PVTDF,2,Anacardiaceae,Spondias,mombin,no,33.9,NA,NA,NA,NA,NA,NA,NA
1170,37,PVTDF,3,Boraginaceae,Cordia,collococca,no,11.5,NA,NA,NA,NA,NA,NA,NA
1171,37,PVTDF,4,Anacardiaceae,Spondias,mombin,yes,30.1,33.3,NA,NA,NA,NA,NA,NA
1172,37,PVTDF,5,Anacardiaceae,Spondias,mombin,no,27.3,NA,NA,NA,NA,NA,NA,NA
1173,37,PVTDF,6,Annonaceae,Annona,reticulata,no,35.4,NA,NA,NA,NA,NA,NA,NA
1174,37,PVTDF,7,Fabaceae,Albizia,saman,no,37.8,NA,NA,NA,NA,NA,NA,NA
1175,37,PVTDF,8,Malvaceae,Guazuma,ulmifolia,no,19.7,NA,NA,NA,NA,NA,NA,NA
1176,37,PVTDF,9,Malvaceae,Guazuma,ulmifolia,no,10.7,NA,NA,NA,NA,NA,NA,NA
1177,37,PVTDF,10,Fabaceae,Albizia,saman,no,15,NA,NA,NA,NA,NA,NA,NA
1178,37,PVTDF,11,Malvaceae,Guazuma,ulmifolia,yes,10.6,14.7,49.5,NA,NA,NA,NA,NA
1179,37,PVTDF,12,Anacardiaceae,Spondias,mombin,no,10.9,NA,NA,NA,NA,NA,NA,NA
1180,37,PVTDF,13,Anacardiaceae,Spondias,mombin,no,17.6,NA,NA,NA,NA,NA,NA,NA
1181,37,PVTDF,14,Sapotaceae,Manilkara,chicle,no,26.4,NA,NA,NA,NA,NA,NA,NA
1182,37,PVTDF,15,Fabaceae,Albizia,saman,no,11.3,NA,NA,NA,NA,NA,NA,NA
1183,37,PVTDF,16,Rubiaceae,Calycophyllum,candidissimum,no,46.3,NA,NA,NA,NA,NA,NA,NA
1184,37,PVTDF,17,Anacardiaceae,Spondias,mombin,no,26.5,NA,NA,NA,NA,NA,NA,NA
1185,37,PVTDF,18,Anacardiaceae,Spondias,mombin,no,52.5,NA,NA,NA,NA,NA,NA,NA
1186,37,PVTDF,19,Anacardiaceae,Spondias,mombin,no,23.3,NA,NA,NA,NA,NA,NA,NA
1187,37,PVTDF,20,Boraginaceae,Cordia,collococca,no,14,NA,NA,NA,NA,NA,NA,NA
1188,37,PVTDF,21,Annonaceae,Annona,reticulata,no,15.6,NA,NA,NA,NA,NA,NA,NA
1189,37,PVTDF,22,Anacardiaceae,Spondias,mombin,no,21.5,NA,NA,NA,NA,NA,NA,NA
1190,37,PVTDF,23,Anacardiaceae,Spondias,mombin,no,50,NA,NA,NA,NA,NA,NA,NA
1191,37,PVTDF,24,Malvaceae,Apeiba,tibourbou,no,18.7,NA,NA,NA,NA,NA,NA,NA
1192,37,PVTDF,25,Anacardiaceae,Spondias,mombin,no,26.4,NA,NA,NA,NA,NA,NA,NA
1193,37,PVTDF,26,Malvaceae,Apeiba,tibourbou,no,16,NA,NA,NA,NA,NA,NA,NA
1194,37,PVTDF,27,Fabaceae,Caesalpinia,eriostachys,no,30.5,NA,NA,NA,NA,NA,NA,NA
1195,37,PVTDF,28,Anacardiaceae,Spondias,mombin,no,11.9,NA,NA,NA,NA,NA,NA,NA
1196,37,PVTDF,29,Chrysobalanaceae,Licania,arborea,no,46.7,NA,NA,NA,NA,NA,NA,NA
1197,38,PVTDF,1,Bignoniaceae,Tabebuia,ochracea,no,15.7,NA,NA,NA,NA,NA,NA,NA
1198,38,PVTDF,2,Malvaceae,Luehea,speciosa,yes,10,12,12.1,12.3,14.5,14.8,NA,NA
1199,38,PVTDF,3,Fabaceae,Dalbergia,retusa,no,12,NA,NA,NA,NA,NA,NA,NA
1200,38,PVTDF,4,Fabaceae,Lysiloma,divaricatum,no,18.5,NA,NA,NA,NA,NA,NA,NA
1201,38,PVTDF,5,Fabaceae,Lysiloma,divaricatum,yes,11,13,20.9,NA,NA,NA,NA,NA
1202,38,PVTDF,6,Fabaceae,Lysiloma,divaricatum,no,21.5,NA,NA,NA,NA,NA,NA,NA
1203,38,PVTDF,7,Fabaceae,Lysiloma,divaricatum,no,13,NA,NA,NA,NA,NA,NA,NA
1204,38,PVTDF,8,Verbenaceae,Rehdera,trinervis,no,11.5,NA,NA,NA,NA,NA,NA,NA
1205,38,PVTDF,9,Fabaceae,Lysiloma,divaricatum,no,16,NA,NA,NA,NA,NA,NA,NA
1206,38,PVTDF,10,Verbenaceae,Rehdera,trinervis,no,11,NA,NA,NA,NA,NA,NA,NA
1207,38,PVTDF,11,Verbenaceae,Rehdera,trinervis,no,10.8,NA,NA,NA,NA,NA,NA,NA
1208,38,PVTDF,12,Malpighiaceae,Byrsonima,crassifolia,yes,14.3,14.5,NA,NA,NA,NA,NA,NA
1209,38,PVTDF,13,Fabaceae,Piscidia,carthagenensis,yes,12.4,15.2,NA,NA,NA,NA,NA,NA
1210,38,PVTDF,14,Malvaceae,Luehea,speciosa,yes,11,12.3,14,NA,NA,NA,NA,NA
1211,38,PVTDF,15,Verbenaceae,Rehdera,trinervis,no,10.3,NA,NA,NA,NA,NA,NA,NA
1212,38,PVTDF,16,Verbenaceae,Rehdera,trinervis,no,10.4,NA,NA,NA,NA,NA,NA,NA
1213,38,PVTDF,17,Verbenaceae,Rehdera,trinervis,no,21.5,NA,NA,NA,NA,NA,NA,NA
1214,38,PVTDF,18,Verbenaceae,Rehdera,trinervis,no,23.5,NA,NA,NA,NA,NA,NA,NA
1215,38,PVTDF,19,Bignoniaceae,Tabebuia,ochracea,no,10.3,NA,NA,NA,NA,NA,NA,NA
1216,38,PVTDF,20,Malvaceae,Guazuma,ulmifolia,no,15,NA,NA,NA,NA,NA,NA,NA
1217,38,PVTDF,21,Malvaceae,Luehea,speciosa,no,20.3,NA,NA,NA,NA,NA,NA,NA
1218,38,PVTDF,22,Verbenaceae,Rehdera,trinervis,no,15.8,NA,NA,NA,NA,NA,NA,NA
1219,38,PVTDF,23,Verbenaceae,Rehdera,trinervis,no,13,NA,NA,NA,NA,NA,NA,NA
1220,38,PVTDF,24,Verbenaceae,Rehdera,trinervis,yes,12.3,12.8,NA,NA,NA,NA,NA,NA
1221,38,PVTDF,25,Verbenaceae,Rehdera,trinervis,no,15.5,NA,NA,NA,NA,NA,NA,NA
1222,38,PVTDF,26,Fabaceae,Lysiloma,divaricatum,no,11.8,NA,NA,NA,NA,NA,NA,NA
1223,38,PVTDF,27,Verbenaceae,Rehdera,trinervis,no,13,NA,NA,NA,NA,NA,NA,NA
1224,38,PVTDF,28,Verbenaceae,Rehdera,trinervis,no,12.3,NA,NA,NA,NA,NA,NA,NA
1225,38,PVTDF,29,Fabaceae,Lysiloma,divaricatum,no,10.2,NA,NA,NA,NA,NA,NA,NA
1226,38,PVTDF,30,Fabaceae,Lysiloma,divaricatum,no,11,NA,NA,NA,NA,NA,NA,NA
1227,38,PVTDF,31,Fabaceae,Lysiloma,divaricatum,no,21.5,NA,NA,NA,NA,NA,NA,NA
1228,38,PVTDF,32,Bignoniaceae,Godmania,aesculifolia,no,22.2,NA,NA,NA,NA,NA,NA,NA
1229,38,PVTDF,33,Verbenaceae,Rehdera,trinervis,no,14.1,NA,NA,NA,NA,NA,NA,NA
1230,38,PVTDF,34,Verbenaceae,Rehdera,trinervis,no,13.4,NA,NA,NA,NA,NA,NA,NA
1231,38,PVTDF,35,Bignoniaceae,Godmania,aesculifolia,no,12.6,NA,NA,NA,NA,NA,NA,NA
1232,39,PVTDF,1,Meliaceae,Trichilia,martiana,no,15.2,NA,NA,NA,NA,NA,NA,NA
1233,39,PVTDF,2,Meliaceae,Trichilia,martiana,no,15.4,NA,NA,NA,NA,NA,NA,NA
1234,39,PVTDF,3,Anacardiaceae,Spondias,mombin,yes,51.2,52.2,NA,NA,NA,NA,NA,NA
1235,39,PVTDF,4,Nyctaginaceae,Pisonia,aculeata,no,11.8,NA,NA,NA,NA,NA,NA,NA
1236,39,PVTDF,5,Meliaceae,Trichilia,martiana,no,16.5,NA,NA,NA,NA,NA,NA,NA
1237,39,PVTDF,6,Anacardiaceae,Spondias,mombin,no,49.8,NA,NA,NA,NA,NA,NA,NA
1238,39,PVTDF,7,Anacardiaceae,Spondias,mombin,no,49.5,NA,NA,NA,NA,NA,NA,NA
1239,39,PVTDF,8,Annonaceae,Annona,reticulata,no,15.2,NA,NA,NA,NA,NA,NA,NA
1240,39,PVTDF,9,Anacardiaceae,Spondias,mombin,no,42.6,NA,NA,NA,NA,NA,NA,NA
1241,39,PVTDF,10,Myrtaceae,Eugenia,salamensis,no,18.2,NA,NA,NA,NA,NA,NA,NA
1242,39,PVTDF,11,Anacardiaceae,Spondias,mombin,no,26.4,NA,NA,NA,NA,NA,NA,NA
1243,39,PVTDF,12,Anacardiaceae,Spondias,mombin,no,55.8,NA,NA,NA,NA,NA,NA,NA
1244,39,PVTDF,13,Anacardiaceae,Spondias,mombin,yes,18.1,29.2,NA,NA,NA,NA,NA,NA
1245,39,PVTDF,14,Anacardiaceae,Spondias,mombin,yes,27.2,70,NA,NA,NA,NA,NA,NA
1246,39,PVTDF,15,Fabaceae,Albizia,adinocephala,no,11,NA,NA,NA,NA,NA,NA,NA
1247,39,PVTDF,16,Malvaceae,Sterculia,apetala,no,33.2,NA,NA,NA,NA,NA,NA,NA
1248,39,PVTDF,17,Simaroubaceae,Simarouba,glauca,no,39.4,NA,NA,NA,NA,NA,NA,NA
1249,39,PVTDF,18,Malvaceae,Guazuma,ulmifolia,no,15.2,NA,NA,NA,NA,NA,NA,NA
1250,39,PVTDF,19,Anacardiaceae,Spondias,mombin,no,76.9,NA,NA,NA,NA,NA,NA,NA
1251,39,PVTDF,20,Meliaceae,Trichilia,martiana,no,28.8,NA,NA,NA,NA,NA,NA,NA
1252,39,PVTDF,21,Meliaceae,Trichilia,martiana,no,17.3,NA,NA,NA,NA,NA,NA,NA
1253,39,PVTDF,22,Meliaceae,Trichilia,martiana,no,10.4,NA,NA,NA,NA,NA,NA,NA
1254,39,PVTDF,23,Malvaceae,Sterculia,apetala,no,88.4,NA,NA,NA,NA,NA,NA,NA
1255,39,PVTDF,24,Anacardiaceae,Spondias,mombin,no,28.5,NA,NA,NA,NA,NA,NA,NA
1256,39,PVTDF,25,Nyctaginaceae,Pisonia,aculeata,no,12.4,NA,NA,NA,NA,NA,NA,NA
1257,39,PVTDF,26,Meliaceae,Trichilia,martiana,no,19.9,NA,NA,NA,NA,NA,NA,NA
1258,40,PVTDF,1,Fabaceae,Lonchocarpus,minimiflorus,yes,14.3,25.9,NA,NA,NA,NA,NA,NA
1259,40,PVTDF,2,Urticaceae,Cecropia,peltata,no,23.5,NA,NA,NA,NA,NA,NA,NA
1260,40,PVTDF,3,Bignoniaceae,Tabebuia,ochracea,no,14.3,NA,NA,NA,NA,NA,NA,NA
1261,40,PVTDF,4,Fabaceae,Lonchocarpus,minimiflorus,yes,11.4,11.5,NA,NA,NA,NA,NA,NA
1262,40,PVTDF,5,Urticaceae,Cecropia,peltata,no,22,NA,NA,NA,NA,NA,NA,NA
1263,40,PVTDF,6,Boraginaceae,Cordia,alliodora,no,12,NA,NA,NA,NA,NA,NA,NA
1264,40,PVTDF,7,Bignoniaceae,Tabebuia,ochracea,no,12.1,NA,NA,NA,NA,NA,NA,NA
1265,40,PVTDF,8,Meliaceae,Trichilia,martiana,no,17.8,NA,NA,NA,NA,NA,NA,NA
1266,40,PVTDF,9,Burseraceae,Bursera,simaruba,no,22.3,NA,NA,NA,NA,NA,NA,NA
1267,40,PVTDF,10,Urticaceae,Cecropia,peltata,no,21,NA,NA,NA,NA,NA,NA,NA
1268,40,PVTDF,11,Burseraceae,Bursera,simaruba,no,23.9,NA,NA,NA,NA,NA,NA,NA
1269,40,PVTDF,12,Bignoniaceae,Tabebuia,rosea,no,11,NA,NA,NA,NA,NA,NA,NA
1270,40,PVTDF,13,Boraginaceae,Cordia,alliodora,no,20.2,NA,NA,NA,NA,NA,NA,NA
1271,40,PVTDF,14,Boraginaceae,Cordia,alliodora,no,10,NA,NA,NA,NA,NA,NA,NA
1272,40,PVTDF,15,Meliaceae,Trichilia,martiana,no,16.9,NA,NA,NA,NA,NA,NA,NA
1273,40,PVTDF,16,Urticaceae,Cecropia,peltata,no,19.9,NA,NA,NA,NA,NA,NA,NA
1274,40,PVTDF,17,Boraginaceae,Cordia,alliodora,no,16.2,NA,NA,NA,NA,NA,NA,NA
1275,40,PVTDF,18,Boraginaceae,Cordia,alliodora,no,11.5,NA,NA,NA,NA,NA,NA,NA
1276,40,PVTDF,19,Bignoniaceae,Tabebuia,ochracea,no,11.2,NA,NA,NA,NA,NA,NA,NA
1277,40,PVTDF,20,Urticaceae,Cecropia,peltata,no,22.8,NA,NA,NA,NA,NA,NA,NA
1278,40,PVTDF,21,Bignoniaceae,Tabebuia,ochracea,no,13.2,NA,NA,NA,NA,NA,NA,NA
1279,40,PVTDF,22,Bignoniaceae,Tabebuia,ochracea,no,11,NA,NA,NA,NA,NA,NA,NA
1280,40,PVTDF,23,Bignoniaceae,Tabebuia,ochracea,no,11.4,NA,NA,NA,NA,NA,NA,NA
1281,40,PVTDF,24,Urticaceae,Cecropia,peltata,no,20.8,NA,NA,NA,NA,NA,NA,NA
1282,40,PVTDF,25,Urticaceae,Cecropia,peltata,no,30,NA,NA,NA,NA,NA,NA,NA
1283,40,PVTDF,26,Sapindaceae,Allophylus,occidentalis,no,10.2,NA,NA,NA,NA,NA,NA,NA
1284,40,PVTDF,27,Bignoniaceae,Tabebuia,ochracea,no,10.1,NA,NA,NA,NA,NA,NA,NA
1285,40,PVTDF,28,Boraginaceae,Cordia,alliodora,no,14.6,NA,NA,NA,NA,NA,NA,NA
1286,40,PVTDF,29,Capparaceae,Capparis,frondosa,no,11.1,NA,NA,NA,NA,NA,NA,NA
1287,40,PVTDF,30,Urticaceae,Cecropia,peltata,no,14.1,NA,NA,NA,NA,NA,NA,NA
1288,40,PVTDF,31,Urticaceae,Cecropia,peltata,no,26.3,NA,NA,NA,NA,NA,NA,NA
1289,40,PVTDF,32,Urticaceae,Cecropia,peltata,no,25.4,NA,NA,NA,NA,NA,NA,NA
1290,40,PVTDF,33,Urticaceae,Cecropia,peltata,no,20.9,NA,NA,NA,NA,NA,NA,NA
1291,40,PVTDF,34,Urticaceae,Cecropia,peltata,no,24.5,NA,NA,NA,NA,NA,NA,NA
1292,40,PVTDF,35,Fabaceae,Albizia,saman,no,46,NA,NA,NA,NA,NA,NA,NA
1293,40,PVTDF,36,Malvaceae,Guazuma,ulmifolia,no,13.1,NA,NA,NA,NA,NA,NA,NA
1294,40,PVTDF,37,Meliaceae,Trichilia,martiana,no,18.1,NA,NA,NA,NA,NA,NA,NA
1295,40,PVTDF,38,Meliaceae,Trichilia,martiana,no,14.7,NA,NA,NA,NA,NA,NA,NA
1296,40,PVTDF,39,Urticaceae,Cecropia,peltata,no,24.5,NA,NA,NA,NA,NA,NA,NA
1297,40,PVTDF,40,Malvaceae,Guazuma,ulmifolia,no,13,NA,NA,NA,NA,NA,NA,NA
1298,40,PVTDF,41,Malvaceae,Guazuma,ulmifolia,no,16.6,NA,NA,NA,NA,NA,NA,NA
1299,40,PVTDF,42,Bignoniaceae,Tabebuia,ochracea,no,11.1,NA,NA,NA,NA,NA,NA,NA
1300,40,PVTDF,43,Anacardiaceae,Spondias,mombin,no,33.7,NA,NA,NA,NA,NA,NA,NA
1301,40,PVTDF,44,Urticaceae,Cecropia,peltata,no,20.8,NA,NA,NA,NA,NA,NA,NA
1302,40,PVTDF,45,Urticaceae,Cecropia,peltata,no,19.2,NA,NA,NA,NA,NA,NA,NA
1303,40,PVTDF,46,Malvaceae,Guazuma,ulmifolia,no,10.7,NA,NA,NA,NA,NA,NA,NA
1304,40,PVTDF,47,Urticaceae,Cecropia,peltata,no,19.7,NA,NA,NA,NA,NA,NA,NA
1305,40,PVTDF,48,Boraginaceae,Cordia,alliodora,no,15,NA,NA,NA,NA,NA,NA,NA
1306,40,PVTDF,49,Bixacea,Cochlospermum,vitifolium,no,16.5,NA,NA,NA,NA,NA,NA,NA
1307,40,PVTDF,50,Fabaceae,Lonchocarpus,minimiflorus,no,16.8,NA,NA,NA,NA,NA,NA,NA
1308,40,PVTDF,51,Fabaceae,Swartzia,cubensis,no,10,NA,NA,NA,NA,NA,NA,NA
1309,40,PVTDF,52,Malvaceae,Guazuma,ulmifolia,no,17.8,NA,NA,NA,NA,NA,NA,NA
1310,40,PVTDF,53,Urticaceae,Cecropia,peltata,no,22.4,NA,NA,NA,NA,NA,NA,NA
1311,41,PVTDF,1,Malvaceae,Guazuma,ulmifolia,no,17.4,NA,NA,NA,NA,NA,NA,NA
1312,41,PVTDF,2,Malvaceae,Guazuma,ulmifolia,no,19.7,NA,NA,NA,NA,NA,NA,NA
1313,41,PVTDF,3,Boraginaceae,Cordia,alliodora,no,17.5,NA,NA,NA,NA,NA,NA,NA
1314,41,PVTDF,4,Bignoniaceae,Tabebuia,rosea,no,35.3,NA,NA,NA,NA,NA,NA,NA
1315,41,PVTDF,5,Malvaceae,Guazuma,ulmifolia,yes,11.8,14,NA,NA,NA,NA,NA,NA
1316,41,PVTDF,6,Malvaceae,Guazuma,ulmifolia,no,21.8,NA,NA,NA,NA,NA,NA,NA
1317,41,PVTDF,7,Anacardiaceae,Spondias,mombin,no,38.6,NA,NA,NA,NA,NA,NA,NA
1318,41,PVTDF,8,Malvaceae,Guazuma,ulmifolia,no,10.8,NA,NA,NA,NA,NA,NA,NA
1319,41,PVTDF,9,Euphorbiaceae,Sebastiania,pavoniana,no,15.2,NA,NA,NA,NA,NA,NA,NA
1320,41,PVTDF,10,Anacardiaceae,Spondias,mombin,no,23.2,NA,NA,NA,NA,NA,NA,NA
1321,41,PVTDF,11,Bixacea,Cochlospermum,vitifolium,no,45.1,NA,NA,NA,NA,NA,NA,NA
1322,41,PVTDF,12,Anacardiaceae,Spondias,mombin,no,11.8,NA,NA,NA,NA,NA,NA,NA
1323,41,PVTDF,13,Anacardiaceae,Spondias,mombin,no,29,NA,NA,NA,NA,NA,NA,NA
1324,41,PVTDF,14,Bignoniaceae,Tabebuia,impetiginosa,no,13.9,NA,NA,NA,NA,NA,NA,NA
1325,41,PVTDF,15,Fabaceae,Lonchocarpus,felipei,no,10.1,NA,NA,NA,NA,NA,NA,NA
1326,41,PVTDF,16,Bignoniaceae,Tabebuia,impetiginosa,no,27.8,NA,NA,NA,NA,NA,NA,NA
1327,41,PVTDF,17,Bignoniaceae,Tabebuia,ochracea,no,22.3,NA,NA,NA,NA,NA,NA,NA
1328,41,PVTDF,18,Annonaceae,Annona,reticulata,no,16,NA,NA,NA,NA,NA,NA,NA
1329,41,PVTDF,19,Apocynaceae,Thevetia,ovata,no,11.1,NA,NA,NA,NA,NA,NA,NA
1330,41,PVTDF,20,Anacardiaceae,Astronium,graveolens,no,19.2,NA,NA,NA,NA,NA,NA,NA
1331,41,PVTDF,21,Bignoniaceae,Tabebuia,ochracea,no,19.8,NA,NA,NA,NA,NA,NA,NA
1332,41,PVTDF,22,Fabaceae,Lonchocarpus,felipei,no,24.6,NA,NA,NA,NA,NA,NA,NA
1333,41,PVTDF,23,Bignoniaceae,Tabebuia,ochracea,no,11.3,NA,NA,NA,NA,NA,NA,NA
1334,41,PVTDF,24,Fabaceae,Pterocarpus,rohrii,yes,11.2,13.5,NA,NA,NA,NA,NA,NA
1335,41,PVTDF,25,Malvaceae,Luehea,speciosa,no,13.4,NA,NA,NA,NA,NA,NA,NA
1336,41,PVTDF,26,Anacardiaceae,Spondias,mombin,no,40,NA,NA,NA,NA,NA,NA,NA
1337,41,PVTDF,27,Malvaceae,Guazuma,ulmifolia,no,11,NA,NA,NA,NA,NA,NA,NA
1338,41,PVTDF,28,Bignoniaceae,Tabebuia,ochracea,no,18.1,NA,NA,NA,NA,NA,NA,NA
1339,41,PVTDF,29,Malvaceae,Luehea,speciosa,no,36.7,NA,NA,NA,NA,NA,NA,NA
1340,41,PVTDF,30,Bignoniaceae,Tabebuia,rosea,no,35.2,NA,NA,NA,NA,NA,NA,NA
1341,41,PVTDF,31,Fabaceae,Lonchocarpus,felipei,no,28,NA,NA,NA,NA,NA,NA,NA
1342,41,PVTDF,32,Bignoniaceae,Tabebuia,ochracea,no,40.3,NA,NA,NA,NA,NA,NA,NA
1343,41,PVTDF,33,Malvaceae,Luehea,speciosa,yes,16.7,45.6,NA,NA,NA,NA,NA,NA
1344,41,PVTDF,34,Fabaceae,Lonchocarpus,felipei,no,38.5,NA,NA,NA,NA,NA,NA,NA
1345,41,PVTDF,35,Euphorbiaceae,Sapium,glandulosum,no,39.9,NA,NA,NA,NA,NA,NA,NA
1346,41,PVTDF,36,Anacardiaceae,Spondias,mombin,no,15.2,NA,NA,NA,NA,NA,NA,NA
1347,41,PVTDF,37,Anacardiaceae,Spondias,mombin,no,13.4,NA,NA,NA,NA,NA,NA,NA
1348,41,PVTDF,38,Malvaceae,Guazuma,ulmifolia,no,21.8,NA,NA,NA,NA,NA,NA,NA
1349,41,PVTDF,39,Malvaceae,Guazuma,ulmifolia,no,13.3,NA,NA,NA,NA,NA,NA,NA
1350,41,PVTDF,40,Malvaceae,Guazuma,ulmifolia,no,18.1,NA,NA,NA,NA,NA,NA,NA
1351,41,PVTDF,41,Malvaceae,Guazuma,ulmifolia,no,10.2,NA,NA,NA,NA,NA,NA,NA
1352,41,PVTDF,42,Malvaceae,Guazuma,ulmifolia,no,12,NA,NA,NA,NA,NA,NA,NA
1353,41,PVTDF,43,Anacardiaceae,Spondias,purpurea,no,12,NA,NA,NA,NA,NA,NA,NA
1354,41,PVTDF,44,Malvaceae,Guazuma,ulmifolia,no,14.3,NA,NA,NA,NA,NA,NA,NA
1355,41,PVTDF,45,Anacardiaceae,Spondias,mombin,no,21,NA,NA,NA,NA,NA,NA,NA
1356,41,PVTDF,46,Anacardiaceae,Spondias,mombin,yes,10.4,32.4,NA,NA,NA,NA,NA,NA
1357,41,PVTDF,47,Anacardiaceae,Spondias,mombin,no,21.2,NA,NA,NA,NA,NA,NA,NA
1358,41,PVTDF,48,Malvaceae,Guazuma,ulmifolia,no,21.5,NA,NA,NA,NA,NA,NA,NA
1359,41,PVTDF,49,Malvaceae,Guazuma,ulmifolia,yes,10.8,13.3,13.7,14.8,16.7,NA,NA,NA
1360,41,PVTDF,50,Anacardiaceae,Spondias,mombin,no,37.7,NA,NA,NA,NA,NA,NA,NA
1361,42,SRTDF,1,Salicaceae,Casearia,silvestris,no,10,NA,NA,NA,NA,NA,NA,NA
1362,42,SRTDF,2,Salicaceae,Casearia,silvestris,no,11,NA,NA,NA,NA,NA,NA,NA
1363,42,SRTDF,3,Bignoniaceae,Tabebuia,rosea,no,32.1,NA,NA,NA,NA,NA,NA,NA
1364,42,SRTDF,4,Meliaceae,Cedrela,odorata,no,85.3,NA,NA,NA,NA,NA,NA,NA
1365,42,SRTDF,5,Bignoniaceae,Tabebuia,rosea,no,17.2,NA,NA,NA,NA,NA,NA,NA
1366,42,SRTDF,6,Malvaceae,Guazuma,ulmifolia,no,15.9,NA,NA,NA,NA,NA,NA,NA
1367,42,SRTDF,7,Moraceae,Castilla,elastica,yes,10,33.5,NA,NA,NA,NA,NA,NA
1368,42,SRTDF,8,Rubiaceae,Exostema,mexicanum,no,19,NA,NA,NA,NA,NA,NA,NA
1369,42,SRTDF,9,Chrysobalanaceae,Licania,arborea,no,70,NA,NA,NA,NA,NA,NA,NA
1370,42,SRTDF,10,Myrtaceae,Eugenia,salamensis,no,20.4,NA,NA,NA,NA,NA,NA,NA
1371,42,SRTDF,11,Malvaceae,Guazuma,ulmifolia,no,19.8,NA,NA,NA,NA,NA,NA,NA
1372,42,SRTDF,12,Boraginaceae,Cordia,alliodora,no,11.8,NA,NA,NA,NA,NA,NA,NA
1373,42,SRTDF,13,Burseraceae,Bursera,simaruba,no,20,NA,NA,NA,NA,NA,NA,NA
1374,42,SRTDF,14,Burseraceae,Bursera,simaruba,no,17.5,NA,NA,NA,NA,NA,NA,NA
1375,42,SRTDF,15,Annonaceae,Sapranthus,palanga,no,12,NA,NA,NA,NA,NA,NA,NA
1376,42,SRTDF,16,Fabaceae,Lonchocarpus,minimiflorus,no,25.8,NA,NA,NA,NA,NA,NA,NA
1377,42,SRTDF,17,Anacardiaceae,Spondias,mombin,no,36.3,NA,NA,NA,NA,NA,NA,NA
1378,42,SRTDF,18,Malvaceae,Guazuma,ulmifolia,yes,14,18.1,NA,NA,NA,NA,NA,NA
1379,42,SRTDF,19,Malvaceae,Luehea,speciosa,no,33.8,NA,NA,NA,NA,NA,NA,NA
1380,42,SRTDF,20,Malvaceae,Luehea,speciosa,no,21.8,NA,NA,NA,NA,NA,NA,NA
1381,42,SRTDF,21,Malvaceae,Guazuma,ulmifolia,no,26.3,NA,NA,NA,NA,NA,NA,NA
1382,42,SRTDF,22,Malvaceae,Pachira,quinata,no,20.4,NA,NA,NA,NA,NA,NA,NA
1383,42,SRTDF,23,Fabaceae,Lonchocarpus,minimiflorus,no,25,NA,NA,NA,NA,NA,NA,NA
1384,42,SRTDF,24,Nyctaginaceae,Pisonia,aculeata,no,13.1,NA,NA,NA,NA,NA,NA,NA
1385,42,SRTDF,25,Burseraceae,Bursera,simaruba,no,19.1,NA,NA,NA,NA,NA,NA,NA
1386,42,SRTDF,26,Rubiaceae,Calycophyllum,candidissimum,no,10,NA,NA,NA,NA,NA,NA,NA
1387,42,SRTDF,27,Moraceae,Maclura,tinctoria,no,52.9,NA,NA,NA,NA,NA,NA,NA
1388,42,SRTDF,28,Rubiaceae,Calycophyllum,candidissimum,no,21.2,NA,NA,NA,NA,NA,NA,NA
1389,42,SRTDF,29,Nyctaginaceae,Pisonia,aculeata,no,21.8,NA,NA,NA,NA,NA,NA,NA
1390,42,SRTDF,30,Burseraceae,Bursera,simaruba,no,36.5,NA,NA,NA,NA,NA,NA,NA
1391,42,SRTDF,31,Fabaceae,Lonchocarpus,minimiflorus,no,20.4,NA,NA,NA,NA,NA,NA,NA
1392,42,SRTDF,32,Rubiaceae,Calycophyllum,candidissimum,no,11.3,NA,NA,NA,NA,NA,NA,NA
1393,42,SRTDF,33,Anacardiaceae,Spondias,mombin,no,59.7,NA,NA,NA,NA,NA,NA,NA
1394,42,SRTDF,34,Annonaceae,Sapranthus,palanga,no,13.6,NA,NA,NA,NA,NA,NA,NA
1395,42,SRTDF,35,Fabaceae,Lonchocarpus,minimiflorus,no,11.9,NA,NA,NA,NA,NA,NA,NA
1396,42,SRTDF,36,Boraginaceae,Cordia,alliodora,no,29.6,NA,NA,NA,NA,NA,NA,NA
1397,42,SRTDF,37,Arecaceae,Acrocomia,vinifera,no,23.5,NA,NA,NA,NA,NA,NA,NA
1398,42,SRTDF,38,Fabaceae,Lonchocarpus,minimiflorus,no,18.5,NA,NA,NA,NA,NA,NA,NA
1399,42,SRTDF,39,Rubiaceae,Exostema,mexicanum,no,27.5,NA,NA,NA,NA,NA,NA,NA
1400,42,SRTDF,40,Malvaceae,Luehea,speciosa,no,12,NA,NA,NA,NA,NA,NA,NA
1401,42,SRTDF,41,Rhamnaceae,Karwinskia,calderonii,no,14.9,NA,NA,NA,NA,NA,NA,NA
1402,42,SRTDF,42,Anacardiaceae,Spondias,mombin,no,59,NA,NA,NA,NA,NA,NA,NA
1403,42,SRTDF,43,Boraginaceae,Cordia,alliodora,no,30,NA,NA,NA,NA,NA,NA,NA
1404,42,SRTDF,44,Annonaceae,Annona,reticulata,no,16.1,NA,NA,NA,NA,NA,NA,NA
1405,43,SRTDF,1,Malvaceae,Luehea,speciosa,no,31.2,NA,NA,NA,NA,NA,NA,NA
1406,43,SRTDF,2,Fabaceae,Lonchocarpus,felipei,no,16,NA,NA,NA,NA,NA,NA,NA
1407,43,SRTDF,3,Euphorbiaceae,Sebastiania,pavoniana,no,14,NA,NA,NA,NA,NA,NA,NA
1408,43,SRTDF,4,Bixacea,Cochlospermum,vitifolium,no,27.3,NA,NA,NA,NA,NA,NA,NA
1409,43,SRTDF,5,Euphorbiaceae,Sebastiania,pavoniana,no,15.1,NA,NA,NA,NA,NA,NA,NA
1410,43,SRTDF,6,Celastraceae,Semialarium,mexicanum,no,18.1,NA,NA,NA,NA,NA,NA,NA
1411,43,SRTDF,7,Fabaceae,Gliricidia,sepium,no,55.3,NA,NA,NA,NA,NA,NA,NA
1412,43,SRTDF,8,Malvaceae,Luehea,speciosa,no,29.5,NA,NA,NA,NA,NA,NA,NA
1413,43,SRTDF,9,Burseraceae,Bursera,simaruba,no,40.3,NA,NA,NA,NA,NA,NA,NA
1414,43,SRTDF,10,Euphorbiaceae,Sebastiania,pavoniana,no,13.8,NA,NA,NA,NA,NA,NA,NA
1415,43,SRTDF,11,Bignoniaceae,Tabebuia,ochracea,no,25.8,NA,NA,NA,NA,NA,NA,NA
1416,43,SRTDF,12,Euphorbiaceae,Sebastiania,pavoniana,no,12.1,NA,NA,NA,NA,NA,NA,NA
1417,43,SRTDF,13,Euphorbiaceae,Sebastiania,pavoniana,no,11.8,NA,NA,NA,NA,NA,NA,NA
1418,43,SRTDF,14,Euphorbiaceae,Sebastiania,pavoniana,no,15.8,NA,NA,NA,NA,NA,NA,NA
1419,43,SRTDF,15,Malvaceae,Luehea,speciosa,no,28.4,NA,NA,NA,NA,NA,NA,NA
1420,43,SRTDF,16,Burseraceae,Bursera,simaruba,no,31,NA,NA,NA,NA,NA,NA,NA
1421,43,SRTDF,17,Rubiaceae,Chomelia,spinosa,yes,12,19.9,31,NA,NA,NA,NA,NA
1422,43,SRTDF,18,Celastraceae,Semialarium,mexicanum,yes,12.3,20.2,NA,NA,NA,NA,NA,NA
1423,43,SRTDF,19,Rubiaceae,Exostema,mexicanum,no,27.4,NA,NA,NA,NA,NA,NA,NA
1424,43,SRTDF,20,Bignoniaceae,Tabebuia,ochracea,no,26.5,NA,NA,NA,NA,NA,NA,NA
1425,43,SRTDF,21,Fabaceae,Hymenaea,courbaril,no,16.3,NA,NA,NA,NA,NA,NA,NA
1426,43,SRTDF,22,Malvaceae,Luehea,speciosa,no,15.3,NA,NA,NA,NA,NA,NA,NA
1427,43,SRTDF,23,Verbenaceae,Rehdera,trinervis,no,26.9,NA,NA,NA,NA,NA,NA,NA
1428,43,SRTDF,24,Euphorbiaceae,Sebastiania,pavoniana,no,12,NA,NA,NA,NA,NA,NA,NA
1429,43,SRTDF,25,Celastraceae,Semialarium,mexicanum,no,34.9,NA,NA,NA,NA,NA,NA,NA
1430,43,SRTDF,26,Rubiaceae,Calycophyllum,candidissimum,yes,18.7,32.1,NA,NA,NA,NA,NA,NA
1431,43,SRTDF,27,Rubiaceae,Exostema,mexicanum,no,11.8,NA,NA,NA,NA,NA,NA,NA
1432,43,SRTDF,28,Celastraceae,Semialarium,mexicanum,no,15.1,NA,NA,NA,NA,NA,NA,NA
1433,43,SRTDF,29,Celastraceae,Semialarium,mexicanum,no,13.8,NA,NA,NA,NA,NA,NA,NA
1434,43,SRTDF,30,Fabaceae,Lonchocarpus,felipei,no,29.7,NA,NA,NA,NA,NA,NA,NA
1435,43,SRTDF,31,Fabaceae,Myrospermum,frutescens,no,15,NA,NA,NA,NA,NA,NA,NA
1436,43,SRTDF,32,Rhamnaceae,Karwinskia,calderonii,no,38.9,NA,NA,NA,NA,NA,NA,NA
1437,43,SRTDF,33,Rubiaceae,Exostema,mexicanum,no,14,NA,NA,NA,NA,NA,NA,NA
1438,43,SRTDF,34,Rubiaceae,Exostema,mexicanum,no,12.1,NA,NA,NA,NA,NA,NA,NA
1439,43,SRTDF,35,Celastraceae,Semialarium,mexicanum,no,15.5,NA,NA,NA,NA,NA,NA,NA
1440,43,SRTDF,36,Burseraceae,Bursera,simaruba,no,14.4,NA,NA,NA,NA,NA,NA,NA
1441,43,SRTDF,37,Moraceae,Maclura,tinctoria,no,29.5,NA,NA,NA,NA,NA,NA,NA
1442,43,SRTDF,38,Celastraceae,Semialarium,mexicanum,no,17.2,NA,NA,NA,NA,NA,NA,NA
1443,43,SRTDF,39,Rubiaceae,Calycophyllum,candidissimum,no,36.1,NA,NA,NA,NA,NA,NA,NA
1444,43,SRTDF,40,Rubiaceae,Calycophyllum,candidissimum,yes,24.6,35.5,NA,NA,NA,NA,NA,NA
1445,43,SRTDF,41,Burseraceae,Bursera,simaruba,no,14.8,NA,NA,NA,NA,NA,NA,NA
1446,43,SRTDF,42,Euphorbiaceae,Sebastiania,pavoniana,no,11.9,NA,NA,NA,NA,NA,NA,NA
1447,43,SRTDF,43,Euphorbiaceae,Sebastiania,pavoniana,no,20.8,NA,NA,NA,NA,NA,NA,NA
1448,43,SRTDF,44,Bignoniaceae,Tabebuia,ochracea,no,36.2,NA,NA,NA,NA,NA,NA,NA
1449,43,SRTDF,45,Schoepfiaceae,Schoepfia,schreberi,no,20.6,NA,NA,NA,NA,NA,NA,NA
1450,43,SRTDF,46,Verbenaceae,Rehdera,trinervis,no,17.1,NA,NA,NA,NA,NA,NA,NA
1451,43,SRTDF,47,Meliaceae,Trichilia,americana,yes,11.3,28.6,NA,NA,NA,NA,NA,NA
1452,43,SRTDF,48,Rubiaceae,Calycophyllum,candidissimum,yes,22.8,47.1,NA,NA,NA,NA,NA,NA
1453,43,SRTDF,49,Fabaceae,Lonchocarpus,minimiflorus,no,11.5,NA,NA,NA,NA,NA,NA,NA
1454,43,SRTDF,50,Euphorbiaceae,Sebastiania,pavoniana,no,14.1,NA,NA,NA,NA,NA,NA,NA
1455,43,SRTDF,51,Fabaceae,Lonchocarpus,minimiflorus,no,19,NA,NA,NA,NA,NA,NA,NA
1456,44,SRTDF,1,Sapindaceae,Allophylus,occidentalis,no,10.5,NA,NA,NA,NA,NA,NA,NA
1457,44,SRTDF,2,Verbenaceae,Rehdera,trinervis,no,18.5,NA,NA,NA,NA,NA,NA,NA
1458,44,SRTDF,3,Fabaceae,Gliricidia,sepium,yes,10.1,10.2,13.7,NA,NA,NA,NA,NA
1459,44,SRTDF,4,Bixacea,Cochlospermum,vitifolium,no,15.2,NA,NA,NA,NA,NA,NA,NA
1460,44,SRTDF,5,Fabaceae,Gliricidia,sepium,yes,12.9,13,NA,NA,NA,NA,NA,NA
1461,44,SRTDF,6,Verbenaceae,Rehdera,trinervis,no,13,NA,NA,NA,NA,NA,NA,NA
1462,44,SRTDF,7,Verbenaceae,Rehdera,trinervis,no,10.9,NA,NA,NA,NA,NA,NA,NA
1463,44,SRTDF,8,Verbenaceae,Rehdera,trinervis,no,25.1,NA,NA,NA,NA,NA,NA,NA
1464,44,SRTDF,9,Celastraceae,Semialarium,mexicanum,no,11.2,NA,NA,NA,NA,NA,NA,NA
1465,44,SRTDF,10,Verbenaceae,Rehdera,trinervis,no,17.9,NA,NA,NA,NA,NA,NA,NA
1466,44,SRTDF,11,Verbenaceae,Rehdera,trinervis,no,16,NA,NA,NA,NA,NA,NA,NA
1467,44,SRTDF,12,Verbenaceae,Rehdera,trinervis,no,15.8,NA,NA,NA,NA,NA,NA,NA
1468,44,SRTDF,13,Verbenaceae,Rehdera,trinervis,no,10.6,NA,NA,NA,NA,NA,NA,NA
1469,44,SRTDF,14,Verbenaceae,Rehdera,trinervis,no,18.5,NA,NA,NA,NA,NA,NA,NA
1470,44,SRTDF,15,Fabaceae,Gliricidia,sepium,no,11.5,NA,NA,NA,NA,NA,NA,NA
1471,44,SRTDF,16,Fabaceae,Ateleia,herbert-smithii,no,22.2,NA,NA,NA,NA,NA,NA,NA
1472,44,SRTDF,17,Verbenaceae,Rehdera,trinervis,yes,12.4,18.5,NA,NA,NA,NA,NA,NA
1473,44,SRTDF,18,Verbenaceae,Rehdera,trinervis,no,11,NA,NA,NA,NA,NA,NA,NA
1474,44,SRTDF,19,Fabaceae,Gliricidia,sepium,no,10.8,NA,NA,NA,NA,NA,NA,NA
1475,44,SRTDF,20,Fabaceae,Gliricidia,sepium,no,10.5,NA,NA,NA,NA,NA,NA,NA
1476,44,SRTDF,21,Verbenaceae,Rehdera,trinervis,no,12.2,NA,NA,NA,NA,NA,NA,NA
1477,44,SRTDF,22,Verbenaceae,Rehdera,trinervis,yes,12.9,21,NA,NA,NA,NA,NA,NA
1478,44,SRTDF,23,Verbenaceae,Rehdera,trinervis,no,14.2,NA,NA,NA,NA,NA,NA,NA
1479,44,SRTDF,24,Verbenaceae,Rehdera,trinervis,no,14,NA,NA,NA,NA,NA,NA,NA
1480,44,SRTDF,25,Verbenaceae,Rehdera,trinervis,no,15.3,NA,NA,NA,NA,NA,NA,NA
1481,44,SRTDF,26,Verbenaceae,Rehdera,trinervis,no,11.3,NA,NA,NA,NA,NA,NA,NA
1482,44,SRTDF,27,Celastraceae,Semialarium,mexicanum,no,27.5,NA,NA,NA,NA,NA,NA,NA
1483,44,SRTDF,28,Fabaceae,Gliricidia,sepium,no,11.9,NA,NA,NA,NA,NA,NA,NA
1484,44,SRTDF,29,Bixacea,Cochlospermum,vitifolium,no,19.9,NA,NA,NA,NA,NA,NA,NA
1485,44,SRTDF,30,Fabaceae,Gliricidia,sepium,yes,10.7,12,12.1,NA,NA,NA,NA,NA
1486,44,SRTDF,31,Verbenaceae,Rehdera,trinervis,no,16.9,NA,NA,NA,NA,NA,NA,NA
1487,44,SRTDF,32,Bixacea,Cochlospermum,vitifolium,no,20.3,NA,NA,NA,NA,NA,NA,NA
1488,44,SRTDF,33,Verbenaceae,Rehdera,trinervis,no,16.8,NA,NA,NA,NA,NA,NA,NA
1489,44,SRTDF,34,Verbenaceae,Rehdera,trinervis,no,15.7,NA,NA,NA,NA,NA,NA,NA
1490,44,SRTDF,35,Verbenaceae,Rehdera,trinervis,no,17.7,NA,NA,NA,NA,NA,NA,NA
1491,44,SRTDF,36,Verbenaceae,Rehdera,trinervis,no,11.1,NA,NA,NA,NA,NA,NA,NA
1492,44,SRTDF,37,Verbenaceae,Rehdera,trinervis,no,12.4,NA,NA,NA,NA,NA,NA,NA
1493,44,SRTDF,38,Verbenaceae,Rehdera,trinervis,no,20.2,NA,NA,NA,NA,NA,NA,NA
1494,44,SRTDF,39,Verbenaceae,Rehdera,trinervis,no,13.8,NA,NA,NA,NA,NA,NA,NA
1495,44,SRTDF,40,Verbenaceae,Rehdera,trinervis,no,11.6,NA,NA,NA,NA,NA,NA,NA
1496,44,SRTDF,41,Verbenaceae,Rehdera,trinervis,no,11.7,NA,NA,NA,NA,NA,NA,NA
1497,44,SRTDF,42,Verbenaceae,Rehdera,trinervis,no,10.8,NA,NA,NA,NA,NA,NA,NA
1498,44,SRTDF,43,Verbenaceae,Rehdera,trinervis,no,12.4,NA,NA,NA,NA,NA,NA,NA
1499,44,SRTDF,44,Verbenaceae,Rehdera,trinervis,no,15.6,NA,NA,NA,NA,NA,NA,NA
1500,44,SRTDF,45,Fabaceae,Gliricidia,sepium,no,19.7,NA,NA,NA,NA,NA,NA,NA
1501,44,SRTDF,46,Malvaceae,Guazuma,ulmifolia,yes,14.8,15.7,20.2,NA,NA,NA,NA,NA
1502,44,SRTDF,47,Verbenaceae,Rehdera,trinervis,no,42.7,NA,NA,NA,NA,NA,NA,NA
1503,44,SRTDF,48,Celastraceae,Semialarium,mexicanum,no,11.2,NA,NA,NA,NA,NA,NA,NA
1504,44,SRTDF,49,Myrtaceae,Eugenia,salamensis,no,14.2,NA,NA,NA,NA,NA,NA,NA
1505,44,SRTDF,50,Fabaceae,Dalbergia,retusa,no,49.4,NA,NA,NA,NA,NA,NA,NA
1506,45,SRTDF,1,Malvaceae,Luehea,speciosa,no,23.7,NA,NA,NA,NA,NA,NA,NA
1507,45,SRTDF,2,Simaroubaceae,Simarouba,glauca,no,22.6,NA,NA,NA,NA,NA,NA,NA
1508,45,SRTDF,3,Chrysobalanaceae,Licania,arborea,no,50,NA,NA,NA,NA,NA,NA,NA
1509,45,SRTDF,4,Burseraceae,Bursera,simaruba,no,11.9,NA,NA,NA,NA,NA,NA,NA
1510,45,SRTDF,5,Meliaceae,Swietenia,macrophylla,no,36,NA,NA,NA,NA,NA,NA,NA
1511,45,SRTDF,6,Fabaceae,Dalbergia,retusa,no,46.5,NA,NA,NA,NA,NA,NA,NA
1512,45,SRTDF,7,Elaeocarpaceae,Sloanea,terniflora,no,20.1,NA,NA,NA,NA,NA,NA,NA
1513,45,SRTDF,8,Rubiaceae,Chomelia,spinosa,no,10.3,NA,NA,NA,NA,NA,NA,NA
1514,45,SRTDF,9,Fabaceae,Acosmium,panamense,no,58.5,NA,NA,NA,NA,NA,NA,NA
1515,45,SRTDF,10,Celastraceae,Semialarium,mexicanum,yes,17,17.5,NA,NA,NA,NA,NA,NA
1516,45,SRTDF,11,Burseraceae,Bursera,simaruba,no,14.3,NA,NA,NA,NA,NA,NA,NA
1517,45,SRTDF,12,Fabaceae,Lonchocarpus,rugosus,no,12.5,NA,NA,NA,NA,NA,NA,NA
1518,45,SRTDF,13,Malvaceae,Guazuma,ulmifolia,no,16.5,NA,NA,NA,NA,NA,NA,NA
1519,45,SRTDF,14,Malvaceae,Guazuma,ulmifolia,no,14.9,NA,NA,NA,NA,NA,NA,NA
1520,45,SRTDF,15,Malvaceae,Guazuma,ulmifolia,yes,17.8,19.9,NA,NA,NA,NA,NA,NA
1521,45,SRTDF,16,Malvaceae,Pachira,quinata,no,80.5,NA,NA,NA,NA,NA,NA,NA
1522,45,SRTDF,17,Rubiaceae,Chomelia,spinosa,no,13.5,NA,NA,NA,NA,NA,NA,NA
1523,45,SRTDF,18,Rubiaceae,Calycophyllum,candidissimum,no,19.7,NA,NA,NA,NA,NA,NA,NA
1524,45,SRTDF,19,Celastraceae,Semialarium,mexicanum,yes,13.5,33.7,NA,NA,NA,NA,NA,NA
1525,45,SRTDF,20,Celastraceae,Semialarium,mexicanum,no,12.6,NA,NA,NA,NA,NA,NA,NA
1526,45,SRTDF,21,Euphorbiaceae,Sebastiania,pavoniana,no,15,NA,NA,NA,NA,NA,NA,NA
1527,45,SRTDF,22,Rubiaceae,Genipa,americana,no,11.6,NA,NA,NA,NA,NA,NA,NA
1528,45,SRTDF,23,Myrtaceae,Eugenia,salamensis,no,22.4,NA,NA,NA,NA,NA,NA,NA
1529,45,SRTDF,24,Bixacea,Cochlospermum,vitifolium,no,22.5,NA,NA,NA,NA,NA,NA,NA
1530,45,SRTDF,25,Celastraceae,Semialarium,mexicanum,yes,10.8,11.6,NA,NA,NA,NA,NA,NA
1531,45,SRTDF,26,Burseraceae,Bursera,simaruba,no,28.7,NA,NA,NA,NA,NA,NA,NA
1532,45,SRTDF,27,Celastraceae,Semialarium,mexicanum,yes,10.3,11.3,NA,NA,NA,NA,NA,NA
1533,45,SRTDF,28,Malvaceae,Guazuma,ulmifolia,no,26.2,NA,NA,NA,NA,NA,NA,NA
1534,45,SRTDF,29,Rubiaceae,Calycophyllum,candidissimum,no,12.1,NA,NA,NA,NA,NA,NA,NA
1535,45,SRTDF,30,Celastraceae,Semialarium,mexicanum,yes,16,24.3,NA,NA,NA,NA,NA,NA
1536,45,SRTDF,31,Anacardiaceae,Spondias,mombin,no,13.2,NA,NA,NA,NA,NA,NA,NA
1537,45,SRTDF,32,Malvaceae,Guazuma,ulmifolia,yes,13.8,16.3,NA,NA,NA,NA,NA,NA
1538,45,SRTDF,33,Bixacea,Cochlospermum,vitifolium,no,28.5,NA,NA,NA,NA,NA,NA,NA
1539,45,SRTDF,34,Celastraceae,Semialarium,mexicanum,no,11.6,NA,NA,NA,NA,NA,NA,NA
1540,45,SRTDF,35,Celastraceae,Semialarium,mexicanum,no,19.7,NA,NA,NA,NA,NA,NA,NA
1541,45,SRTDF,36,Celastraceae,Semialarium,mexicanum,no,10.5,NA,NA,NA,NA,NA,NA,NA
1542,45,SRTDF,37,Myrtaceae,Eugenia,salamensis,no,11.3,NA,NA,NA,NA,NA,NA,NA
1543,45,SRTDF,38,Celastraceae,Semialarium,mexicanum,no,18.6,NA,NA,NA,NA,NA,NA,NA
1544,45,SRTDF,39,Burseraceae,Bursera,simaruba,no,29.4,NA,NA,NA,NA,NA,NA,NA
1545,45,SRTDF,40,Euphorbiaceae,Sebastiania,pavoniana,no,20.3,NA,NA,NA,NA,NA,NA,NA
1546,45,SRTDF,41,Malvaceae,Luehea,speciosa,no,17.4,NA,NA,NA,NA,NA,NA,NA
1547,45,SRTDF,42,Schoepfiaceae,Schoepfia,schreberi,no,15.6,NA,NA,NA,NA,NA,NA,NA
1548,45,SRTDF,43,Euphorbiaceae,Sebastiania,pavoniana,no,10.7,NA,NA,NA,NA,NA,NA,NA
1549,45,SRTDF,44,Boraginaceae,Cordia,alliodora,no,17.8,NA,NA,NA,NA,NA,NA,NA
1550,45,SRTDF,45,Euphorbiaceae,Sebastiania,pavoniana,no,10.7,NA,NA,NA,NA,NA,NA,NA
1551,45,SRTDF,46,Chrysobalanaceae,Licania,arborea,no,24.9,NA,NA,NA,NA,NA,NA,NA
1552,46,SRTDF,1,Fabaceae,Gliricidia,sepium,yes,13.5,14.9,NA,NA,NA,NA,NA,NA
1553,46,SRTDF,2,Bixacea,Cochlospermum,vitifolium,no,13,NA,NA,NA,NA,NA,NA,NA
1554,46,SRTDF,3,Fabaceae,Gliricidia,sepium,yes,11.5,13.5,NA,NA,NA,NA,NA,NA
1555,46,SRTDF,4,Fabaceae,Gliricidia,sepium,yes,10.5,11,NA,NA,NA,NA,NA,NA
1556,46,SRTDF,5,Meliaceae,Swietenia,macrophylla,no,17.8,NA,NA,NA,NA,NA,NA,NA
1557,46,SRTDF,6,Verbenaceae,Rehdera,trinervis,no,13,NA,NA,NA,NA,NA,NA,NA
1558,46,SRTDF,7,Celastraceae,Semialarium,mexicanum,no,11,NA,NA,NA,NA,NA,NA,NA
1559,46,SRTDF,8,Malvaceae,Luehea,speciosa,no,10.2,NA,NA,NA,NA,NA,NA,NA
1560,46,SRTDF,9,Meliaceae,Swietenia,macrophylla,no,16.5,NA,NA,NA,NA,NA,NA,NA
1561,46,SRTDF,10,Fabaceae,Ateleia,herbert-smithii,no,12.6,NA,NA,NA,NA,NA,NA,NA
1562,46,SRTDF,11,Malvaceae,Luehea,speciosa,no,10.2,NA,NA,NA,NA,NA,NA,NA
1563,46,SRTDF,12,Malvaceae,Luehea,speciosa,no,11,NA,NA,NA,NA,NA,NA,NA
1564,46,SRTDF,13,Malvaceae,Luehea,speciosa,no,15.2,NA,NA,NA,NA,NA,NA,NA
1565,46,SRTDF,14,Malvaceae,Luehea,speciosa,no,16,NA,NA,NA,NA,NA,NA,NA
1566,46,SRTDF,15,Fabaceae,Lonchocarpus,rugosus,no,12.9,NA,NA,NA,NA,NA,NA,NA
1567,46,SRTDF,16,Verbenaceae,Rehdera,trinervis,no,16.8,NA,NA,NA,NA,NA,NA,NA
1568,46,SRTDF,17,Fabaceae,Gliricidia,sepium,no,10.4,NA,NA,NA,NA,NA,NA,NA
1569,46,SRTDF,18,Meliaceae,Swietenia,macrophylla,no,16.2,NA,NA,NA,NA,NA,NA,NA
1570,46,SRTDF,19,Meliaceae,Swietenia,macrophylla,no,11.8,NA,NA,NA,NA,NA,NA,NA
1571,46,SRTDF,20,Fabaceae,Ateleia,herbert-smithii,no,14.7,NA,NA,NA,NA,NA,NA,NA
1572,46,SRTDF,21,Malvaceae,Luehea,speciosa,no,11,NA,NA,NA,NA,NA,NA,NA
1573,46,SRTDF,22,Fabaceae,Ateleia,herbert-smithii,no,10.8,NA,NA,NA,NA,NA,NA,NA
1574,46,SRTDF,23,Fabaceae,Ateleia,herbert-smithii,no,12.1,NA,NA,NA,NA,NA,NA,NA
1575,46,SRTDF,24,Boraginaceae,Cordia,alliodora,no,12.1,NA,NA,NA,NA,NA,NA,NA
1576,46,SRTDF,25,Malvaceae,Luehea,speciosa,no,13.9,NA,NA,NA,NA,NA,NA,NA
1577,46,SRTDF,26,Meliaceae,Swietenia,macrophylla,no,14,NA,NA,NA,NA,NA,NA,NA
1578,46,SRTDF,27,Verbenaceae,Rehdera,trinervis,no,12.2,NA,NA,NA,NA,NA,NA,NA
1579,46,SRTDF,28,Fabaceae,Gliricidia,sepium,no,13.2,NA,NA,NA,NA,NA,NA,NA
1580,46,SRTDF,29,Malvaceae,Luehea,speciosa,no,10.9,NA,NA,NA,NA,NA,NA,NA
1581,46,SRTDF,30,Malvaceae,Luehea,speciosa,yes,14,19.8,NA,NA,NA,NA,NA,NA
1582,46,SRTDF,31,Fabaceae,Gliricidia,sepium,no,12.4,NA,NA,NA,NA,NA,NA,NA
1583,46,SRTDF,32,Fabaceae,Gliricidia,sepium,yes,10.3,12,NA,NA,NA,NA,NA,NA
1584,46,SRTDF,33,Malvaceae,Apeiba,tibourbou,no,13,NA,NA,NA,NA,NA,NA,NA
1585,46,SRTDF,34,Fabaceae,Ateleia,herbert-smithii,no,10.9,NA,NA,NA,NA,NA,NA,NA
1586,46,SRTDF,35,Malvaceae,Luehea,speciosa,no,10.9,NA,NA,NA,NA,NA,NA,NA
1587,46,SRTDF,36,Fabaceae,Ateleia,herbert-smithii,yes,12.2,19.4,NA,NA,NA,NA,NA,NA
1588,46,SRTDF,37,Malvaceae,Apeiba,tibourbou,no,10.4,NA,NA,NA,NA,NA,NA,NA
1589,46,SRTDF,38,Meliaceae,Swietenia,macrophylla,no,13.8,NA,NA,NA,NA,NA,NA,NA
1590,46,SRTDF,39,Meliaceae,Swietenia,macrophylla,no,18.2,NA,NA,NA,NA,NA,NA,NA
1591,46,SRTDF,40,Fabaceae,Ateleia,herbert-smithii,no,12.3,NA,NA,NA,NA,NA,NA,NA
1592,46,SRTDF,41,Fabaceae,Ateleia,herbert-smithii,no,10.3,NA,NA,NA,NA,NA,NA,NA
1593,46,SRTDF,42,Malvaceae,Luehea,speciosa,no,10.1,NA,NA,NA,NA,NA,NA,NA
1594,46,SRTDF,43,Malvaceae,Luehea,speciosa,no,11.5,NA,NA,NA,NA,NA,NA,NA
1595,46,SRTDF,44,Meliaceae,Swietenia,macrophylla,no,19.1,NA,NA,NA,NA,NA,NA,NA
1596,46,SRTDF,45,Dilleniaceae,Curatella,americana,no,10.2,NA,NA,NA,NA,NA,NA,NA
1597,46,SRTDF,46,Celastraceae,Semialarium,mexicanum,yes,11.2,12.3,NA,NA,NA,NA,NA,NA
1598,46,SRTDF,47,Fabaceae,Gliricidia,sepium,no,10.8,NA,NA,NA,NA,NA,NA,NA
1599,46,SRTDF,48,Celastraceae,Semialarium,mexicanum,no,12.5,NA,NA,NA,NA,NA,NA,NA
1600,46,SRTDF,49,Fabaceae,Gliricidia,sepium,no,12,NA,NA,NA,NA,NA,NA,NA
1601,46,SRTDF,50,Fabaceae,Gliricidia,sepium,no,10.5,NA,NA,NA,NA,NA,NA,NA
1602,46,SRTDF,51,Fabaceae,Lonchocarpus,rugosus,no,18.9,NA,NA,NA,NA,NA,NA,NA
1603,46,SRTDF,52,Fabaceae,Gliricidia,sepium,no,11.1,NA,NA,NA,NA,NA,NA,NA
1604,46,SRTDF,53,Malvaceae,Luehea,speciosa,yes,11.5,12.5,NA,NA,NA,NA,NA,NA
1605,47,SRTDF,1,Malpighiaceae,Byrsonima,crassifolia,no,11.9,NA,NA,NA,NA,NA,NA,NA
1606,47,SRTDF,2,Malvaceae,Luehea,speciosa,no,10.2,NA,NA,NA,NA,NA,NA,NA
1607,47,SRTDF,3,Verbenaceae,Rehdera,trinervis,yes,18.5,22,NA,NA,NA,NA,NA,NA
1608,47,SRTDF,4,Anacardiaceae,Spondias,mombin,no,13.1,NA,NA,NA,NA,NA,NA,NA
1609,47,SRTDF,5,Verbenaceae,Rehdera,trinervis,yes,12.5,16,23.5,NA,NA,NA,NA,NA
1610,47,SRTDF,6,Malvaceae,Luehea,candida,no,10.9,NA,NA,NA,NA,NA,NA,NA
1611,47,SRTDF,7,Malvaceae,Luehea,candida,no,10,NA,NA,NA,NA,NA,NA,NA
1612,47,SRTDF,8,Verbenaceae,Rehdera,trinervis,no,26,NA,NA,NA,NA,NA,NA,NA
1613,47,SRTDF,9,Verbenaceae,Rehdera,trinervis,no,12.9,NA,NA,NA,NA,NA,NA,NA
1614,47,SRTDF,10,Verbenaceae,Rehdera,trinervis,no,21.9,NA,NA,NA,NA,NA,NA,NA
1615,47,SRTDF,11,Verbenaceae,Rehdera,trinervis,yes,12,13.5,28.5,NA,NA,NA,NA,NA
1616,47,SRTDF,12,Verbenaceae,Rehdera,trinervis,no,20.9,NA,NA,NA,NA,NA,NA,NA
1617,47,SRTDF,13,Verbenaceae,Rehdera,trinervis,yes,15.5,18,NA,NA,NA,NA,NA,NA
1618,47,SRTDF,14,Malvaceae,Luehea,candida,yes,10.5,19,NA,NA,NA,NA,NA,NA
1619,47,SRTDF,15,Verbenaceae,Rehdera,trinervis,yes,18.2,19.4,NA,NA,NA,NA,NA,NA
1620,47,SRTDF,16,Verbenaceae,Rehdera,trinervis,no,23,NA,NA,NA,NA,NA,NA,NA
1621,47,SRTDF,17,Verbenaceae,Rehdera,trinervis,no,23.2,NA,NA,NA,NA,NA,NA,NA
1622,47,SRTDF,18,Fabaceae,Gliricidia,sepium,no,11.3,NA,NA,NA,NA,NA,NA,NA
1623,47,SRTDF,19,Malvaceae,Luehea,candida,no,10.8,NA,NA,NA,NA,NA,NA,NA
1624,47,SRTDF,20,Verbenaceae,Rehdera,trinervis,no,13.1,NA,NA,NA,NA,NA,NA,NA
1625,47,SRTDF,21,Fabaceae,Ateleia,herbert-smithii,yes,10.1,11.4,NA,NA,NA,NA,NA,NA
1626,47,SRTDF,22,Verbenaceae,Rehdera,trinervis,no,14.7,NA,NA,NA,NA,NA,NA,NA
1627,47,SRTDF,23,Verbenaceae,Rehdera,trinervis,no,30.9,NA,NA,NA,NA,NA,NA,NA
1628,48,SRTDF,1,Burseraceae,Bursera,simaruba,no,21.7,NA,NA,NA,NA,NA,NA,NA
1629,48,SRTDF,2,Rubiaceae,Genipa,americana,no,18.3,NA,NA,NA,NA,NA,NA,NA
1630,48,SRTDF,3,Burseraceae,Bursera,simaruba,no,23.1,NA,NA,NA,NA,NA,NA,NA
1631,48,SRTDF,4,Verbenaceae,Rehdera,trinervis,no,18,NA,NA,NA,NA,NA,NA,NA
1632,48,SRTDF,5,Capparaceae,Capparis,indica,no,12.8,NA,NA,NA,NA,NA,NA,NA
1633,48,SRTDF,6,Burseraceae,Bursera,simaruba,no,20.1,NA,NA,NA,NA,NA,NA,NA
1634,48,SRTDF,7,Rubiaceae,Calycophyllum,candidissimum,yes,11.4,21.6,NA,NA,NA,NA,NA,NA
1635,48,SRTDF,8,Rubiaceae,Guettarda,macrosperma,no,13,NA,NA,NA,NA,NA,NA,NA
1636,48,SRTDF,9,Rubiaceae,Genipa,americana,no,12.4,NA,NA,NA,NA,NA,NA,NA
1637,48,SRTDF,10,Rubiaceae,Calycophyllum,candidissimum,no,27,NA,NA,NA,NA,NA,NA,NA
1638,48,SRTDF,11,Burseraceae,Bursera,simaruba,no,20.1,NA,NA,NA,NA,NA,NA,NA
1639,48,SRTDF,12,Burseraceae,Bursera,simaruba,no,19.1,NA,NA,NA,NA,NA,NA,NA
1640,48,SRTDF,13,Malvaceae,Pachira,quinata,yes,11.9,53.4,NA,NA,NA,NA,NA,NA
1641,48,SRTDF,14,Rubiaceae,Calycophyllum,candidissimum,no,13,NA,NA,NA,NA,NA,NA,NA
1642,48,SRTDF,15,Rubiaceae,Calycophyllum,candidissimum,no,21.3,NA,NA,NA,NA,NA,NA,NA
1643,48,SRTDF,16,Rubiaceae,Calycophyllum,candidissimum,no,12.1,NA,NA,NA,NA,NA,NA,NA
1644,48,SRTDF,17,Rubiaceae,Calycophyllum,candidissimum,no,18.5,NA,NA,NA,NA,NA,NA,NA
1645,48,SRTDF,18,Malvaceae,Pachira,quinata,no,10,NA,NA,NA,NA,NA,NA,NA
1646,48,SRTDF,19,Rubiaceae,Calycophyllum,candidissimum,yes,15.8,16.1,19.3,NA,NA,NA,NA,NA
1647,48,SRTDF,20,Rubiaceae,Calycophyllum,candidissimum,no,30.5,NA,NA,NA,NA,NA,NA,NA
1648,48,SRTDF,21,Rubiaceae,Calycophyllum,candidissimum,no,13.1,NA,NA,NA,NA,NA,NA,NA
1649,48,SRTDF,22,Rubiaceae,Calycophyllum,candidissimum,no,20.3,NA,NA,NA,NA,NA,NA,NA
1650,48,SRTDF,23,Celastraceae,Semialarium,mexicanum,no,10.4,NA,NA,NA,NA,NA,NA,NA
1651,48,SRTDF,24,Rubiaceae,Calycophyllum,candidissimum,yes,11.3,25,NA,NA,NA,NA,NA,NA
1652,48,SRTDF,25,Rubiaceae,Calycophyllum,candidissimum,no,36.2,NA,NA,NA,NA,NA,NA,NA
1653,48,SRTDF,26,Rubiaceae,Calycophyllum,candidissimum,no,29.9,NA,NA,NA,NA,NA,NA,NA
1654,48,SRTDF,27,Rubiaceae,Calycophyllum,candidissimum,yes,14.4,26.9,NA,NA,NA,NA,NA,NA
1655,48,SRTDF,28,Celastraceae,Semialarium,mexicanum,no,14.9,NA,NA,NA,NA,NA,NA,NA
1656,48,SRTDF,29,Burseraceae,Bursera,simaruba,no,18.6,NA,NA,NA,NA,NA,NA,NA
1657,48,SRTDF,30,Malvaceae,Pachira,quinata,no,32.2,NA,NA,NA,NA,NA,NA,NA
1658,48,SRTDF,31,Celastraceae,Semialarium,mexicanum,no,10.1,NA,NA,NA,NA,NA,NA,NA
1659,48,SRTDF,32,Burseraceae,Bursera,simaruba,no,12.8,NA,NA,NA,NA,NA,NA,NA
1660,48,SRTDF,33,Celastraceae,Semialarium,mexicanum,no,13.9,NA,NA,NA,NA,NA,NA,NA
1661,48,SRTDF,34,Malvaceae,Pachira,quinata,no,22.1,NA,NA,NA,NA,NA,NA,NA
1662,48,SRTDF,35,Rubiaceae,Calycophyllum,candidissimum,no,26.7,NA,NA,NA,NA,NA,NA,NA
1663,48,SRTDF,36,Celastraceae,Semialarium,mexicanum,no,10.1,NA,NA,NA,NA,NA,NA,NA
1664,48,SRTDF,37,Rubiaceae,Calycophyllum,candidissimum,no,31.8,NA,NA,NA,NA,NA,NA,NA
1665,48,SRTDF,38,Rubiaceae,Calycophyllum,candidissimum,no,21.2,NA,NA,NA,NA,NA,NA,NA
1666,48,SRTDF,39,Rubiaceae,Calycophyllum,candidissimum,yes,16.4,25.8,NA,NA,NA,NA,NA,NA
1667,48,SRTDF,40,Rubiaceae,Calycophyllum,candidissimum,yes,12.5,25.5,NA,NA,NA,NA,NA,NA
1668,48,SRTDF,41,Rubiaceae,Calycophyllum,candidissimum,no,23.3,NA,NA,NA,NA,NA,NA,NA
1669,48,SRTDF,42,Burseraceae,Bursera,simaruba,no,23.7,NA,NA,NA,NA,NA,NA,NA
1670,48,SRTDF,43,Rubiaceae,Calycophyllum,candidissimum,no,13.7,NA,NA,NA,NA,NA,NA,NA
1671,48,SRTDF,44,Celastraceae,Semialarium,mexicanum,no,10.4,NA,NA,NA,NA,NA,NA,NA
1672,48,SRTDF,45,Celastraceae,Semialarium,mexicanum,no,10.5,NA,NA,NA,NA,NA,NA,NA
1673,48,SRTDF,46,Rubiaceae,Calycophyllum,candidissimum,yes,34,55.1,NA,NA,NA,NA,NA,NA
1674,48,SRTDF,47,Fabaceae,Lysiloma,divaricatum,no,19,NA,NA,NA,NA,NA,NA,NA
1675,48,SRTDF,48,Anacardiaceae,Spondias,mombin,no,13.1,NA,NA,NA,NA,NA,NA,NA
1676,48,SRTDF,49,Annonaceae,Annona,reticulata,no,10,NA,NA,NA,NA,NA,NA,NA
1677,48,SRTDF,50,Celastraceae,Semialarium,mexicanum,yes,10.3,10.4,NA,NA,NA,NA,NA,NA
1678,48,SRTDF,51,Bixacea,Cochlospermum,vitifolium,no,23.5,NA,NA,NA,NA,NA,NA,NA
1679,48,SRTDF,52,Rubiaceae,Genipa,americana,no,14.5,NA,NA,NA,NA,NA,NA,NA
1680,48,SRTDF,53,Rubiaceae,Calycophyllum,candidissimum,no,25.3,NA,NA,NA,NA,NA,NA,NA
1681,48,SRTDF,54,Rubiaceae,Calycophyllum,candidissimum,no,27.1,NA,NA,NA,NA,NA,NA,NA
1682,48,SRTDF,55,Rubiaceae,Calycophyllum,candidissimum,no,27,NA,NA,NA,NA,NA,NA,NA
1683,48,SRTDF,56,Rubiaceae,Calycophyllum,candidissimum,no,20.2,NA,NA,NA,NA,NA,NA,NA
1684,48,SRTDF,57,Rubiaceae,Calycophyllum,candidissimum,no,12.1,NA,NA,NA,NA,NA,NA,NA
1685,48,SRTDF,58,Sapotaceae,Manilkara,chicle,no,11.1,NA,NA,NA,NA,NA,NA,NA
1686,48,SRTDF,59,Rubiaceae,Calycophyllum,candidissimum,no,37.4,NA,NA,NA,NA,NA,NA,NA
1687,48,SRTDF,60,Rubiaceae,Calycophyllum,candidissimum,no,25.1,NA,NA,NA,NA,NA,NA,NA
1688,48,SRTDF,61,Malvaceae,Pachira,quinata,no,36.5,NA,NA,NA,NA,NA,NA,NA
1689,48,SRTDF,62,Rubiaceae,Calycophyllum,candidissimum,no,18.9,NA,NA,NA,NA,NA,NA,NA
1690,48,SRTDF,63,Burseraceae,Bursera,simaruba,no,12,NA,NA,NA,NA,NA,NA,NA
1691,48,SRTDF,64,Verbenaceae,Rehdera,trinervis,no,30.2,NA,NA,NA,NA,NA,NA,NA
1692,49,SRTDF,1,Verbenaceae,Rehdera,trinervis,no,18.2,NA,NA,NA,NA,NA,NA,NA
1693,49,SRTDF,2,Meliaceae,Cedrela,odorata,no,11.2,NA,NA,NA,NA,NA,NA,NA
1694,49,SRTDF,3,Fabaceae,Gliricidia,sepium,no,10.2,NA,NA,NA,NA,NA,NA,NA
1695,49,SRTDF,4,Verbenaceae,Rehdera,trinervis,no,15.8,NA,NA,NA,NA,NA,NA,NA
1696,49,SRTDF,5,Fabaceae,Gliricidia,sepium,no,10.3,NA,NA,NA,NA,NA,NA,NA
1697,49,SRTDF,6,Fabaceae,Gliricidia,sepium,no,11.3,NA,NA,NA,NA,NA,NA,NA
1698,49,SRTDF,7,Verbenaceae,Rehdera,trinervis,no,14.7,NA,NA,NA,NA,NA,NA,NA
1699,49,SRTDF,8,Fabaceae,Albizia,saman,no,15.5,NA,NA,NA,NA,NA,NA,NA
1700,49,SRTDF,9,Malvaceae,Guazuma,ulmifolia,yes,12.3,12.8,14.1,NA,NA,NA,NA,NA
1701,49,SRTDF,10,Meliaceae,Cedrela,odorata,no,23.4,NA,NA,NA,NA,NA,NA,NA
1702,49,SRTDF,11,Fabaceae,Gliricidia,sepium,no,12.4,NA,NA,NA,NA,NA,NA,NA
1703,49,SRTDF,12,Fabaceae,Gliricidia,sepium,no,11,NA,NA,NA,NA,NA,NA,NA
1704,49,SRTDF,13,Malvaceae,Guazuma,ulmifolia,no,12.1,NA,NA,NA,NA,NA,NA,NA
1705,49,SRTDF,14,Fabaceae,Gliricidia,sepium,yes,12.7,17.1,NA,NA,NA,NA,NA,NA
1706,49,SRTDF,15,Fabaceae,Gliricidia,sepium,no,10,NA,NA,NA,NA,NA,NA,NA
1707,49,SRTDF,16,Fabaceae,Gliricidia,sepium,no,11,NA,NA,NA,NA,NA,NA,NA
1708,49,SRTDF,17,Malvaceae,Luehea,speciosa,no,24.3,NA,NA,NA,NA,NA,NA,NA
1709,49,SRTDF,18,Verbenaceae,Rehdera,trinervis,no,17.2,NA,NA,NA,NA,NA,NA,NA
1710,49,SRTDF,19,Bignoniaceae,Crescentia,alata,no,10.1,NA,NA,NA,NA,NA,NA,NA
1711,49,SRTDF,20,Fabaceae,Gliricidia,sepium,no,14.2,NA,NA,NA,NA,NA,NA,NA
1712,49,SRTDF,21,Fabaceae,Gliricidia,sepium,no,10.9,NA,NA,NA,NA,NA,NA,NA
1713,49,SRTDF,22,Fabaceae,Gliricidia,sepium,no,11.9,NA,NA,NA,NA,NA,NA,NA
1714,49,SRTDF,23,Fabaceae,Gliricidia,sepium,no,10.7,NA,NA,NA,NA,NA,NA,NA
1715,49,SRTDF,24,Meliaceae,Cedrela,odorata,no,27.7,NA,NA,NA,NA,NA,NA,NA
1716,49,SRTDF,25,Fabaceae,Gliricidia,sepium,no,14.2,NA,NA,NA,NA,NA,NA,NA
1717,49,SRTDF,26,Malvaceae,Guazuma,ulmifolia,no,12.4,NA,NA,NA,NA,NA,NA,NA
1718,49,SRTDF,27,Fabaceae,Gliricidia,sepium,yes,12.8,18,NA,NA,NA,NA,NA,NA
1719,49,SRTDF,28,Fabaceae,Gliricidia,sepium,yes,10.2,11.9,NA,NA,NA,NA,NA,NA
1720,49,SRTDF,29,Verbenaceae,Rehdera,trinervis,no,21.9,NA,NA,NA,NA,NA,NA,NA
1721,49,SRTDF,30,Malvaceae,Luehea,candida,yes,12,12.7,12.8,NA,NA,NA,NA,NA
1722,49,SRTDF,31,Malvaceae,Luehea,candida,no,28.5,NA,NA,NA,NA,NA,NA,NA
1723,49,SRTDF,32,Meliaceae,Cedrela,odorata,no,11.2,NA,NA,NA,NA,NA,NA,NA
1724,49,SRTDF,33,Fabaceae,Gliricidia,sepium,no,11.5,NA,NA,NA,NA,NA,NA,NA
1725,49,SRTDF,34,Verbenaceae,Rehdera,trinervis,no,25.3,NA,NA,NA,NA,NA,NA,NA
1726,49,SRTDF,35,Rubiaceae,Genipa,americana,no,10.5,NA,NA,NA,NA,NA,NA,NA
1727,49,SRTDF,36,Fabaceae,Gliricidia,sepium,no,11.6,NA,NA,NA,NA,NA,NA,NA
1728,49,SRTDF,37,Verbenaceae,Rehdera,trinervis,no,11.9,NA,NA,NA,NA,NA,NA,NA
1729,49,SRTDF,38,Fabaceae,Gliricidia,sepium,no,11,NA,NA,NA,NA,NA,NA,NA
1730,49,SRTDF,39,Fabaceae,Gliricidia,sepium,no,12.6,NA,NA,NA,NA,NA,NA,NA
1731,49,SRTDF,40,Fabaceae,Gliricidia,sepium,no,10.6,NA,NA,NA,NA,NA,NA,NA
1732,49,SRTDF,41,Fabaceae,Gliricidia,sepium,no,12.6,NA,NA,NA,NA,NA,NA,NA
1733,49,SRTDF,42,Verbenaceae,Rehdera,trinervis,no,31.8,NA,NA,NA,NA,NA,NA,NA
1734,49,SRTDF,43,Verbenaceae,Rehdera,trinervis,no,10.3,NA,NA,NA,NA,NA,NA,NA
1735,49,SRTDF,44,Malpighiaceae,Byrsonima,crassifolia,no,10,NA,NA,NA,NA,NA,NA,NA
1736,49,SRTDF,45,Verbenaceae,Rehdera,trinervis,no,15.1,NA,NA,NA,NA,NA,NA,NA
1737,49,SRTDF,46,Fabaceae,Gliricidia,sepium,no,15,NA,NA,NA,NA,NA,NA,NA
1738,49,SRTDF,47,Malvaceae,Luehea,candida,no,11.5,NA,NA,NA,NA,NA,NA,NA
1739,49,SRTDF,48,Fabaceae,Gliricidia,sepium,no,14.9,NA,NA,NA,NA,NA,NA,NA
1740,49,SRTDF,49,Fabaceae,Gliricidia,sepium,no,13.2,NA,NA,NA,NA,NA,NA,NA
1741,49,SRTDF,50,Malvaceae,Luehea,candida,yes,10.5,13.2,NA,NA,NA,NA,NA,NA
1742,49,SRTDF,51,Fabaceae,Gliricidia,sepium,no,10.9,NA,NA,NA,NA,NA,NA,NA
1743,49,SRTDF,52,Verbenaceae,Rehdera,trinervis,no,23.9,NA,NA,NA,NA,NA,NA,NA
1744,49,SRTDF,53,Verbenaceae,Rehdera,trinervis,no,15.7,NA,NA,NA,NA,NA,NA,NA
1745,49,SRTDF,54,Sapindaceae,Thouinidium,decandrum,no,12.7,NA,NA,NA,NA,NA,NA,NA
1746,49,SRTDF,55,Fabaceae,Gliricidia,sepium,no,12.2,NA,NA,NA,NA,NA,NA,NA
1747,49,SRTDF,56,Sapindaceae,Thouinidium,decandrum,yes,11.2,12.6,NA,NA,NA,NA,NA,NA
1748,49,SRTDF,57,Malvaceae,Luehea,candida,no,10,NA,NA,NA,NA,NA,NA,NA
1749,49,SRTDF,58,Fabaceae,Lonchocarpus,minimiflorus,no,13.3,NA,NA,NA,NA,NA,NA,NA
1750,49,SRTDF,59,Verbenaceae,Rehdera,trinervis,no,22.2,NA,NA,NA,NA,NA,NA,NA
1751,49,SRTDF,60,Fabaceae,Gliricidia,sepium,no,10.1,NA,NA,NA,NA,NA,NA,NA
1752,49,SRTDF,61,Verbenaceae,Rehdera,trinervis,no,10.5,NA,NA,NA,NA,NA,NA,NA
1753,49,SRTDF,62,Verbenaceae,Rehdera,trinervis,no,10.5,NA,NA,NA,NA,NA,NA,NA
1754,49,SRTDF,63,Verbenaceae,Rehdera,trinervis,no,15.7,NA,NA,NA,NA,NA,NA,NA
1755,49,SRTDF,64,Verbenaceae,Rehdera,trinervis,no,14,NA,NA,NA,NA,NA,NA,NA
1756,49,SRTDF,65,Verbenaceae,Rehdera,trinervis,no,20.6,NA,NA,NA,NA,NA,NA,NA
1757,49,SRTDF,66,Bixacea,Cochlospermum,vitifolium,no,11.9,NA,NA,NA,NA,NA,NA,NA
1758,49,SRTDF,67,Fabaceae,Gliricidia,sepium,yes,13.3,13.6,NA,NA,NA,NA,NA,NA
1759,49,SRTDF,68,Verbenaceae,Rehdera,trinervis,no,18.4,NA,NA,NA,NA,NA,NA,NA
1760,49,SRTDF,69,Fabaceae,Gliricidia,sepium,no,11.1,NA,NA,NA,NA,NA,NA,NA
1761,49,SRTDF,70,Verbenaceae,Rehdera,trinervis,no,13.5,NA,NA,NA,NA,NA,NA,NA
1762,49,SRTDF,71,Verbenaceae,Rehdera,trinervis,no,15.8,NA,NA,NA,NA,NA,NA,NA
1763,49,SRTDF,72,Malvaceae,Luehea,candida,no,12.6,NA,NA,NA,NA,NA,NA,NA
1764,49,SRTDF,73,Verbenaceae,Rehdera,trinervis,no,14.5,NA,NA,NA,NA,NA,NA,NA
1765,50,SRTDF,1,Meliaceae,Trichilia,martiana,no,12.9,NA,NA,NA,NA,NA,NA,NA
1766,50,SRTDF,2,Fabaceae,Lonchocarpus,minimiflorus,no,25.5,NA,NA,NA,NA,NA,NA,NA
1767,50,SRTDF,3,Sapotaceae,Manilkara,chicle,no,47.5,NA,NA,NA,NA,NA,NA,NA
1768,50,SRTDF,4,Malvaceae,Luehea,speciosa,no,77.9,NA,NA,NA,NA,NA,NA,NA
1769,50,SRTDF,5,Anacardiaceae,Astronium,graveolens,no,10.5,NA,NA,NA,NA,NA,NA,NA
1770,50,SRTDF,6,Salicaceae,Casearia,silvestris,no,11.4,NA,NA,NA,NA,NA,NA,NA
1771,50,SRTDF,7,Sapotaceae,Sideroxylon,capiri,no,10.2,NA,NA,NA,NA,NA,NA,NA
1772,50,SRTDF,8,Lauraceae,Ocotea,veraguensis,no,12.3,NA,NA,NA,NA,NA,NA,NA
1773,50,SRTDF,9,Salicaceae,Casearia,silvestris,no,11.1,NA,NA,NA,NA,NA,NA,NA
1774,50,SRTDF,10,Rubiaceae,Exostema,mexicanum,no,28.3,NA,NA,NA,NA,NA,NA,NA
1775,50,SRTDF,11,Malvaceae,Luehea,speciosa,no,68.1,NA,NA,NA,NA,NA,NA,NA
1776,50,SRTDF,12,Salicaceae,Casearia,silvestris,no,13.5,NA,NA,NA,NA,NA,NA,NA
1777,50,SRTDF,13,Rubiaceae,Exostema,mexicanum,no,38.5,NA,NA,NA,NA,NA,NA,NA
1778,50,SRTDF,14,Meliaceae,Trichilia,martiana,no,16.5,NA,NA,NA,NA,NA,NA,NA
1779,50,SRTDF,15,Boraginaceae,Cordia,alliodora,no,26.1,NA,NA,NA,NA,NA,NA,NA
1780,50,SRTDF,16,Sapotaceae,Sideroxylon,capiri,no,10.7,NA,NA,NA,NA,NA,NA,NA
1781,50,SRTDF,17,Moraceae,Brosimum,alicastrum,no,16.5,NA,NA,NA,NA,NA,NA,NA
1782,50,SRTDF,18,Malvaceae,Guazuma,ulmifolia,no,11.8,NA,NA,NA,NA,NA,NA,NA
1783,50,SRTDF,19,Malvaceae,Luehea,speciosa,no,60.2,NA,NA,NA,NA,NA,NA,NA
1784,50,SRTDF,20,Rubiaceae,Exostema,mexicanum,no,20.1,NA,NA,NA,NA,NA,NA,NA
1785,50,SRTDF,21,Meliaceae,Trichilia,martiana,yes,19.7,46.7,NA,NA,NA,NA,NA,NA
1786,50,SRTDF,22,Lauraceae,Ocotea,veraguensis,no,14.7,NA,NA,NA,NA,NA,NA,NA
1787,50,SRTDF,23,Meliaceae,Trichilia,martiana,no,38.8,NA,NA,NA,NA,NA,NA,NA
1788,50,SRTDF,24,Malvaceae,Luehea,speciosa,no,48.2,NA,NA,NA,NA,NA,NA,NA
1789,50,SRTDF,25,Rubiaceae,Exostema,mexicanum,no,21.2,NA,NA,NA,NA,NA,NA,NA
1790,50,SRTDF,26,Lauraceae,Ocotea,veraguensis,no,10.7,NA,NA,NA,NA,NA,NA,NA
1791,50,SRTDF,27,Malvaceae,Luehea,speciosa,no,50.5,NA,NA,NA,NA,NA,NA,NA
1792,50,SRTDF,28,Annonaceae,Annona,reticulata,no,17.9,NA,NA,NA,NA,NA,NA,NA
1793,50,SRTDF,29,Meliaceae,Trichilia,martiana,no,25.8,NA,NA,NA,NA,NA,NA,NA
1794,50,SRTDF,30,Chrysobalanaceae,Licania,arborea,no,14.6,NA,NA,NA,NA,NA,NA,NA
1795,50,SRTDF,31,Euphorbiaceae,Sebastiania,pavoniana,no,17.9,NA,NA,NA,NA,NA,NA,NA
1796,50,SRTDF,32,Lauraceae,Ocotea,veraguensis,no,14.6,NA,NA,NA,NA,NA,NA,NA
1797,50,SRTDF,33,Meliaceae,Trichilia,martiana,no,10.9,NA,NA,NA,NA,NA,NA,NA
1798,50,SRTDF,34,Rubiaceae,Exostema,mexicanum,no,13.3,NA,NA,NA,NA,NA,NA,NA
1799,50,SRTDF,35,Rubiaceae,Guettarda,macrosperma,no,16.3,NA,NA,NA,NA,NA,NA,NA
1800,50,SRTDF,36,Burseraceae,Bursera,simaruba,no,41,NA,NA,NA,NA,NA,NA,NA
1801,50,SRTDF,37,Fabaceae,Enterolobium,cyclocarpum,no,76.5,NA,NA,NA,NA,NA,NA,NA
1802,50,SRTDF,38,Lauraceae,Ocotea,veraguensis,no,19,NA,NA,NA,NA,NA,NA,NA
1803,50,SRTDF,39,Rubiaceae,Exostema,mexicanum,no,46.6,NA,NA,NA,NA,NA,NA,NA
1804,50,SRTDF,40,Burseraceae,Bursera,simaruba,no,35.8,NA,NA,NA,NA,NA,NA,NA
1805,50,SRTDF,41,Lauraceae,Ocotea,veraguensis,yes,10.7,11,13.6,NA,NA,NA,NA,NA
1806,50,SRTDF,42,Meliaceae,Trichilia,martiana,no,15.8,NA,NA,NA,NA,NA,NA,NA
1807,50,SRTDF,43,Meliaceae,Trichilia,martiana,no,23.2,NA,NA,NA,NA,NA,NA,NA
1808,50,SRTDF,44,Meliaceae,Trichilia,martiana,no,17.4,NA,NA,NA,NA,NA,NA,NA
1809,50,SRTDF,45,Euphorbiaceae,Sapium,glandulosum,no,24,NA,NA,NA,NA,NA,NA,NA
1810,50,SRTDF,46,Meliaceae,Trichilia,martiana,no,13.2,NA,NA,NA,NA,NA,NA,NA
1811,50,SRTDF,47,Lauraceae,Ocotea,veraguensis,yes,12.9,13.5,NA,NA,NA,NA,NA,NA
1812,50,SRTDF,48,Sapotaceae,Manilkara,chicle,no,16.3,NA,NA,NA,NA,NA,NA,NA
1813,50,SRTDF,49,Meliaceae,Cedrela,odorata,no,72.3,NA,NA,NA,NA,NA,NA,NA
1814,50,SRTDF,50,Fabaceae,Machaerium,biovulatum,no,32.4,NA,NA,NA,NA,NA,NA,NA
1815,50,SRTDF,51,Meliaceae,Trichilia,martiana,no,21.4,NA,NA,NA,NA,NA,NA,NA
1816,50,SRTDF,52,Meliaceae,Trichilia,martiana,no,24.7,NA,NA,NA,NA,NA,NA,NA
1817,50,SRTDF,53,Lauraceae,Ocotea,veraguensis,no,10.7,NA,NA,NA,NA,NA,NA,NA
1818,50,SRTDF,54,Fabaceae,Machaerium,biovulatum,no,36.5,NA,NA,NA,NA,NA,NA,NA
1819,50,SRTDF,55,Lauraceae,Ocotea,veraguensis,no,22.7,NA,NA,NA,NA,NA,NA,NA
1820,51,SRTDF,1,Fabaceae,Lysiloma,divaricatum,no,27.5,NA,NA,NA,NA,NA,NA,NA
1821,51,SRTDF,2,Moraceae,Brosimum,alicastrum,no,18,NA,NA,NA,NA,NA,NA,NA
1822,51,SRTDF,3,Sapotaceae,Manilkara,chicle,no,29,NA,NA,NA,NA,NA,NA,NA
1823,51,SRTDF,4,Fabaceae,Hymenaea,courbaril,no,79,NA,NA,NA,NA,NA,NA,NA
1824,51,SRTDF,5,Moraceae,Brosimum,alicastrum,no,38,NA,NA,NA,NA,NA,NA,NA
1825,51,SRTDF,6,Sapotaceae,Manilkara,chicle,no,37.5,NA,NA,NA,NA,NA,NA,NA
1826,51,SRTDF,7,Fabaceae,Hymenaea,courbaril,no,51.2,NA,NA,NA,NA,NA,NA,NA
1827,51,SRTDF,8,Turneraceae,Erblichia,odorata,no,16.8,NA,NA,NA,NA,NA,NA,NA
1828,51,SRTDF,9,Fabaceae,Hymenaea,courbaril,no,69.9,NA,NA,NA,NA,NA,NA,NA
1829,51,SRTDF,10,Moraceae,Brosimum,alicastrum,no,10,NA,NA,NA,NA,NA,NA,NA
1830,51,SRTDF,11,Bignoniaceae,Tabebuia,impetiginosa,no,11.2,NA,NA,NA,NA,NA,NA,NA
1831,51,SRTDF,12,Sapotaceae,Manilkara,chicle,no,13.9,NA,NA,NA,NA,NA,NA,NA
1832,51,SRTDF,13,Moraceae,Brosimum,alicastrum,no,16.8,NA,NA,NA,NA,NA,NA,NA
1833,51,SRTDF,14,Rubiaceae,Exostema,mexicanum,no,12.8,NA,NA,NA,NA,NA,NA,NA
1834,51,SRTDF,15,Sapotaceae,Manilkara,chicle,no,27.4,NA,NA,NA,NA,NA,NA,NA
1835,51,SRTDF,16,Rubiaceae,Exostema,mexicanum,no,15.1,NA,NA,NA,NA,NA,NA,NA
1836,51,SRTDF,17,Anacardiaceae,Astronium,graveolens,no,10.2,NA,NA,NA,NA,NA,NA,NA
1837,51,SRTDF,18,Annonaceae,Annona,reticulata,no,24.2,NA,NA,NA,NA,NA,NA,NA
1838,51,SRTDF,19,Moraceae,Brosimum,alicastrum,no,10.9,NA,NA,NA,NA,NA,NA,NA
1839,51,SRTDF,20,Rubiaceae,Ixora,floribunda,no,24,NA,NA,NA,NA,NA,NA,NA
1840,51,SRTDF,21,Salicaceae,Casearia,silvestris,yes,10.4,11.4,NA,NA,NA,NA,NA,NA
1841,51,SRTDF,22,Myrtaceae,Eugenia,monticola,no,10.9,NA,NA,NA,NA,NA,NA,NA
1842,51,SRTDF,23,Sapotaceae,Manilkara,chicle,no,13.1,NA,NA,NA,NA,NA,NA,NA
1843,51,SRTDF,24,Sapotaceae,Manilkara,chicle,no,22.9,NA,NA,NA,NA,NA,NA,NA
1844,51,SRTDF,25,Sapotaceae,Manilkara,chicle,no,36.5,NA,NA,NA,NA,NA,NA,NA
1845,51,SRTDF,26,Fabaceae,Hymenaea,courbaril,no,77.3,NA,NA,NA,NA,NA,NA,NA
1846,51,SRTDF,27,Salicaceae,Casearia,arguta,no,12.4,NA,NA,NA,NA,NA,NA,NA
1847,51,SRTDF,28,Salicaceae,Casearia,arguta,no,12.5,NA,NA,NA,NA,NA,NA,NA
1848,51,SRTDF,29,Sapotaceae,Manilkara,chicle,no,30.4,NA,NA,NA,NA,NA,NA,NA
1849,51,SRTDF,30,Moraceae,Brosimum,alicastrum,no,13.1,NA,NA,NA,NA,NA,NA,NA
1850,51,SRTDF,31,Sapotaceae,Manilkara,chicle,no,36.5,NA,NA,NA,NA,NA,NA,NA
1851,51,SRTDF,32,Fabaceae,Hymenaea,courbaril,yes,52.2,54.6,NA,NA,NA,NA,NA,NA
1852,51,SRTDF,33,Moraceae,Brosimum,alicastrum,no,11.1,NA,NA,NA,NA,NA,NA,NA
1853,51,SRTDF,34,Fabaceae,Machaerium,biovulatum,no,10.6,NA,NA,NA,NA,NA,NA,NA
1854,51,SRTDF,35,Rubiaceae,Calycophyllum,candidissimum,no,16.3,NA,NA,NA,NA,NA,NA,NA
1855,51,SRTDF,36,Rubiaceae,Exostema,mexicanum,no,19.6,NA,NA,NA,NA,NA,NA,NA
1856,51,SRTDF,37,Euphorbiaceae,Sebastiania,pavoniana,no,15.5,NA,NA,NA,NA,NA,NA,NA
1857,51,SRTDF,38,Sapotaceae,Manilkara,chicle,no,37.1,NA,NA,NA,NA,NA,NA,NA
1858,51,SRTDF,39,Melastomataceae,Mouriri,myrtilloides,no,10.5,NA,NA,NA,NA,NA,NA,NA
1859,51,SRTDF,40,Fagaceae,Quercus,oleoides,no,66.8,NA,NA,NA,NA,NA,NA,NA
1860,51,SRTDF,41,Fagaceae,Quercus,oleoides,no,66.4,NA,NA,NA,NA,NA,NA,NA
1861,52,SRTDF,1,Polygonaceae,Coccoloba,caracasana,no,13.3,NA,NA,NA,NA,NA,NA,NA
1862,52,SRTDF,2,Malvaceae,Luehea,speciosa,no,39.4,NA,NA,NA,NA,NA,NA,NA
1863,52,SRTDF,3,Lauraceae,Ocotea,veraguensis,no,10.5,NA,NA,NA,NA,NA,NA,NA
1864,52,SRTDF,4,Malvaceae,Luehea,speciosa,no,34,NA,NA,NA,NA,NA,NA,NA
1865,52,SRTDF,5,Sapotaceae,Manilkara,chicle,no,29.9,NA,NA,NA,NA,NA,NA,NA
1866,52,SRTDF,6,Euphorbiaceae,Sebastiania,pavoniana,no,10.4,NA,NA,NA,NA,NA,NA,NA
1867,52,SRTDF,7,Euphorbiaceae,Sebastiania,pavoniana,no,10.6,NA,NA,NA,NA,NA,NA,NA
1868,52,SRTDF,8,Euphorbiaceae,Sebastiania,pavoniana,no,10.3,NA,NA,NA,NA,NA,NA,NA
1869,52,SRTDF,9,Euphorbiaceae,Sebastiania,pavoniana,no,12.8,NA,NA,NA,NA,NA,NA,NA
1870,52,SRTDF,10,Euphorbiaceae,Sebastiania,pavoniana,no,14.7,NA,NA,NA,NA,NA,NA,NA
1871,52,SRTDF,11,Euphorbiaceae,Sebastiania,pavoniana,no,14.6,NA,NA,NA,NA,NA,NA,NA
1872,52,SRTDF,12,Sapotaceae,Manilkara,chicle,no,26.2,NA,NA,NA,NA,NA,NA,NA
1873,52,SRTDF,13,Fabaceae,Dalbergia,retusa,no,21.8,NA,NA,NA,NA,NA,NA,NA
1874,52,SRTDF,14,Rubiaceae,Guettarda,macrosperma,no,12.9,NA,NA,NA,NA,NA,NA,NA
1875,52,SRTDF,15,Euphorbiaceae,Sebastiania,pavoniana,no,11.6,NA,NA,NA,NA,NA,NA,NA
1876,52,SRTDF,16,Fabaceae,Hymenaea,courbaril,no,57.7,NA,NA,NA,NA,NA,NA,NA
1877,52,SRTDF,17,Fabaceae,Hymenaea,courbaril,no,22.5,NA,NA,NA,NA,NA,NA,NA
1878,52,SRTDF,18,Fabaceae,Hymenaea,courbaril,no,58.7,NA,NA,NA,NA,NA,NA,NA
1879,52,SRTDF,19,Euphorbiaceae,Sebastiania,pavoniana,no,10.2,NA,NA,NA,NA,NA,NA,NA
1880,52,SRTDF,20,Malvaceae,Luehea,speciosa,no,10.8,NA,NA,NA,NA,NA,NA,NA
1881,52,SRTDF,21,Fabaceae,Lysiloma,divaricatum,no,23.1,NA,NA,NA,NA,NA,NA,NA
1882,52,SRTDF,22,Rubiaceae,Genipa,americana,no,11.2,NA,NA,NA,NA,NA,NA,NA
1883,52,SRTDF,23,Bignoniaceae,Tabebuia,ochracea,no,18.2,NA,NA,NA,NA,NA,NA,NA
1884,52,SRTDF,24,Fabaceae,Lonchocarpus,felipei,no,41.2,NA,NA,NA,NA,NA,NA,NA
1885,52,SRTDF,25,Malvaceae,Luehea,speciosa,yes,28,40.3,NA,NA,NA,NA,NA,NA
1886,52,SRTDF,26,Celastraceae,Semialarium,mexicanum,no,10.1,NA,NA,NA,NA,NA,NA,NA
1887,52,SRTDF,27,Euphorbiaceae,Sebastiania,pavoniana,no,11.9,NA,NA,NA,NA,NA,NA,NA
1888,52,SRTDF,28,Euphorbiaceae,Sebastiania,pavoniana,no,13.4,NA,NA,NA,NA,NA,NA,NA
1889,52,SRTDF,29,Celastraceae,Maytenus,segoviarum,no,10.7,NA,NA,NA,NA,NA,NA,NA
1890,52,SRTDF,30,Celastraceae,Semialarium,mexicanum,no,10.9,NA,NA,NA,NA,NA,NA,NA
1891,52,SRTDF,31,Fabaceae,Dalbergia,retusa,no,12.5,NA,NA,NA,NA,NA,NA,NA
1892,52,SRTDF,32,Moraceae,Brosimum,alicastrum,no,30.1,NA,NA,NA,NA,NA,NA,NA
1893,52,SRTDF,33,Fabaceae,Hymenaea,courbaril,no,34.7,NA,NA,NA,NA,NA,NA,NA
1894,52,SRTDF,34,Sapotaceae,Manilkara,chicle,no,29.7,NA,NA,NA,NA,NA,NA,NA
1895,52,SRTDF,35,Celastraceae,Semialarium,mexicanum,no,16.3,NA,NA,NA,NA,NA,NA,NA
1896,52,SRTDF,36,Verbenaceae,Rehdera,trinervis,no,31.3,NA,NA,NA,NA,NA,NA,NA
1897,52,SRTDF,37,Sapotaceae,Manilkara,chicle,no,35.5,NA,NA,NA,NA,NA,NA,NA
1898,52,SRTDF,38,Malvaceae,Luehea,speciosa,no,46.9,NA,NA,NA,NA,NA,NA,NA
1899,52,SRTDF,39,Euphorbiaceae,Sebastiania,pavoniana,no,14.4,NA,NA,NA,NA,NA,NA,NA
1900,52,SRTDF,40,Malvaceae,Luehea,speciosa,no,30.5,NA,NA,NA,NA,NA,NA,NA
1901,53,SRTDF,1,Bixacea,Cochlospermum,vitifolium,no,15,NA,NA,NA,NA,NA,NA,NA
1902,53,SRTDF,2,Verbenaceae,Rehdera,trinervis,no,13,NA,NA,NA,NA,NA,NA,NA
1903,53,SRTDF,3,Bixacea,Cochlospermum,vitifolium,no,12,NA,NA,NA,NA,NA,NA,NA
1904,53,SRTDF,4,Verbenaceae,Rehdera,trinervis,no,13.5,NA,NA,NA,NA,NA,NA,NA
1905,53,SRTDF,5,Meliaceae,Swietenia,macrophylla,no,12,NA,NA,NA,NA,NA,NA,NA
1906,53,SRTDF,6,Bixacea,Cochlospermum,vitifolium,no,10.9,NA,NA,NA,NA,NA,NA,NA
1907,53,SRTDF,7,Bixacea,Cochlospermum,vitifolium,no,14.3,NA,NA,NA,NA,NA,NA,NA
1908,53,SRTDF,8,Verbenaceae,Rehdera,trinervis,no,12.1,NA,NA,NA,NA,NA,NA,NA
1909,53,SRTDF,9,Bixacea,Cochlospermum,vitifolium,no,11.4,NA,NA,NA,NA,NA,NA,NA
1910,53,SRTDF,10,Bixacea,Cochlospermum,vitifolium,no,13.2,NA,NA,NA,NA,NA,NA,NA
1911,53,SRTDF,11,Verbenaceae,Rehdera,trinervis,no,11.2,NA,NA,NA,NA,NA,NA,NA
1912,53,SRTDF,12,Bixacea,Cochlospermum,vitifolium,no,12.8,NA,NA,NA,NA,NA,NA,NA
1913,53,SRTDF,13,Verbenaceae,Rehdera,trinervis,no,14.5,NA,NA,NA,NA,NA,NA,NA
1914,53,SRTDF,14,Fabaceae,Dalbergia,retusa,no,11.3,NA,NA,NA,NA,NA,NA,NA
1915,53,SRTDF,15,Bixacea,Cochlospermum,vitifolium,yes,12.6,27.1,28.9,NA,NA,NA,NA,NA
1916,53,SRTDF,16,Verbenaceae,Rehdera,trinervis,no,10.2,NA,NA,NA,NA,NA,NA,NA
1917,53,SRTDF,17,Verbenaceae,Rehdera,trinervis,no,14.4,NA,NA,NA,NA,NA,NA,NA
1918,53,SRTDF,18,Verbenaceae,Rehdera,trinervis,no,10.9,NA,NA,NA,NA,NA,NA,NA
1919,53,SRTDF,19,Verbenaceae,Rehdera,trinervis,no,11.9,NA,NA,NA,NA,NA,NA,NA
1920,53,SRTDF,20,Meliaceae,Swietenia,macrophylla,no,15.3,NA,NA,NA,NA,NA,NA,NA
1921,53,SRTDF,21,Meliaceae,Swietenia,macrophylla,no,11.2,NA,NA,NA,NA,NA,NA,NA
1922,53,SRTDF,22,Verbenaceae,Rehdera,trinervis,no,14.4,NA,NA,NA,NA,NA,NA,NA
1923,53,SRTDF,23,Bixacea,Cochlospermum,vitifolium,no,10.4,NA,NA,NA,NA,NA,NA,NA
1924,53,SRTDF,24,Bixacea,Cochlospermum,vitifolium,no,12.5,NA,NA,NA,NA,NA,NA,NA
1925,53,SRTDF,25,Verbenaceae,Rehdera,trinervis,no,15.5,NA,NA,NA,NA,NA,NA,NA
1926,53,SRTDF,26,Bixacea,Cochlospermum,vitifolium,no,15.2,NA,NA,NA,NA,NA,NA,NA
1927,53,SRTDF,27,Verbenaceae,Rehdera,trinervis,no,14,NA,NA,NA,NA,NA,NA,NA
1928,53,SRTDF,28,Verbenaceae,Rehdera,trinervis,no,12.8,NA,NA,NA,NA,NA,NA,NA
1929,53,SRTDF,29,Verbenaceae,Rehdera,trinervis,no,14,NA,NA,NA,NA,NA,NA,NA
1930,53,SRTDF,30,Verbenaceae,Rehdera,trinervis,no,24,NA,NA,NA,NA,NA,NA,NA
1931,53,SRTDF,31,Verbenaceae,Rehdera,trinervis,no,12.3,NA,NA,NA,NA,NA,NA,NA
1932,53,SRTDF,32,Verbenaceae,Rehdera,trinervis,no,11,NA,NA,NA,NA,NA,NA,NA
1933,53,SRTDF,33,Verbenaceae,Rehdera,trinervis,no,10.3,NA,NA,NA,NA,NA,NA,NA
1934,53,SRTDF,34,Fabaceae,Lonchocarpus,rugosus,no,15.6,NA,NA,NA,NA,NA,NA,NA
1935,53,SRTDF,35,Fabaceae,Dalbergia,retusa,yes,10.4,14.3,NA,NA,NA,NA,NA,NA
1936,53,SRTDF,36,Verbenaceae,Rehdera,trinervis,no,14.8,NA,NA,NA,NA,NA,NA,NA
1937,53,SRTDF,37,Verbenaceae,Rehdera,trinervis,no,11,NA,NA,NA,NA,NA,NA,NA
1938,53,SRTDF,38,Fabaceae,Lonchocarpus,felipei,no,19.8,NA,NA,NA,NA,NA,NA,NA
1939,53,SRTDF,39,Verbenaceae,Rehdera,trinervis,no,10.3,NA,NA,NA,NA,NA,NA,NA
1940,53,SRTDF,40,Verbenaceae,Rehdera,trinervis,no,10.5,NA,NA,NA,NA,NA,NA,NA
1941,53,SRTDF,41,Verbenaceae,Rehdera,trinervis,no,11,NA,NA,NA,NA,NA,NA,NA
1942,53,SRTDF,42,Bixacea,Cochlospermum,vitifolium,no,10.3,NA,NA,NA,NA,NA,NA,NA
1943,53,SRTDF,43,Verbenaceae,Rehdera,trinervis,no,12.3,NA,NA,NA,NA,NA,NA,NA
1944,53,SRTDF,44,Fabaceae,Lonchocarpus,felipei,yes,16.9,21.1,NA,NA,NA,NA,NA,NA
1945,53,SRTDF,45,Fabaceae,Lonchocarpus,felipei,no,15.9,NA,NA,NA,NA,NA,NA,NA
1946,54,SRTDF,1,Boraginaceae,Cordia,alliodora,no,21.4,NA,NA,NA,NA,NA,NA,NA
1947,54,SRTDF,2,Schoepfiaceae,Schoepfia,schreberi,yes,12.2,12.2,NA,NA,NA,NA,NA,NA
1948,54,SRTDF,3,Boraginaceae,Cordia,panamensis,no,17.1,NA,NA,NA,NA,NA,NA,NA
1949,54,SRTDF,4,Salicaceae,Casearia,corymbosa,no,10.7,NA,NA,NA,NA,NA,NA,NA
1950,54,SRTDF,5,Meliaceae,Cedrela,odorata,no,96.5,NA,NA,NA,NA,NA,NA,NA
1951,54,SRTDF,6,Sapindaceae,Thouinidium,decandrum,no,21.7,NA,NA,NA,NA,NA,NA,NA
1952,54,SRTDF,7,Chrysobalanaceae,Licania,arborea,no,73.2,NA,NA,NA,NA,NA,NA,NA
1953,54,SRTDF,8,Lauraceae,Ocotea,veraguensis,no,12.9,NA,NA,NA,NA,NA,NA,NA
1954,54,SRTDF,9,Bignoniaceae,Tabebuia,rosea,no,22,NA,NA,NA,NA,NA,NA,NA
1955,54,SRTDF,10,Meliaceae,Swietenia,macrophylla,no,10.3,NA,NA,NA,NA,NA,NA,NA
1956,54,SRTDF,11,Bixacea,Cochlospermum,vitifolium,no,21.5,NA,NA,NA,NA,NA,NA,NA
1957,54,SRTDF,12,Malvaceae,Guazuma,ulmifolia,no,13.2,NA,NA,NA,NA,NA,NA,NA
1958,54,SRTDF,13,Burseraceae,Bursera,simaruba,no,19.8,NA,NA,NA,NA,NA,NA,NA
1959,54,SRTDF,14,Malvaceae,Guazuma,ulmifolia,yes,18.4,18.6,NA,NA,NA,NA,NA,NA
1960,54,SRTDF,15,Malvaceae,Guazuma,ulmifolia,no,12.8,NA,NA,NA,NA,NA,NA,NA
1961,54,SRTDF,16,Bignoniaceae,Tabebuia,ochracea,no,25.4,NA,NA,NA,NA,NA,NA,NA
1962,54,SRTDF,17,Celastraceae,Semialarium,mexicanum,no,17.5,NA,NA,NA,NA,NA,NA,NA
1963,54,SRTDF,18,Rubiaceae,Calycophyllum,candidissimum,no,73.9,NA,NA,NA,NA,NA,NA,NA
1964,54,SRTDF,19,Fabaceae,Lonchocarpus,minimiflorus,no,10,NA,NA,NA,NA,NA,NA,NA
1965,54,SRTDF,20,Anacardiaceae,Spondias,purpurea,no,13.9,NA,NA,NA,NA,NA,NA,NA
1966,54,SRTDF,21,Meliaceae,Cedrela,odorata,no,44.5,NA,NA,NA,NA,NA,NA,NA
1967,54,SRTDF,22,Verbenaceae,Rehdera,trinervis,no,40.3,NA,NA,NA,NA,NA,NA,NA
1968,54,SRTDF,23,Rubiaceae,Calycophyllum,candidissimum,no,13.6,NA,NA,NA,NA,NA,NA,NA
1969,54,SRTDF,24,Rubiaceae,Calycophyllum,candidissimum,no,20.8,NA,NA,NA,NA,NA,NA,NA
1970,54,SRTDF,25,Annonaceae,Sapranthus,palanga,no,22.1,NA,NA,NA,NA,NA,NA,NA
1971,54,SRTDF,26,Fabaceae,Hymenaea,courbaril,yes,14.7,60.6,NA,NA,NA,NA,NA,NA
1972,54,SRTDF,27,Anacardiaceae,Astronium,graveolens,no,32.6,NA,NA,NA,NA,NA,NA,NA
1973,54,SRTDF,28,Annonaceae,Sapranthus,palanga,no,10.7,NA,NA,NA,NA,NA,NA,NA
1974,54,SRTDF,29,Boraginaceae,Cordia,panamensis,no,10.9,NA,NA,NA,NA,NA,NA,NA
1975,55,SRTDF,1,Fabaceae,Gliricidia,sepium,yes,13.4,13.9,17.9,NA,NA,NA,NA,NA
1976,55,SRTDF,2,Fabaceae,Lonchocarpus,minimiflorus,no,12.3,NA,NA,NA,NA,NA,NA,NA
1977,55,SRTDF,3,Boraginaceae,Cordia,alliodora,no,20.8,NA,NA,NA,NA,NA,NA,NA
1978,55,SRTDF,4,Boraginaceae,Cordia,alliodora,no,18.7,NA,NA,NA,NA,NA,NA,NA
1979,55,SRTDF,5,Anacardiaceae,Spondias,purpurea,no,18.8,NA,NA,NA,NA,NA,NA,NA
1980,55,SRTDF,6,Fabaceae,Lonchocarpus,minimiflorus,no,16.4,NA,NA,NA,NA,NA,NA,NA
1981,55,SRTDF,7,Bixacea,Cochlospermum,vitifolium,no,28.1,NA,NA,NA,NA,NA,NA,NA
1982,55,SRTDF,8,Anacardiaceae,Spondias,purpurea,yes,12.3,13.7,NA,NA,NA,NA,NA,NA
1983,55,SRTDF,9,Anacardiaceae,Spondias,purpurea,yes,11.2,17.1,NA,NA,NA,NA,NA,NA
1984,55,SRTDF,10,Fabaceae,Lonchocarpus,minimiflorus,yes,14,15.5,NA,NA,NA,NA,NA,NA
1985,55,SRTDF,11,Fabaceae,Bauhinia,ungulata,no,10.3,NA,NA,NA,NA,NA,NA,NA
1986,55,SRTDF,12,Fabaceae,Lonchocarpus,minimiflorus,no,13.1,NA,NA,NA,NA,NA,NA,NA
1987,55,SRTDF,13,Bignoniaceae,Tabebuia,ochracea,no,11.8,NA,NA,NA,NA,NA,NA,NA
1988,55,SRTDF,14,Anacardiaceae,Spondias,purpurea,no,10.1,NA,NA,NA,NA,NA,NA,NA
1989,55,SRTDF,15,Fabaceae,Lonchocarpus,minimiflorus,no,19.9,NA,NA,NA,NA,NA,NA,NA
1990,55,SRTDF,16,Fabaceae,Lonchocarpus,minimiflorus,no,16.6,NA,NA,NA,NA,NA,NA,NA
1991,55,SRTDF,17,Fabaceae,Gliricidia,sepium,no,10.8,NA,NA,NA,NA,NA,NA,NA
1992,55,SRTDF,18,Bignoniaceae,Tabebuia,ochracea,no,10.9,NA,NA,NA,NA,NA,NA,NA
1993,55,SRTDF,19,Fabaceae,Lonchocarpus,minimiflorus,yes,11,14,NA,NA,NA,NA,NA,NA
1994,55,SRTDF,20,Fabaceae,Lonchocarpus,minimiflorus,yes,12.6,15,17.7,NA,NA,NA,NA,NA
1995,55,SRTDF,21,Boraginaceae,Cordia,alliodora,no,19.1,NA,NA,NA,NA,NA,NA,NA
1996,55,SRTDF,22,Fabaceae,Senna,atomaria,no,21.2,NA,NA,NA,NA,NA,NA,NA
1997,55,SRTDF,23,Anacardiaceae,Spondias,purpurea,yes,10.8,13.5,14,NA,NA,NA,NA,NA
1998,55,SRTDF,24,Malvaceae,Guazuma,ulmifolia,yes,18.1,18.3,23.8,26.1,32.1,NA,NA,NA
1999,55,SRTDF,25,Anacardiaceae,Spondias,purpurea,yes,10.1,12.4,NA,NA,NA,NA,NA,NA
2000,55,SRTDF,26,Fabaceae,Gliricidia,sepium,no,12.1,NA,NA,NA,NA,NA,NA,NA
2001,55,SRTDF,27,Bignoniaceae,Tabebuia,ochracea,no,11.8,NA,NA,NA,NA,NA,NA,NA
2002,55,SRTDF,28,Bixacea,Cochlospermum,vitifolium,no,17.5,NA,NA,NA,NA,NA,NA,NA
2003,55,SRTDF,29,Bignoniaceae,Tabebuia,ochracea,no,15,NA,NA,NA,NA,NA,NA,NA
2004,55,SRTDF,30,Boraginaceae,Cordia,alliodora,no,13.3,NA,NA,NA,NA,NA,NA,NA
2005,55,SRTDF,31,Malvaceae,Luehea,speciosa,no,16.8,NA,NA,NA,NA,NA,NA,NA
2006,55,SRTDF,32,Boraginaceae,Cordia,panamensis,no,11.1,NA,NA,NA,NA,NA,NA,NA
2007,55,SRTDF,33,Bignoniaceae,Tabebuia,ochracea,no,11.7,NA,NA,NA,NA,NA,NA,NA
2008,55,SRTDF,34,Fabaceae,Lonchocarpus,minimiflorus,no,15,NA,NA,NA,NA,NA,NA,NA
2009,55,SRTDF,35,Bixacea,Cochlospermum,vitifolium,yes,12.6,23.5,24.7,26.2,NA,NA,NA,NA
2010,55,SRTDF,36,Bixacea,Cochlospermum,vitifolium,yes,18.9,19.4,20,22.9,NA,NA,NA,NA
2011,55,SRTDF,37,Fabaceae,Gliricidia,sepium,no,14,NA,NA,NA,NA,NA,NA,NA
2012,55,SRTDF,38,Bixacea,Cochlospermum,vitifolium,no,16.4,NA,NA,NA,NA,NA,NA,NA
2013,55,SRTDF,39,Fabaceae,Lonchocarpus,minimiflorus,no,19.9,NA,NA,NA,NA,NA,NA,NA
2014,55,SRTDF,40,Bixacea,Cochlospermum,vitifolium,yes,16.6,20.1,NA,NA,NA,NA,NA,NA
2015,55,SRTDF,41,Anacardiaceae,Spondias,purpurea,no,10.5,NA,NA,NA,NA,NA,NA,NA
2016,55,SRTDF,42,Anacardiaceae,Spondias,mombin,no,43.2,NA,NA,NA,NA,NA,NA,NA
2017,55,SRTDF,43,Bixacea,Cochlospermum,vitifolium,no,13.1,NA,NA,NA,NA,NA,NA,NA
2018,55,SRTDF,44,Boraginaceae,Cordia,alliodora,no,15.2,NA,NA,NA,NA,NA,NA,NA
2019,55,SRTDF,45,Boraginaceae,Cordia,alliodora,no,17.1,NA,NA,NA,NA,NA,NA,NA
2020,55,SRTDF,46,Anacardiaceae,Spondias,purpurea,no,16.7,NA,NA,NA,NA,NA,NA,NA
2021,55,SRTDF,47,Bixacea,Cochlospermum,vitifolium,no,25.3,NA,NA,NA,NA,NA,NA,NA
2022,55,SRTDF,48,Bixacea,Cochlospermum,vitifolium,no,40.9,NA,NA,NA,NA,NA,NA,NA
2023,55,SRTDF,49,Fabaceae,Lonchocarpus,minimiflorus,yes,10,10.5,NA,NA,NA,NA,NA,NA
2024,55,SRTDF,50,Fabaceae,Lonchocarpus,minimiflorus,no,12.2,NA,NA,NA,NA,NA,NA,NA
2025,55,SRTDF,51,Fabaceae,Gliricidia,sepium,no,12.1,NA,NA,NA,NA,NA,NA,NA
2026,55,SRTDF,52,Boraginaceae,Cordia,alliodora,no,14.5,NA,NA,NA,NA,NA,NA,NA
2027,55,SRTDF,53,Fabaceae,Gliricidia,sepium,yes,14.5,15.6,NA,NA,NA,NA,NA,NA
2028,55,SRTDF,54,Boraginaceae,Cordia,alliodora,no,15.9,NA,NA,NA,NA,NA,NA,NA
2029,55,SRTDF,55,Boraginaceae,Cordia,alliodora,no,12.1,NA,NA,NA,NA,NA,NA,NA
2030,55,SRTDF,56,Fabaceae,Lonchocarpus,minimiflorus,no,10.2,NA,NA,NA,NA,NA,NA,NA
2031,56,SRTDF,1,Rhamnaceae,Karwinskia,calderonii,no,10.1,NA,NA,NA,NA,NA,NA,NA
2032,56,SRTDF,2,Verbenaceae,Rehdera,trinervis,no,16,NA,NA,NA,NA,NA,NA,NA
2033,56,SRTDF,3,Fabaceae,Lonchocarpus,minimiflorus,no,11.5,NA,NA,NA,NA,NA,NA,NA
2034,56,SRTDF,4,Verbenaceae,Rehdera,trinervis,no,11.1,NA,NA,NA,NA,NA,NA,NA
2035,56,SRTDF,5,Verbenaceae,Rehdera,trinervis,yes,12.7,15.3,NA,NA,NA,NA,NA,NA
2036,56,SRTDF,6,Verbenaceae,Rehdera,trinervis,no,20.6,NA,NA,NA,NA,NA,NA,NA
2037,56,SRTDF,7,Verbenaceae,Rehdera,trinervis,no,14.7,NA,NA,NA,NA,NA,NA,NA
2038,56,SRTDF,8,Verbenaceae,Rehdera,trinervis,no,11.8,NA,NA,NA,NA,NA,NA,NA
2039,56,SRTDF,9,Verbenaceae,Rehdera,trinervis,no,11.5,NA,NA,NA,NA,NA,NA,NA
2040,56,SRTDF,10,Verbenaceae,Rehdera,trinervis,no,12.2,NA,NA,NA,NA,NA,NA,NA
2041,56,SRTDF,11,Verbenaceae,Rehdera,trinervis,no,15.7,NA,NA,NA,NA,NA,NA,NA
2042,56,SRTDF,12,Verbenaceae,Rehdera,trinervis,no,17.8,NA,NA,NA,NA,NA,NA,NA
2043,56,SRTDF,13,Fabaceae,Lonchocarpus,felipei,no,14.1,NA,NA,NA,NA,NA,NA,NA
2044,56,SRTDF,14,Fabaceae,Lonchocarpus,felipei,no,19,NA,NA,NA,NA,NA,NA,NA
2045,56,SRTDF,15,Verbenaceae,Rehdera,trinervis,yes,10.8,20.3,NA,NA,NA,NA,NA,NA
2046,56,SRTDF,16,Verbenaceae,Rehdera,trinervis,no,10.8,NA,NA,NA,NA,NA,NA,NA
2047,56,SRTDF,17,Verbenaceae,Rehdera,trinervis,no,12.7,NA,NA,NA,NA,NA,NA,NA
2048,56,SRTDF,18,Verbenaceae,Rehdera,trinervis,no,15.2,NA,NA,NA,NA,NA,NA,NA
2049,56,SRTDF,19,Verbenaceae,Rehdera,trinervis,no,21,NA,NA,NA,NA,NA,NA,NA
2050,56,SRTDF,20,Verbenaceae,Rehdera,trinervis,yes,12.9,18.4,NA,NA,NA,NA,NA,NA
2051,56,SRTDF,21,Verbenaceae,Rehdera,trinervis,no,22.4,NA,NA,NA,NA,NA,NA,NA
2052,56,SRTDF,22,Verbenaceae,Rehdera,trinervis,no,21.9,NA,NA,NA,NA,NA,NA,NA
2053,56,SRTDF,23,Verbenaceae,Rehdera,trinervis,yes,12,17.3,NA,NA,NA,NA,NA,NA
2054,56,SRTDF,24,Verbenaceae,Rehdera,trinervis,no,30,NA,NA,NA,NA,NA,NA,NA
2055,56,SRTDF,25,Verbenaceae,Rehdera,trinervis,no,11.9,NA,NA,NA,NA,NA,NA,NA
2056,56,SRTDF,26,Verbenaceae,Rehdera,trinervis,yes,13.5,16.8,NA,NA,NA,NA,NA,NA
2057,56,SRTDF,27,Rubiaceae,Genipa,americana,no,15.4,NA,NA,NA,NA,NA,NA,NA
2058,56,SRTDF,28,Bixacea,Cochlospermum,vitifolium,no,15.4,NA,NA,NA,NA,NA,NA,NA
2059,56,SRTDF,29,Verbenaceae,Rehdera,trinervis,no,27.6,NA,NA,NA,NA,NA,NA,NA
2060,56,SRTDF,30,Bixacea,Cochlospermum,vitifolium,no,33.1,NA,NA,NA,NA,NA,NA,NA
2061,56,SRTDF,31,Verbenaceae,Rehdera,trinervis,no,22.7,NA,NA,NA,NA,NA,NA,NA
2062,56,SRTDF,32,Malvaceae,Luehea,speciosa,yes,10.2,24.8,NA,NA,NA,NA,NA,NA
2063,56,SRTDF,33,Malvaceae,Guazuma,ulmifolia,no,15.7,NA,NA,NA,NA,NA,NA,NA
2064,56,SRTDF,34,Verbenaceae,Rehdera,trinervis,no,38.5,NA,NA,NA,NA,NA,NA,NA
2065,56,SRTDF,35,Rubiaceae,Guettarda,macrosperma,yes,10.3,11.1,11.2,12.3,12.9,13.7,14.2,16.5
2066,56,SRTDF,36,Verbenaceae,Rehdera,trinervis,no,14.2,NA,NA,NA,NA,NA,NA,NA
2067,56,SRTDF,37,Verbenaceae,Rehdera,trinervis,no,19.6,NA,NA,NA,NA,NA,NA,NA
2068,56,SRTDF,38,Verbenaceae,Rehdera,trinervis,yes,14.7,16.1,NA,NA,NA,NA,NA,NA
2069,56,SRTDF,39,Bixacea,Cochlospermum,vitifolium,no,17,NA,NA,NA,NA,NA,NA,NA
2070,56,SRTDF,40,Verbenaceae,Rehdera,trinervis,no,17.8,NA,NA,NA,NA,NA,NA,NA
2071,56,SRTDF,41,Verbenaceae,Rehdera,trinervis,no,22.2,NA,NA,NA,NA,NA,NA,NA
2072,56,SRTDF,42,Boraginaceae,Cordia,panamensis,yes,10,10.5,13.4,NA,NA,NA,NA,NA
2073,56,SRTDF,43,Verbenaceae,Rehdera,trinervis,yes,17.8,22.3,NA,NA,NA,NA,NA,NA
2074,56,SRTDF,44,Verbenaceae,Rehdera,trinervis,no,14.2,NA,NA,NA,NA,NA,NA,NA
2075,56,SRTDF,45,Verbenaceae,Rehdera,trinervis,no,17.8,NA,NA,NA,NA,NA,NA,NA
2076,56,SRTDF,46,Verbenaceae,Rehdera,trinervis,no,13.3,NA,NA,NA,NA,NA,NA,NA
2077,56,SRTDF,47,Fabaceae,Machaerium,biovulatum,no,12.1,NA,NA,NA,NA,NA,NA,NA
2078,56,SRTDF,48,Fabaceae,Machaerium,biovulatum,no,13.8,NA,NA,NA,NA,NA,NA,NA
2079,56,SRTDF,49,Verbenaceae,Rehdera,trinervis,no,24,NA,NA,NA,NA,NA,NA,NA
2080,56,SRTDF,50,Verbenaceae,Rehdera,trinervis,yes,12.5,18.1,NA,NA,NA,NA,NA,NA
2081,56,SRTDF,51,Verbenaceae,Rehdera,trinervis,no,29.3,NA,NA,NA,NA,NA,NA,NA
2082,56,SRTDF,52,Verbenaceae,Rehdera,trinervis,no,16.1,NA,NA,NA,NA,NA,NA,NA
2083,56,SRTDF,53,Anacardiaceae,Spondias,mombin,no,16.7,NA,NA,NA,NA,NA,NA,NA
2084,56,SRTDF,54,Verbenaceae,Rehdera,trinervis,no,14.8,NA,NA,NA,NA,NA,NA,NA
2085,56,SRTDF,55,Fabaceae,Ateleia,herbert-smithii,no,10.8,NA,NA,NA,NA,NA,NA,NA
2086,56,SRTDF,56,Annonaceae,Annona,reticulata,no,14.9,NA,NA,NA,NA,NA,NA,NA
2087,56,SRTDF,57,Myrtaceae,Eugenia,salamensis,no,13.4,NA,NA,NA,NA,NA,NA,NA
2088,56,SRTDF,58,Fabaceae,Lonchocarpus,minimiflorus,no,15.7,NA,NA,NA,NA,NA,NA,NA
2089,56,SRTDF,59,Fabaceae,Machaerium,biovulatum,no,22.5,NA,NA,NA,NA,NA,NA,NA
2090,56,SRTDF,60,Myrtaceae,Eugenia,salamensis,yes,15.3,15.8,NA,NA,NA,NA,NA,NA
2091,56,SRTDF,61,Fabaceae,Machaerium,biovulatum,no,21.1,NA,NA,NA,NA,NA,NA,NA
2092,56,SRTDF,62,Verbenaceae,Rehdera,trinervis,no,11.9,NA,NA,NA,NA,NA,NA,NA
2093,57,SRTDF,1,Salicaceae,Casearia,corymbosa,no,11.9,NA,NA,NA,NA,NA,NA,NA
2094,57,SRTDF,2,Fabaceae,Ateleia,herbert-smithii,no,38.5,NA,NA,NA,NA,NA,NA,NA
2095,57,SRTDF,3,Fabaceae,Lonchocarpus,felipei,no,15.3,NA,NA,NA,NA,NA,NA,NA
2096,57,SRTDF,4,Fabaceae,Ateleia,herbert-smithii,no,18.4,NA,NA,NA,NA,NA,NA,NA
2097,57,SRTDF,5,Fabaceae,Ateleia,herbert-smithii,no,43.5,NA,NA,NA,NA,NA,NA,NA
2098,57,SRTDF,6,Bixacea,Cochlospermum,vitifolium,no,23,NA,NA,NA,NA,NA,NA,NA
2099,57,SRTDF,7,Fabaceae,Ateleia,herbert-smithii,no,25,NA,NA,NA,NA,NA,NA,NA
2100,57,SRTDF,8,Rubiaceae,Calycophyllum,candidissimum,no,12,NA,NA,NA,NA,NA,NA,NA
2101,57,SRTDF,9,Fabaceae,Lonchocarpus,felipei,no,17.2,NA,NA,NA,NA,NA,NA,NA
2102,57,SRTDF,10,Fabaceae,Lonchocarpus,felipei,yes,16.5,20.9,NA,NA,NA,NA,NA,NA
2103,57,SRTDF,11,Fabaceae,Lonchocarpus,felipei,no,30.3,NA,NA,NA,NA,NA,NA,NA
2104,57,SRTDF,12,Rubiaceae,Chomelia,spinosa,no,10.4,NA,NA,NA,NA,NA,NA,NA
2105,57,SRTDF,13,Rubiaceae,Chomelia,spinosa,no,10.5,NA,NA,NA,NA,NA,NA,NA
2106,57,SRTDF,14,Fabaceae,Lonchocarpus,felipei,no,19.9,NA,NA,NA,NA,NA,NA,NA
2107,57,SRTDF,15,Bixacea,Cochlospermum,vitifolium,no,42.3,NA,NA,NA,NA,NA,NA,NA
2108,57,SRTDF,16,Fabaceae,Lonchocarpus,felipei,no,19.9,NA,NA,NA,NA,NA,NA,NA
2109,57,SRTDF,17,Burseraceae,Bursera,simaruba,no,34.3,NA,NA,NA,NA,NA,NA,NA
2110,57,SRTDF,18,Meliaceae,Cedrela,odorata,no,26.8,NA,NA,NA,NA,NA,NA,NA
2111,57,SRTDF,19,Myrtaceae,Eugenia,salamensis,no,10,NA,NA,NA,NA,NA,NA,NA
2112,57,SRTDF,20,Fabaceae,Lonchocarpus,minimiflorus,no,18.9,NA,NA,NA,NA,NA,NA,NA
2113,57,SRTDF,21,Boraginaceae,Cordia,panamensis,no,13.2,NA,NA,NA,NA,NA,NA,NA
2114,57,SRTDF,22,Burseraceae,Bursera,simaruba,no,61.3,NA,NA,NA,NA,NA,NA,NA
2115,57,SRTDF,23,Burseraceae,Bursera,simaruba,no,46.7,NA,NA,NA,NA,NA,NA,NA
2116,57,SRTDF,24,Burseraceae,Bursera,simaruba,no,29.3,NA,NA,NA,NA,NA,NA,NA
2117,57,SRTDF,25,Sapotaceae,Manilkara,chicle,no,27.3,NA,NA,NA,NA,NA,NA,NA
2118,57,SRTDF,26,Meliaceae,Swietenia,macrophylla,no,35.1,NA,NA,NA,NA,NA,NA,NA
2119,57,SRTDF,27,Bixacea,Cochlospermum,vitifolium,no,33.7,NA,NA,NA,NA,NA,NA,NA
2120,57,SRTDF,28,Malvaceae,Guazuma,ulmifolia,no,18.2,NA,NA,NA,NA,NA,NA,NA
2121,57,SRTDF,29,Annonaceae,Annona,reticulata,no,12.5,NA,NA,NA,NA,NA,NA,NA
2122,57,SRTDF,30,Boraginaceae,Cordia,panamensis,no,18.7,NA,NA,NA,NA,NA,NA,NA
2123,57,SRTDF,31,Malvaceae,Guazuma,ulmifolia,no,10.1,NA,NA,NA,NA,NA,NA,NA
2124,57,SRTDF,32,Fabaceae,Machaerium,biovulatum,no,11.9,NA,NA,NA,NA,NA,NA,NA
2125,57,SRTDF,33,Bixacea,Cochlospermum,vitifolium,no,18.8,NA,NA,NA,NA,NA,NA,NA
2126,57,SRTDF,34,Fabaceae,Lonchocarpus,felipei,no,26.4,NA,NA,NA,NA,NA,NA,NA
2127,57,SRTDF,35,Malvaceae,Guazuma,ulmifolia,no,16.9,NA,NA,NA,NA,NA,NA,NA
2128,57,SRTDF,36,Burseraceae,Bursera,simaruba,no,41.7,NA,NA,NA,NA,NA,NA,NA
2129,57,SRTDF,37,Malvaceae,Luehea,speciosa,yes,12.1,12.9,34.8,35.8,NA,NA,NA,NA
2130,57,SRTDF,38,Fabaceae,Ateleia,herbert-smithii,no,21.3,NA,NA,NA,NA,NA,NA,NA
2131,57,SRTDF,39,Fabaceae,Ateleia,herbert-smithii,no,19.8,NA,NA,NA,NA,NA,NA,NA
2132,57,SRTDF,40,Malpighiaceae,Bunchosia,ocellata,no,17.9,NA,NA,NA,NA,NA,NA,NA
2133,57,SRTDF,41,Rubiaceae,Calycophyllum,candidissimum,no,16.5,NA,NA,NA,NA,NA,NA,NA
2134,57,SRTDF,42,Fabaceae,Ateleia,herbert-smithii,no,47,NA,NA,NA,NA,NA,NA,NA
2135,57,SRTDF,43,Fabaceae,Ateleia,herbert-smithii,no,16.6,NA,NA,NA,NA,NA,NA,NA
2136,57,SRTDF,44,Moraceae,Maclura,tinctoria,no,17,NA,NA,NA,NA,NA,NA,NA
2137,57,SRTDF,45,Rubiaceae,Guettarda,macrosperma,no,13.3,NA,NA,NA,NA,NA,NA,NA
2138,57,SRTDF,46,Violaceae,Hybanthus,yucatanensis,no,18.2,NA,NA,NA,NA,NA,NA,NA
2139,57,SRTDF,47,Burseraceae,Bursera,simaruba,no,29.4,NA,NA,NA,NA,NA,NA,NA
2140,58,SRTDF,1,Fabaceae,Lonchocarpus,minimiflorus,yes,13.8,14.4,17.7,NA,NA,NA,NA,NA
2141,58,SRTDF,2,Celastraceae,Semialarium,mexicanum,no,12.7,NA,NA,NA,NA,NA,NA,NA
2142,58,SRTDF,3,Celastraceae,Semialarium,mexicanum,no,11.2,NA,NA,NA,NA,NA,NA,NA
2143,58,SRTDF,4,Celastraceae,Semialarium,mexicanum,no,10.5,NA,NA,NA,NA,NA,NA,NA
2144,58,SRTDF,5,Bignoniaceae,Tabebuia,ochracea,no,10.1,NA,NA,NA,NA,NA,NA,NA
2145,58,SRTDF,6,Celastraceae,Semialarium,mexicanum,no,10.8,NA,NA,NA,NA,NA,NA,NA
2146,58,SRTDF,7,Fabaceae,Lonchocarpus,minimiflorus,no,13.8,NA,NA,NA,NA,NA,NA,NA
2147,58,SRTDF,8,Myrtaceae,Eugenia,hypargyrea,no,11.2,NA,NA,NA,NA,NA,NA,NA
2148,58,SRTDF,9,Anacardiaceae,Spondias,mombin,yes,15.2,35.3,NA,NA,NA,NA,NA,NA
2149,58,SRTDF,10,Fabaceae,Ateleia,herbert-smithii,no,14.1,NA,NA,NA,NA,NA,NA,NA
2150,58,SRTDF,11,Myrtaceae,Eugenia,hypargyrea,no,12.4,NA,NA,NA,NA,NA,NA,NA
2151,58,SRTDF,12,Myrtaceae,Eugenia,hypargyrea,no,12,NA,NA,NA,NA,NA,NA,NA
2152,58,SRTDF,13,Myrtaceae,Eugenia,hypargyrea,no,11.1,NA,NA,NA,NA,NA,NA,NA
2153,58,SRTDF,14,Boraginaceae,Cordia,alliodora,no,15.8,NA,NA,NA,NA,NA,NA,NA
2154,58,SRTDF,15,Fabaceae,Machaerium,biovulatum,no,23.2,NA,NA,NA,NA,NA,NA,NA
2155,58,SRTDF,16,Fabaceae,Machaerium,biovulatum,no,16.8,NA,NA,NA,NA,NA,NA,NA
2156,58,SRTDF,17,Fabaceae,Machaerium,biovulatum,no,27.1,NA,NA,NA,NA,NA,NA,NA
2157,58,SRTDF,18,Fabaceae,Machaerium,biovulatum,no,16.6,NA,NA,NA,NA,NA,NA,NA
2158,58,SRTDF,19,Myrtaceae,Eugenia,salamensis,no,11.2,NA,NA,NA,NA,NA,NA,NA
2159,58,SRTDF,20,Celastraceae,Semialarium,mexicanum,no,10.3,NA,NA,NA,NA,NA,NA,NA
2160,58,SRTDF,21,Celastraceae,Semialarium,mexicanum,no,10.7,NA,NA,NA,NA,NA,NA,NA
2161,58,SRTDF,22,Fabaceae,Lonchocarpus,minimiflorus,no,12.1,NA,NA,NA,NA,NA,NA,NA
2162,58,SRTDF,23,Fabaceae,Machaerium,biovulatum,yes,10.3,15.6,17,NA,NA,NA,NA,NA
2163,58,SRTDF,24,Fabaceae,Ateleia,herbert-smithii,no,22,NA,NA,NA,NA,NA,NA,NA
2164,58,SRTDF,25,Arecaceae,Acrocomia,vinifera,no,42,NA,NA,NA,NA,NA,NA,NA
2165,58,SRTDF,26,Celastraceae,Semialarium,mexicanum,no,10.6,NA,NA,NA,NA,NA,NA,NA
2166,58,SRTDF,27,Fabaceae,Ateleia,herbert-smithii,no,45.6,NA,NA,NA,NA,NA,NA,NA
2167,58,SRTDF,28,Malvaceae,Guazuma,ulmifolia,no,12.7,NA,NA,NA,NA,NA,NA,NA
2168,58,SRTDF,29,Celastraceae,Semialarium,mexicanum,no,12.4,NA,NA,NA,NA,NA,NA,NA
2169,59,SRTDF,1,Sapindaceae,Thouinidium,decandrum,yes,23.9,34.1,NA,NA,NA,NA,NA,NA
2170,59,SRTDF,2,Fabaceae,Lonchocarpus,minimiflorus,no,14.1,NA,NA,NA,NA,NA,NA,NA
2171,59,SRTDF,3,Apocynaceae,Stemmadenia,obovata,no,10.5,NA,NA,NA,NA,NA,NA,NA
2172,59,SRTDF,4,Fabaceae,Lonchocarpus,minimiflorus,no,11.1,NA,NA,NA,NA,NA,NA,NA
2173,59,SRTDF,5,Apocynaceae,Stemmadenia,obovata,no,12.2,NA,NA,NA,NA,NA,NA,NA
2174,59,SRTDF,6,Opiliaceae,Agonandra,macrocarpa,no,26.4,NA,NA,NA,NA,NA,NA,NA
2175,59,SRTDF,7,Fabaceae,Pterocarpus,rohrii,no,28.3,NA,NA,NA,NA,NA,NA,NA
2176,59,SRTDF,8,Fabaceae,Lonchocarpus,minimiflorus,no,20.2,NA,NA,NA,NA,NA,NA,NA
2177,59,SRTDF,9,Salicaceae,Casearia,tremula,no,21.2,NA,NA,NA,NA,NA,NA,NA
2178,59,SRTDF,10,Theophrastaceae,Jacquinia,nervosa,no,17.8,NA,NA,NA,NA,NA,NA,NA
2179,59,SRTDF,11,Fabaceae,Ateleia,herbert-smithii,no,33.8,NA,NA,NA,NA,NA,NA,NA
2180,59,SRTDF,12,Theophrastaceae,Jacquinia,nervosa,yes,11.6,19.6,NA,NA,NA,NA,NA,NA
2181,59,SRTDF,13,Fabaceae,Lonchocarpus,parviflorus,no,16.4,NA,NA,NA,NA,NA,NA,NA
2182,59,SRTDF,14,Fabaceae,Senna,atomaria,no,16.7,NA,NA,NA,NA,NA,NA,NA
2183,59,SRTDF,15,Fabaceae,Lonchocarpus,parviflorus,no,13.4,NA,NA,NA,NA,NA,NA,NA
2184,59,SRTDF,16,Fabaceae,Lonchocarpus,parviflorus,no,16.2,NA,NA,NA,NA,NA,NA,NA
2185,59,SRTDF,17,Fabaceae,Senna,atomaria,no,17.3,NA,NA,NA,NA,NA,NA,NA
2186,59,SRTDF,18,Fabaceae,Lonchocarpus,parviflorus,no,12,NA,NA,NA,NA,NA,NA,NA
2187,59,SRTDF,19,Fabaceae,Lonchocarpus,parviflorus,no,10.4,NA,NA,NA,NA,NA,NA,NA
2188,59,SRTDF,20,Theophrastaceae,Jacquinia,nervosa,no,12.4,NA,NA,NA,NA,NA,NA,NA
2189,59,SRTDF,21,Fabaceae,Lonchocarpus,parviflorus,no,18.7,NA,NA,NA,NA,NA,NA,NA
2190,59,SRTDF,22,Apocynaceae,Stemmadenia,obovata,no,11.1,NA,NA,NA,NA,NA,NA,NA
2191,59,SRTDF,23,Fabaceae,Senna,atomaria,no,27.8,NA,NA,NA,NA,NA,NA,NA
2192,59,SRTDF,24,Malvaceae,Luehea,speciosa,no,16.5,NA,NA,NA,NA,NA,NA,NA
2193,59,SRTDF,25,Fabaceae,Lonchocarpus,minimiflorus,no,11.4,NA,NA,NA,NA,NA,NA,NA
2194,59,SRTDF,26,Fabaceae,Myrospermum,frutescens,no,18.1,NA,NA,NA,NA,NA,NA,NA
2195,59,SRTDF,27,Fabaceae,Lonchocarpus,parviflorus,yes,11.8,15.7,16.7,NA,NA,NA,NA,NA
2196,59,SRTDF,28,Rubiaceae,Guettarda,macrosperma,no,11.9,NA,NA,NA,NA,NA,NA,NA
2197,59,SRTDF,29,Fabaceae,Lonchocarpus,parviflorus,yes,10.3,12.7,NA,NA,NA,NA,NA,NA
2198,59,SRTDF,30,Rubiaceae,Guettarda,macrosperma,yes,16.7,17.7,NA,NA,NA,NA,NA,NA
2199,59,SRTDF,31,Fabaceae,Lonchocarpus,hughesii,no,32.6,NA,NA,NA,NA,NA,NA,NA
2200,59,SRTDF,32,Bignoniaceae,Tabebuia,ochracea,no,23.7,NA,NA,NA,NA,NA,NA,NA
2201,59,SRTDF,33,Bignoniaceae,Tabebuia,ochracea,no,13.8,NA,NA,NA,NA,NA,NA,NA
2202,59,SRTDF,34,Fabaceae,Acacia,centralis,no,33.2,NA,NA,NA,NA,NA,NA,NA
2203,59,SRTDF,35,Fabaceae,Lonchocarpus,parviflorus,no,16.9,NA,NA,NA,NA,NA,NA,NA
2204,59,SRTDF,36,Apocynaceae,Stemmadenia,obovata,no,11.1,NA,NA,NA,NA,NA,NA,NA
2205,59,SRTDF,37,Fabaceae,Senna,atomaria,no,16.2,NA,NA,NA,NA,NA,NA,NA
2206,59,SRTDF,38,Fabaceae,Lonchocarpus,parviflorus,no,12.5,NA,NA,NA,NA,NA,NA,NA
2207,59,SRTDF,39,Fabaceae,Lonchocarpus,parviflorus,no,17.8,NA,NA,NA,NA,NA,NA,NA
2208,59,SRTDF,40,Salicaceae,Casearia,tremula,no,11.5,NA,NA,NA,NA,NA,NA,NA
2209,59,SRTDF,41,Fabaceae,Lonchocarpus,parviflorus,yes,15.4,18.1,NA,NA,NA,NA,NA,NA
2210,59,SRTDF,42,Rubiaceae,Calycophyllum,candidissimum,yes,11.8,35.1,NA,NA,NA,NA,NA,NA
2211,59,SRTDF,43,Theophrastaceae,Jacquinia,nervosa,yes,12.8,14.6,NA,NA,NA,NA,NA,NA
2212,59,SRTDF,44,Myrtaceae,Eugenia,hypargyrea,no,10.9,NA,NA,NA,NA,NA,NA,NA
2213,59,SRTDF,45,Fabaceae,Lonchocarpus,parviflorus,no,11.8,NA,NA,NA,NA,NA,NA,NA
2214,59,SRTDF,46,Fabaceae,Lonchocarpus,felipei,no,24.4,NA,NA,NA,NA,NA,NA,NA
2215,59,SRTDF,47,Capparaceae,Capparis,indica,no,16.6,NA,NA,NA,NA,NA,NA,NA
2216,59,SRTDF,48,Fabaceae,Ateleia,herbert-smithii,no,12.6,NA,NA,NA,NA,NA,NA,NA
2217,59,SRTDF,49,Fabaceae,Lonchocarpus,parviflorus,no,17.7,NA,NA,NA,NA,NA,NA,NA
2218,60,SRTDF,1,Malvaceae,Pachira,quinata,no,120,NA,NA,NA,NA,NA,NA,NA
2219,60,SRTDF,2,Fabaceae,Lonchocarpus,parviflorus,no,10.3,NA,NA,NA,NA,NA,NA,NA
2220,60,SRTDF,3,Fabaceae,Lonchocarpus,parviflorus,no,10.5,NA,NA,NA,NA,NA,NA,NA
2221,60,SRTDF,4,Bixacea,Cochlospermum,vitifolium,no,29.2,NA,NA,NA,NA,NA,NA,NA
2222,60,SRTDF,5,Fabaceae,Lonchocarpus,parviflorus,no,10.7,NA,NA,NA,NA,NA,NA,NA
2223,60,SRTDF,6,Fabaceae,Lonchocarpus,parviflorus,no,13.6,NA,NA,NA,NA,NA,NA,NA
2224,60,SRTDF,7,Bixacea,Cochlospermum,vitifolium,no,16.5,NA,NA,NA,NA,NA,NA,NA
2225,60,SRTDF,8,Fabaceae,Lonchocarpus,parviflorus,no,11.5,NA,NA,NA,NA,NA,NA,NA
2226,60,SRTDF,9,Fabaceae,Lonchocarpus,parviflorus,no,13.2,NA,NA,NA,NA,NA,NA,NA
2227,60,SRTDF,10,Fabaceae,Lonchocarpus,parviflorus,no,10.8,NA,NA,NA,NA,NA,NA,NA
2228,60,SRTDF,11,Anacardiaceae,Spondias,purpurea,yes,11,11.9,15.8,NA,NA,NA,NA,NA
2229,60,SRTDF,12,Fabaceae,Lonchocarpus,parviflorus,no,17.6,NA,NA,NA,NA,NA,NA,NA
2230,60,SRTDF,13,Fabaceae,Acacia,centralis,no,11.8,NA,NA,NA,NA,NA,NA,NA
2231,60,SRTDF,14,Fabaceae,Lonchocarpus,parviflorus,no,21,NA,NA,NA,NA,NA,NA,NA
2232,60,SRTDF,15,Fabaceae,Lonchocarpus,parviflorus,no,11.8,NA,NA,NA,NA,NA,NA,NA
2233,60,SRTDF,16,Malvaceae,Luehea,speciosa,no,15.2,NA,NA,NA,NA,NA,NA,NA
2234,60,SRTDF,17,Fabaceae,Acacia,centralis,no,23.5,NA,NA,NA,NA,NA,NA,NA
2235,60,SRTDF,18,Fabaceae,Lonchocarpus,parviflorus,no,13,NA,NA,NA,NA,NA,NA,NA
2236,60,SRTDF,19,Fabaceae,Acacia,centralis,no,41.9,NA,NA,NA,NA,NA,NA,NA
2237,60,SRTDF,20,Malvaceae,Luehea,speciosa,yes,11.5,20.8,22.3,NA,NA,NA,NA,NA
2238,60,SRTDF,21,Sapotaceae,Sideroxylon,stenospermum,yes,13.1,14.9,15.2,15.4,17.9,22.2,NA,NA
2239,60,SRTDF,22,Malvaceae,Guazuma,ulmifolia,yes,16.3,17.9,20.2,21.1,21.8,30.9,NA,NA
2240,60,SRTDF,23,Fabaceae,Acacia,centralis,no,10.8,NA,NA,NA,NA,NA,NA,NA
2241,60,SRTDF,24,Fabaceae,Acacia,centralis,no,22.4,NA,NA,NA,NA,NA,NA,NA
2242,60,SRTDF,25,Malvaceae,Luehea,speciosa,no,13.8,NA,NA,NA,NA,NA,NA,NA
2243,60,SRTDF,26,Fabaceae,Acacia,centralis,no,20.9,NA,NA,NA,NA,NA,NA,NA
2244,60,SRTDF,27,Fabaceae,Lonchocarpus,parviflorus,no,13.8,NA,NA,NA,NA,NA,NA,NA
2245,60,SRTDF,28,Burseraceae,Bursera,simaruba,no,16.3,NA,NA,NA,NA,NA,NA,NA
2246,60,SRTDF,29,Burseraceae,Bursera,simaruba,no,17.4,NA,NA,NA,NA,NA,NA,NA
2247,60,SRTDF,30,Fabaceae,Senna,atomaria,no,26.4,NA,NA,NA,NA,NA,NA,NA
2248,60,SRTDF,31,Fabaceae,Lonchocarpus,parviflorus,no,12.1,NA,NA,NA,NA,NA,NA,NA
2249,60,SRTDF,32,Malvaceae,Luehea,speciosa,no,17.2,NA,NA,NA,NA,NA,NA,NA
2250,60,SRTDF,33,Fabaceae,Lonchocarpus,parviflorus,no,18.1,NA,NA,NA,NA,NA,NA,NA
2251,60,SRTDF,34,Fabaceae,Senna,atomaria,no,30.2,NA,NA,NA,NA,NA,NA,NA
2252,60,SRTDF,35,Fabaceae,Lonchocarpus,parviflorus,no,11.7,NA,NA,NA,NA,NA,NA,NA
2253,60,SRTDF,36,Bixacea,Cochlospermum,vitifolium,yes,13.7,27.5,NA,NA,NA,NA,NA,NA
2254,60,SRTDF,37,Fabaceae,Lonchocarpus,parviflorus,no,11.9,NA,NA,NA,NA,NA,NA,NA
2255,60,SRTDF,38,Fabaceae,Lonchocarpus,parviflorus,no,11.6,NA,NA,NA,NA,NA,NA,NA
2256,60,SRTDF,39,Rubiaceae,Calycophyllum,candidissimum,no,12.7,NA,NA,NA,NA,NA,NA,NA
2257,60,SRTDF,40,Anacardiaceae,Spondias,purpurea,no,27.1,NA,NA,NA,NA,NA,NA,NA
2258,60,SRTDF,41,Bixacea,Cochlospermum,vitifolium,no,29.6,NA,NA,NA,NA,NA,NA,NA
2259,60,SRTDF,42,Apocynaceae,Stemmadenia,obovata,no,12.1,NA,NA,NA,NA,NA,NA,NA
2260,60,SRTDF,43,Malvaceae,Luehea,speciosa,yes,15.3,19,NA,NA,NA,NA,NA,NA
2261,61,SRTDF,1,Bignoniaceae,Tabebuia,rosea,no,27.5,NA,NA,NA,NA,NA,NA,NA
2262,61,SRTDF,2,Elaeocarpaceae,Sloanea,terniflora,no,39.8,NA,NA,NA,NA,NA,NA,NA
2263,61,SRTDF,3,Fabaceae,Hymenaea,courbaril,no,98.1,NA,NA,NA,NA,NA,NA,NA
2264,61,SRTDF,4,Meliaceae,Trichilia,americana,no,17,NA,NA,NA,NA,NA,NA,NA
2265,61,SRTDF,5,Polygonaceae,Coccoloba,guanacastensis,no,13.7,NA,NA,NA,NA,NA,NA,NA
2266,61,SRTDF,6,Melastomataceae,Mouriri,myrtilloides,no,11.3,NA,NA,NA,NA,NA,NA,NA
2267,61,SRTDF,7,Lauraceae,Ocotea,veraguensis,no,14.6,NA,NA,NA,NA,NA,NA,NA
2268,61,SRTDF,8,Rubiaceae,Calycophyllum,candidissimum,no,21.6,NA,NA,NA,NA,NA,NA,NA
2269,61,SRTDF,9,Rubiaceae,Calycophyllum,candidissimum,yes,12,31.5,NA,NA,NA,NA,NA,NA
2270,61,SRTDF,10,Sapindaceae,Cupania,guatemalensis,no,14.3,NA,NA,NA,NA,NA,NA,NA
2271,61,SRTDF,11,Sapotaceae,Manilkara,chicle,no,27,NA,NA,NA,NA,NA,NA,NA
2272,61,SRTDF,12,Lauraceae,Ocotea,veraguensis,no,10.7,NA,NA,NA,NA,NA,NA,NA
2273,61,SRTDF,13,Lauraceae,Ocotea,veraguensis,no,19.8,NA,NA,NA,NA,NA,NA,NA
2274,61,SRTDF,14,Elaeocarpaceae,Sloanea,terniflora,no,18.5,NA,NA,NA,NA,NA,NA,NA
2275,61,SRTDF,15,Lauraceae,Ocotea,veraguensis,no,12.9,NA,NA,NA,NA,NA,NA,NA
2276,61,SRTDF,16,Sapindaceae,Cupania,guatemalensis,no,14,NA,NA,NA,NA,NA,NA,NA
2277,61,SRTDF,17,Lauraceae,Ocotea,veraguensis,no,13,NA,NA,NA,NA,NA,NA,NA
2278,61,SRTDF,18,Sapindaceae,Dilodendron,costaricense,no,50.7,NA,NA,NA,NA,NA,NA,NA
2279,61,SRTDF,19,Lauraceae,Ocotea,veraguensis,no,15.3,NA,NA,NA,NA,NA,NA,NA
2280,61,SRTDF,20,Elaeocarpaceae,Sloanea,terniflora,no,21.8,NA,NA,NA,NA,NA,NA,NA
2281,61,SRTDF,21,Polygonaceae,Coccoloba,guanacastensis,no,18.5,NA,NA,NA,NA,NA,NA,NA
2282,61,SRTDF,22,Myrtaceae,Eugenia,monticola,no,14.1,NA,NA,NA,NA,NA,NA,NA
2283,61,SRTDF,23,Fabaceae,Acosmium,panamense,no,84.95,NA,NA,NA,NA,NA,NA,NA
2284,61,SRTDF,24,Rubiaceae,Guettarda,macrosperma,yes,16,34.5,NA,NA,NA,NA,NA,NA
2285,61,SRTDF,25,Annonaceae,Annona,purpurea,no,19.5,NA,NA,NA,NA,NA,NA,NA
2286,61,SRTDF,26,Sapotaceae,Manilkara,chicle,no,17.3,NA,NA,NA,NA,NA,NA,NA
2287,61,SRTDF,27,Elaeocarpaceae,Sloanea,terniflora,no,24.6,NA,NA,NA,NA,NA,NA,NA
2288,61,SRTDF,28,Sapindaceae,Dilodendron,costaricense,yes,10.4,56.3,NA,NA,NA,NA,NA,NA
2289,61,SRTDF,29,Malvaceae,Luehea,speciosa,no,50.9,NA,NA,NA,NA,NA,NA,NA
2290,61,SRTDF,30,Elaeocarpaceae,Sloanea,terniflora,yes,39.7,10.7,NA,NA,NA,NA,NA,NA
2291,61,SRTDF,31,Lauraceae,Ocotea,veraguensis,no,16.3,NA,NA,NA,NA,NA,NA,NA
2292,62,SROAK,1,Apocynaceae,Stemmadenia,obovata,no,13.7,NA,NA,NA,NA,NA,NA,NA
2293,62,SROAK,2,Malvaceae,Luehea,speciosa,no,33.5,NA,NA,NA,NA,NA,NA,NA
2294,62,SROAK,3,Boraginaceae,Cordia,alliodora,no,11.7,NA,NA,NA,NA,NA,NA,NA
2295,62,SROAK,4,Anacardiaceae,Spondias,mombin,no,69.9,NA,NA,NA,NA,NA,NA,NA
2296,62,SROAK,5,Fabaceae,Lysiloma,divaricatum,no,19.8,NA,NA,NA,NA,NA,NA,NA
2297,62,SROAK,6,Malvaceae,Luehea,speciosa,no,23.4,NA,NA,NA,NA,NA,NA,NA
2298,62,SROAK,7,Rubiaceae,Exostema,mexicanum,no,12.1,NA,NA,NA,NA,NA,NA,NA
2299,62,SROAK,8,Boraginaceae,Cordia,panamensis,no,10.1,NA,NA,NA,NA,NA,NA,NA
2300,62,SROAK,9,Fabaceae,Lysiloma,divaricatum,no,11.7,NA,NA,NA,NA,NA,NA,NA
2301,62,SROAK,10,Sapotaceae,Manilkara,chicle,no,25.6,NA,NA,NA,NA,NA,NA,NA
2302,62,SROAK,11,Fagaceae,Quercus,oleoides,yes,14.8,69.7,NA,NA,NA,NA,NA,NA
2303,62,SROAK,12,Sapotaceae,Manilkara,chicle,no,22.1,NA,NA,NA,NA,NA,NA,NA
2304,62,SROAK,13,Burseraceae,Bursera,simaruba,no,39.7,NA,NA,NA,NA,NA,NA,NA
2305,62,SROAK,14,Malvaceae,Luehea,speciosa,yes,19.3,24.6,NA,NA,NA,NA,NA,NA
2306,62,SROAK,15,Rubiaceae,Guettarda,macrosperma,no,12.3,NA,NA,NA,NA,NA,NA,NA
2307,62,SROAK,16,Malvaceae,Luehea,speciosa,no,30.3,NA,NA,NA,NA,NA,NA,NA
2308,62,SROAK,17,Elaeocarpaceae,Sloanea,terniflora,no,11.8,NA,NA,NA,NA,NA,NA,NA
2309,62,SROAK,18,Euphorbiaceae,Sebastiania,pavoniana,no,12.5,NA,NA,NA,NA,NA,NA,NA
2310,62,SROAK,19,Fabaceae,Lysiloma,divaricatum,no,12.9,NA,NA,NA,NA,NA,NA,NA
2311,62,SROAK,20,Rubiaceae,Exostema,mexicanum,no,10.4,NA,NA,NA,NA,NA,NA,NA
2312,62,SROAK,21,Rubiaceae,Exostema,mexicanum,no,16.8,NA,NA,NA,NA,NA,NA,NA
2313,62,SROAK,22,Malvaceae,Luehea,speciosa,no,14.1,NA,NA,NA,NA,NA,NA,NA
2314,62,SROAK,23,Malvaceae,Luehea,speciosa,no,16,NA,NA,NA,NA,NA,NA,NA
2315,62,SROAK,24,Fabaceae,Lonchocarpus,felipei,no,15,NA,NA,NA,NA,NA,NA,NA
2316,62,SROAK,25,Malvaceae,Luehea,speciosa,no,10.6,NA,NA,NA,NA,NA,NA,NA
2317,62,SROAK,26,Fagaceae,Quercus,oleoides,no,46.5,NA,NA,NA,NA,NA,NA,NA
2318,62,SROAK,27,Fabaceae,Acosmium,panamense,no,54.6,NA,NA,NA,NA,NA,NA,NA
2319,62,SROAK,28,Anacardiaceae,Astronium,graveolens,no,11.2,NA,NA,NA,NA,NA,NA,NA
2320,62,SROAK,29,Rubiaceae,Exostema,mexicanum,no,12,NA,NA,NA,NA,NA,NA,NA
2321,62,SROAK,30,Rubiaceae,Exostema,mexicanum,no,27,NA,NA,NA,NA,NA,NA,NA
2322,62,SROAK,31,Fabaceae,Lysiloma,divaricatum,no,10.9,NA,NA,NA,NA,NA,NA,NA
2323,62,SROAK,32,Euphorbiaceae,Sebastiania,pavoniana,no,11.7,NA,NA,NA,NA,NA,NA,NA
2324,62,SROAK,33,Sapotaceae,Sideroxylon,capiri,no,19.6,NA,NA,NA,NA,NA,NA,NA
2325,62,SROAK,34,Rubiaceae,Exostema,mexicanum,no,23,NA,NA,NA,NA,NA,NA,NA
2326,62,SROAK,35,Rubiaceae,Exostema,mexicanum,no,15.8,NA,NA,NA,NA,NA,NA,NA
2327,62,SROAK,36,Salicaceae,Casearia,praecox,no,11.9,NA,NA,NA,NA,NA,NA,NA
2328,62,SROAK,37,Fagaceae,Quercus,oleoides,no,50.2,NA,NA,NA,NA,NA,NA,NA
2329,62,SROAK,38,Anacardiaceae,Astronium,graveolens,no,14,NA,NA,NA,NA,NA,NA,NA
2330,62,SROAK,39,Malvaceae,Luehea,speciosa,no,20.8,NA,NA,NA,NA,NA,NA,NA
2331,62,SROAK,40,Fabaceae,Lysiloma,divaricatum,no,16.7,NA,NA,NA,NA,NA,NA,NA
2332,62,SROAK,41,Euphorbiaceae,Sebastiania,pavoniana,no,14.3,NA,NA,NA,NA,NA,NA,NA
2333,62,SROAK,42,Fabaceae,Bauhinia,ungulata,no,14.2,NA,NA,NA,NA,NA,NA,NA
2334,62,SROAK,43,Apocynaceae,Stemmadenia,obovata,no,18.6,NA,NA,NA,NA,NA,NA,NA
2335,62,SROAK,44,Verbenaceae,Rehdera,trinervis,no,17.9,NA,NA,NA,NA,NA,NA,NA
2336,62,SROAK,45,Euphorbiaceae,Sebastiania,pavoniana,no,11.2,NA,NA,NA,NA,NA,NA,NA
2337,62,SROAK,46,Malvaceae,Luehea,speciosa,yes,27.8,10.6,NA,NA,NA,NA,NA,NA
2338,62,SROAK,47,Apocynaceae,Stemmadenia,obovata,no,10.4,NA,NA,NA,NA,NA,NA,NA
2339,63,SRTDF,1,Salicaceae,Casearia,silvestris,yes,16,10.1,NA,NA,NA,NA,NA,NA
2340,63,SRTDF,2,Moraceae,Castilla,elastica,no,12.6,NA,NA,NA,NA,NA,NA,NA
2341,63,SRTDF,3,Clusiaceae,Garcinia,intermedia,no,14.6,NA,NA,NA,NA,NA,NA,NA
2342,63,SRTDF,4,Sapindaceae,Dilodendron,costaricense,no,44,NA,NA,NA,NA,NA,NA,NA
2343,63,SRTDF,5,Salicaceae,Zuelania,guidonia,no,14.3,NA,NA,NA,NA,NA,NA,NA
2344,63,SRTDF,6,Moraceae,Castilla,elastica,no,13.4,NA,NA,NA,NA,NA,NA,NA
2345,63,SRTDF,7,Sapotaceae,Manilkara,chicle,no,31.3,NA,NA,NA,NA,NA,NA,NA
2346,63,SRTDF,8,Passifloraceae,Erblichia,odorata,no,44.6,NA,NA,NA,NA,NA,NA,NA
2347,63,SRTDF,9,Boraginaceae,Cordia,panamensis,no,14,NA,NA,NA,NA,NA,NA,NA
2348,63,SRTDF,10,Myrtaceae,Eugenia,monticola,no,10.3,NA,NA,NA,NA,NA,NA,NA
2349,63,SRTDF,11,Sapotaceae,Manilkara,chicle,no,60,NA,NA,NA,NA,NA,NA,NA
2350,63,SRTDF,12,Melastomataceae,Mouriri,myrtilloides,no,11.5,NA,NA,NA,NA,NA,NA,NA
2351,63,SRTDF,13,Picramniaceae,Picramnia,quaternaria,no,10.3,NA,NA,NA,NA,NA,NA,NA
2352,63,SRTDF,14,Sapotaceae,Manilkara,chicle,no,58.4,NA,NA,NA,NA,NA,NA,NA
2353,63,SRTDF,15,Clusiaceae,Garcinia,intermedia,no,14.3,NA,NA,NA,NA,NA,NA,NA
2354,63,SRTDF,16,Elaeocarpaceae,Sloanea,terniflora,no,17.4,NA,NA,NA,NA,NA,NA,NA
2355,63,SRTDF,17,Sapotaceae,Manilkara,chicle,no,36.5,NA,NA,NA,NA,NA,NA,NA
2356,63,SRTDF,18,Myrsinaceae,Ardisia,revoluta,no,11.8,NA,NA,NA,NA,NA,NA,NA
2357,63,SRTDF,19,Clusiaceae,Garcinia,intermedia,no,12.6,NA,NA,NA,NA,NA,NA,NA
2358,63,SRTDF,20,Salicaceae,Casearia,silvestris,no,62.2,NA,NA,NA,NA,NA,NA,NA
2359,63,SRTDF,21,Clusiaceae,Garcinia,intermedia,no,10.7,NA,NA,NA,NA,NA,NA,NA
2360,63,SRTDF,22,Myrsinaceae,Ardisia,revoluta,no,13.5,NA,NA,NA,NA,NA,NA,NA
2361,63,SRTDF,23,Malvaceae,Luehea,speciosa,no,48.1,NA,NA,NA,NA,NA,NA,NA
2362,63,SRTDF,24,Sapotaceae,Manilkara,chicle,no,52,NA,NA,NA,NA,NA,NA,NA
2363,63,SRTDF,25,Elaeocarpaceae,Sloanea,terniflora,no,17.5,NA,NA,NA,NA,NA,NA,NA
2364,63,SRTDF,26,Bignoniaceae,Tabebuia,impetiginosa,no,22.5,NA,NA,NA,NA,NA,NA,NA
2365,63,SRTDF,27,Sapotaceae,Manilkara,chicle,no,16.4,NA,NA,NA,NA,NA,NA,NA
2366,63,SRTDF,28,Clusiaceae,Garcinia,intermedia,no,10.7,NA,NA,NA,NA,NA,NA,NA
2367,63,SRTDF,29,Fabaceae,Lysiloma,divaricatum,no,28.5,NA,NA,NA,NA,NA,NA,NA
2368,63,SRTDF,30,Fabaceae,Hymenaea,courbaril,no,18.9,NA,NA,NA,NA,NA,NA,NA
2369,63,SRTDF,31,Malvaceae,Luehea,speciosa,no,32,NA,NA,NA,NA,NA,NA,NA
2370,63,SRTDF,32,Fabaceae,Hymenaea,courbaril,no,11.2,NA,NA,NA,NA,NA,NA,NA
2371,63,SRTDF,33,Sapotaceae,Manilkara,chicle,no,23.8,NA,NA,NA,NA,NA,NA,NA
2372,63,SRTDF,34,Elaeocarpaceae,Sloanea,terniflora,no,35.5,NA,NA,NA,NA,NA,NA,NA
2373,64,SROAK,1,Fagaceae,Quercus,oleoides,no,24.2,NA,NA,NA,NA,NA,NA,NA
2374,64,SROAK,2,Fagaceae,Quercus,oleoides,no,30.4,NA,NA,NA,NA,NA,NA,NA
2375,64,SROAK,3,Euphorbiaceae,Mabea,occidentalis,no,11.2,NA,NA,NA,NA,NA,NA,NA
2376,64,SROAK,4,Malvaceae,Luehea,speciosa,no,14.9,NA,NA,NA,NA,NA,NA,NA
2377,64,SROAK,5,Fagaceae,Quercus,oleoides,no,32.8,NA,NA,NA,NA,NA,NA,NA
2378,64,SROAK,6,Fagaceae,Quercus,oleoides,no,15.5,NA,NA,NA,NA,NA,NA,NA
2379,64,SROAK,7,Boraginaceae,Cordia,alliodora,no,10.1,NA,NA,NA,NA,NA,NA,NA
2380,64,SROAK,8,Malvaceae,Luehea,speciosa,no,12.7,NA,NA,NA,NA,NA,NA,NA
2381,64,SROAK,9,Fabaceae,Lysiloma,divaricatum,no,20.5,NA,NA,NA,NA,NA,NA,NA
2382,64,SROAK,10,Euphorbiaceae,Mabea,occidentalis,no,10.1,NA,NA,NA,NA,NA,NA,NA
2383,64,SROAK,11,Bixaceae,Cochlospermum,vitifolium,no,13,NA,NA,NA,NA,NA,NA,NA
2384,64,SROAK,12,Malvaceae,Luehea,speciosa,no,19.5,NA,NA,NA,NA,NA,NA,NA
2385,64,SROAK,13,Fabaceae,Acosmium,panamense,no,38.3,NA,NA,NA,NA,NA,NA,NA
2386,64,SROAK,14,Sapotaceae,Manilkara,chicle,no,21.4,NA,NA,NA,NA,NA,NA,NA
2387,64,SROAK,15,Fabaceae,Machaerium,biovulatum,no,19.8,NA,NA,NA,NA,NA,NA,NA
2388,64,SROAK,16,Opiliaceae,Agonandra,macrocarpa,yes,14.8,13.7,11.8,NA,NA,NA,NA,NA
2389,64,SROAK,17,Euphorbiaceae,Mabea,occidentalis,no,10.5,NA,NA,NA,NA,NA,NA,NA
2390,64,SROAK,18,Malvaceae,Luehea,speciosa,no,11.2,NA,NA,NA,NA,NA,NA,NA
2391,64,SROAK,19,Fabaceae,Acosmium,panamense,no,31.8,NA,NA,NA,NA,NA,NA,NA
2392,64,SROAK,20,Sapotaceae,Manilkara,chicle,no,32.2,NA,NA,NA,NA,NA,NA,NA
2393,64,SROAK,21,Anacardiaceae,Astronium,graveolens,no,12.6,NA,NA,NA,NA,NA,NA,NA
2394,64,SROAK,22,Anacardiaceae,Astronium,graveolens,no,14,NA,NA,NA,NA,NA,NA,NA
2395,64,SROAK,23,Fagaceae,Quercus,oleoides,no,60.8,NA,NA,NA,NA,NA,NA,NA
2396,64,SROAK,24,Meliaceae,Swietenia,macrophylla,no,20.4,NA,NA,NA,NA,NA,NA,NA
2397,64,SROAK,25,Proteaceae,Roupala,montana,no,11.9,NA,NA,NA,NA,NA,NA,NA
2398,64,SROAK,26,Sapotaceae,Chrysophyllum,brenesii,no,17.5,NA,NA,NA,NA,NA,NA,NA
2399,64,SROAK,27,Fagaceae,Quercus,oleoides,no,28.5,NA,NA,NA,NA,NA,NA,NA
2400,64,SROAK,28,Fagaceae,Quercus,oleoides,yes,40.7,29.2,NA,NA,NA,NA,NA,NA
2401,64,SROAK,29,Sapotaceae,Manilkara,chicle,no,14.2,NA,NA,NA,NA,NA,NA,NA
2402,64,SROAK,30,Anacardiaceae,Astronium,graveolens,no,13.5,NA,NA,NA,NA,NA,NA,NA
2403,64,SROAK,31,Boraginaceae,Cordia,panamensis,no,18.8,NA,NA,NA,NA,NA,NA,NA
2404,64,SROAK,32,Fagaceae,Quercus,oleoides,no,11.5,NA,NA,NA,NA,NA,NA,NA
2405,64,SROAK,33,Bignoniaceae,Tabebuia,ochracea,no,11.4,NA,NA,NA,NA,NA,NA,NA
2406,64,SROAK,34,Meliaceae,Swietenia,macrophylla,no,41.9,NA,NA,NA,NA,NA,NA,NA
2407,64,SROAK,35,Fagaceae,Quercus,oleoides,no,11.5,NA,NA,NA,NA,NA,NA,NA
2408,64,SROAK,36,Verbenaceae,Rehdera,trinervis,no,18.5,NA,NA,NA,NA,NA,NA,NA
2409,64,SROAK,37,Rubiaceae,Exostema,mexicanum,yes,12.5,10.8,NA,NA,NA,NA,NA,NA
2410,64,SROAK,38,Fabaceae,Machaerium,biovulatum,no,11.2,NA,NA,NA,NA,NA,NA,NA
2411,64,SROAK,39,Fabaceae,Machaerium,biovulatum,no,11.8,NA,NA,NA,NA,NA,NA,NA
2412,64,SROAK,40,Fabaceae,Acosmium,panamense,no,36.9,NA,NA,NA,NA,NA,NA,NA
2413,64,SROAK,41,Rubiaceae,Exostema,mexicanum,no,15,NA,NA,NA,NA,NA,NA,NA
2414,64,SROAK,42,Rhamnaceae,Krugiodendron,ferreum,no,21.3,NA,NA,NA,NA,NA,NA,NA
2415,64,SROAK,43,Salicaceae,Zuelania,guidonia,no,29.1,NA,NA,NA,NA,NA,NA,NA
2416,64,SROAK,44,Moraceae,Maclura,tinctoria,no,15.7,NA,NA,NA,NA,NA,NA,NA
2417,64,SROAK,45,Euphorbiaceae,Mabea,occidentalis,no,12.5,NA,NA,NA,NA,NA,NA,NA
2418,64,SROAK,46,Bignoniaceae,Tabebuia,ochracea,no,19.6,NA,NA,NA,NA,NA,NA,NA
2419,64,SROAK,47,Fabaceae,Machaerium,biovulatum,no,13.1,NA,NA,NA,NA,NA,NA,NA
2420,64,SROAK,48,Salicaceae,Zuelania,guidonia,no,19.2,NA,NA,NA,NA,NA,NA,NA
2421,64,SROAK,49,Fagaceae,Quercus,oleoides,no,26.4,NA,NA,NA,NA,NA,NA,NA
2422,64,SROAK,50,Fabaceae,Acosmium,panamense,no,35.7,NA,NA,NA,NA,NA,NA,NA
2423,64,SROAK,51,Fagaceae,Quercus,oleoides,no,26.3,NA,NA,NA,NA,NA,NA,NA
2424,64,SROAK,52,Malvaceae,Luehea,speciosa,no,11.7,NA,NA,NA,NA,NA,NA,NA
2425,64,SROAK,53,Fagaceae,Quercus,oleoides,no,31,NA,NA,NA,NA,NA,NA,NA
2426,64,SROAK,54,Fagaceae,Quercus,oleoides,no,11,NA,NA,NA,NA,NA,NA,NA
2427,65,SRTDF,1,Euphorbiaceae,Bernardia,nicaraguensis,no,11.8,NA,NA,NA,NA,NA,NA,NA
2428,65,SRTDF,2,Chrysobalanaceae,Licania,arborea,no,44.3,NA,NA,NA,NA,NA,NA,NA
2429,65,SRTDF,3,Malvaceae,Luehea,speciosa,no,20.7,NA,NA,NA,NA,NA,NA,NA
2430,65,SRTDF,4,Sapotaceae,Manilkara,chicle,no,25.6,NA,NA,NA,NA,NA,NA,NA
2431,65,SRTDF,5,Verbenaceae,Rehdera,trinervis,no,17.5,NA,NA,NA,NA,NA,NA,NA
2432,65,SRTDF,6,Anacardiaceae,Astronium,graveolens,no,12.8,NA,NA,NA,NA,NA,NA,NA
2433,65,SRTDF,7,Fabaceae,Hymenaea,courbaril,no,19.8,NA,NA,NA,NA,NA,NA,NA
2434,65,SRTDF,8,Polygonaceae,Coccoloba,guanacastensis,yes,12.8,18.4,13,14.8,12.2,10.8,11.9,NA
2435,65,SRTDF,9,Fabaceae,Acosmium,panamense,no,21.2,NA,NA,NA,NA,NA,NA,NA
2436,65,SRTDF,10,Meliaceae,Cedrela,odorata,no,34.1,NA,NA,NA,NA,NA,NA,NA
2437,65,SRTDF,11,Fabaceae,Acosmium,panamense,no,29.7,NA,NA,NA,NA,NA,NA,NA
2438,65,SRTDF,12,Sapotaceae,Manilkara,chicle,no,28.2,NA,NA,NA,NA,NA,NA,NA
2439,65,SRTDF,13,Rubiaceae,Calycophyllum,candidissimum,yes,21.6,12,NA,NA,NA,NA,NA,NA
2440,65,SRTDF,14,Malvaceae,Guazuma,ulmifolia,no,12.7,NA,NA,NA,NA,NA,NA,NA
2441,65,SRTDF,15,Annonaceae,Annona,purpurea,no,14,NA,NA,NA,NA,NA,NA,NA
2442,65,SRTDF,16,Sapotaceae,Manilkara,chicle,no,34,NA,NA,NA,NA,NA,NA,NA
2443,65,SRTDF,17,Meliaceae,Cedrela,odorata,no,54.3,NA,NA,NA,NA,NA,NA,NA
2444,65,SRTDF,18,Fabaceae,Myrospermum,frutescens,no,10.4,NA,NA,NA,NA,NA,NA,NA
2445,65,SRTDF,19,Sapindaceae,Allophylus,occidentalis,no,10.8,NA,NA,NA,NA,NA,NA,NA
2446,65,SRTDF,20,Malvaceae,Luehea,speciosa,no,25.3,NA,NA,NA,NA,NA,NA,NA
2447,65,SRTDF,21,Fabaceae,Lonchocarpus,felipei,no,11,NA,NA,NA,NA,NA,NA,NA
2448,65,SRTDF,22,Malvaceae,Luehea,speciosa,no,17.2,NA,NA,NA,NA,NA,NA,NA
2449,65,SRTDF,23,Fabaceae,Hymenaea,courbaril,no,16.9,NA,NA,NA,NA,NA,NA,NA
2450,65,SRTDF,24,Bixaceae,Cochlospermum,vitifolium,no,16,NA,NA,NA,NA,NA,NA,NA
2451,65,SRTDF,25,Myrtaceae,Eugenia,salamensis,no,11.2,NA,NA,NA,NA,NA,NA,NA
2452,65,SRTDF,26,Myrtaceae,Eugenia,salamensis,no,11.5,NA,NA,NA,NA,NA,NA,NA
2453,65,SRTDF,27,Fabaceae,Hymenaea,courbaril,yes,13.6,10,NA,NA,NA,NA,NA,NA
2454,65,SRTDF,28,Boraginaceae,Cordia,alliodora,no,17.7,NA,NA,NA,NA,NA,NA,NA
2455,65,SRTDF,29,Verbenaceae,Rehdera,trinervis,no,22,NA,NA,NA,NA,NA,NA,NA
2456,65,SRTDF,30,Myrtaceae,Eugenia,salamensis,no,17.4,NA,NA,NA,NA,NA,NA,NA
2457,65,SRTDF,31,Myrtaceae,Eugenia,salamensis,no,20,NA,NA,NA,NA,NA,NA,NA
2458,65,SRTDF,32,Myrtaceae,Eugenia,salamensis,no,15.7,NA,NA,NA,NA,NA,NA,NA
2459,65,SRTDF,33,Rubiaceae,Chomelia,spinosa,no,17.2,NA,NA,NA,NA,NA,NA,NA
2460,65,SRTDF,34,Malvaceae,Luehea,speciosa,yes,11.7,25,NA,NA,NA,NA,NA,NA
2461,65,SRTDF,35,Malvaceae,Guazuma,ulmifolia,yes,14.9,12.3,NA,NA,NA,NA,NA,NA
2462,65,SRTDF,36,Rubiaceae,Calycophyllum,candidissimum,no,11.6,NA,NA,NA,NA,NA,NA,NA
2463,65,SRTDF,37,Burseraceae,Bursera,simaruba,no,19.5,NA,NA,NA,NA,NA,NA,NA
2464,65,SRTDF,38,Myrtaceae,Eugenia,salamensis,no,23.1,NA,NA,NA,NA,NA,NA,NA
2465,65,SRTDF,39,Rubiaceae,Calycophyllum,candidissimum,no,13.2,NA,NA,NA,NA,NA,NA,NA
2466,65,SRTDF,40,Rubiaceae,Calycophyllum,candidissimum,no,11.6,NA,NA,NA,NA,NA,NA,NA
2467,65,SRTDF,41,Anacardiaceae,Astronium,graveolens,no,17,NA,NA,NA,NA,NA,NA,NA
2468,65,SRTDF,42,Malvaceae,Guazuma,ulmifolia,no,10.5,NA,NA,NA,NA,NA,NA,NA
2469,65,SRTDF,43,Malvaceae,Guazuma,ulmifolia,no,17.8,NA,NA,NA,NA,NA,NA,NA
2470,65,SRTDF,44,Capparaceae,Capparis,indica,no,15,NA,NA,NA,NA,NA,NA,NA
2471,65,SRTDF,45,Fabaceae,Lysiloma,divaricatum,yes,34.8,34.4,NA,NA,NA,NA,NA,NA
2472,65,SRTDF,47,Bixaceae,Cochlospermum,vitifolium,no,44.7,NA,NA,NA,NA,NA,NA,NA
2473,65,SRTDF,48,Fabaceae,Swartzia,cubensis,no,27,NA,NA,NA,NA,NA,NA,NA
2474,65,SRTDF,49,Anacardiaceae,Astronium,graveolens,no,15.7,NA,NA,NA,NA,NA,NA,NA
2475,65,SRTDF,50,Capparaceae,Capparis,indica,no,12.5,NA,NA,NA,NA,NA,NA,NA
2476,65,SRTDF,51,Sapotaceae,Manilkara,chicle,no,33,NA,NA,NA,NA,NA,NA,NA
2477,65,SRTDF,52,Fabaceae,Lonchocarpus,felipei,no,24.6,NA,NA,NA,NA,NA,NA,NA
2478,65,SRTDF,53,Annonaceae,Sapranthus,palanga,no,11.8,NA,NA,NA,NA,NA,NA,NA
2479,65,SRTDF,54,Nyctaginaceae,Pisonia,aculeata,no,17.3,NA,NA,NA,NA,NA,NA,NA
2480,65,SRTDF,55,Boraginaceae,Cordia,panamensis,no,17.4,NA,NA,NA,NA,NA,NA,NA
2481,65,SRTDF,56,Annonaceae,Sapranthus,palanga,no,10.5,NA,NA,NA,NA,NA,NA,NA
2482,66,SRTDF,1,Myrtaceae,Eugenia,salamensis,no,15.3,NA,NA,NA,NA,NA,NA,NA
2483,66,SRTDF,2,Chrysobalanaceae,Licania,arborea,no,55.3,NA,NA,NA,NA,NA,NA,NA
2484,66,SRTDF,3,Fabaceae,Hymenaea,courbaril,no,22.2,NA,NA,NA,NA,NA,NA,NA
2485,66,SRTDF,4,Fabaceae,Hymenaea,courbaril,no,34.4,NA,NA,NA,NA,NA,NA,NA
2486,66,SRTDF,5,Fabaceae,Swartzia,cubensis,yes,18,49,NA,NA,NA,NA,NA,NA
2487,66,SRTDF,6,Anacardiaceae,Astronium,graveolens,no,19.6,NA,NA,NA,NA,NA,NA,NA
2488,66,SRTDF,7,Burseraceae,Bursera,simaruba,no,15.1,NA,NA,NA,NA,NA,NA,NA
2489,66,SRTDF,8,Fabaceae,Acosmium,panamense,no,22.1,NA,NA,NA,NA,NA,NA,NA
2490,66,SRTDF,9,Moraceae,Maclura,tinctoria,no,48.2,NA,NA,NA,NA,NA,NA,NA
2491,66,SRTDF,10,Fabaceae,Swartzia,cubensis,no,65,NA,NA,NA,NA,NA,NA,NA
2492,66,SRTDF,11,Elaeocarpaceae,Sloanea,terniflora,no,45.1,NA,NA,NA,NA,NA,NA,NA
2493,66,SRTDF,12,Burseraceae,Bursera,simaruba,no,20.3,NA,NA,NA,NA,NA,NA,NA
2494,66,SRTDF,13,Meliaceae,Cedrela,odorata,no,64.4,NA,NA,NA,NA,NA,NA,NA
2495,66,SRTDF,14,Annonaceae,Annona,purpurea,no,14.5,NA,NA,NA,NA,NA,NA,NA
2496,66,SRTDF,15,Meliaceae,Cedrela,odorata,no,57.7,NA,NA,NA,NA,NA,NA,NA
2497,66,SRTDF,16,Moraceae,Maclura,tinctoria,no,36.9,NA,NA,NA,NA,NA,NA,NA
2498,66,SRTDF,17,Rubiaceae,Chomelia,spinosa,no,14.6,NA,NA,NA,NA,NA,NA,NA
2499,66,SRTDF,18,Burseraceae,Bursera,simaruba,no,52.8,NA,NA,NA,NA,NA,NA,NA
2500,66,SRTDF,19,Elaeocarpaceae,Sloanea,terniflora,no,20.3,NA,NA,NA,NA,NA,NA,NA
2501,66,SRTDF,20,Fabaceae,Ateleia,herbert-smithii,no,19.8,NA,NA,NA,NA,NA,NA,NA
2502,66,SRTDF,21,Burseraceae,Bursera,simaruba,no,17.9,NA,NA,NA,NA,NA,NA,NA
2503,66,SRTDF,22,Chrysobalanaceae,Licania,arborea,no,29.5,NA,NA,NA,NA,NA,NA,NA
2504,66,SRTDF,23,Meliaceae,Swietenia,macrophylla,no,14.8,NA,NA,NA,NA,NA,NA,NA
2505,66,SRTDF,24,Malvaceae,Guazuma,ulmifolia,yes,33.4,10.9,NA,NA,NA,NA,NA,NA
2506,66,SRTDF,25,Boraginaceae,Cordia,panamensis,no,28.5,NA,NA,NA,NA,NA,NA,NA
2507,66,SRTDF,26,Sapotaceae,Chrysophyllum,brenesii,no,29.5,NA,NA,NA,NA,NA,NA,NA
2508,66,SRTDF,27,Salicaceae,Zuelania,guidonia,no,23.3,NA,NA,NA,NA,NA,NA,NA
2509,66,SRTDF,28,Sapotaceae,Manilkara,chicle,no,34.3,NA,NA,NA,NA,NA,NA,NA
2510,66,SRTDF,29,Rubiaceae,Calycophyllum,candidissimum,yes,23.7,12.6,NA,NA,NA,NA,NA,NA
2511,66,SRTDF,30,Burseraceae,Bursera,simaruba,no,15.6,NA,NA,NA,NA,NA,NA,NA
2512,66,SRTDF,31,Meliaceae,Cedrela,odorata,no,43.3,NA,NA,NA,NA,NA,NA,NA
2513,66,SRTDF,32,Sapotaceae,Sideroxylon,capiri,no,68.9,NA,NA,NA,NA,NA,NA,NA
2514,66,SRTDF,33,Salicaceae,Casearia,corymbosa,no,13.1,NA,NA,NA,NA,NA,NA,NA
2515,66,SRTDF,34,Boraginaceae,Cordia,panamensis,no,21.1,NA,NA,NA,NA,NA,NA,NA
2516,66,SRTDF,35,Anacardiaceae,Spondias,mombin,no,32.6,NA,NA,NA,NA,NA,NA,NA
2517,66,SRTDF,36,Malvaceae,Guazuma,ulmifolia,no,39.2,NA,NA,NA,NA,NA,NA,NA
2518,66,SRTDF,37,Burseraceae,Bursera,simaruba,no,42.3,NA,NA,NA,NA,NA,NA,NA
2519,66,SRTDF,38,Rubiaceae,Calycophyllum,candidissimum,no,45.2,NA,NA,NA,NA,NA,NA,NA
2520,66,SRTDF,39,Bixaceae,Cochlospermum,vitifolium,no,39.2,NA,NA,NA,NA,NA,NA,NA
2521,66,SRTDF,40,Malvaceae,Luehea,speciosa,no,37.3,NA,NA,NA,NA,NA,NA,NA
2522,67,SROAK,1,Fabaceae,Lonchocarpus,rugosus,no,14,NA,NA,NA,NA,NA,NA,NA
2523,67,SROAK,2,Passifloraceae,Erblichia,odorata,no,27.6,NA,NA,NA,NA,NA,NA,NA
2524,67,SROAK,3,Fabaceae,Lonchocarpus,rugosus,no,31.5,NA,NA,NA,NA,NA,NA,NA
2525,67,SROAK,4,Sapotaceae,Manilkara,chicle,no,74.5,NA,NA,NA,NA,NA,NA,NA
2526,67,SROAK,5,Fabaceae,Lonchocarpus,rugosus,no,30.5,NA,NA,NA,NA,NA,NA,NA
2527,67,SROAK,6,Malvaceae,Luehea,speciosa,yes,43.6,21.9,NA,NA,NA,NA,NA,NA
2528,67,SROAK,7,Fagaceae,Quercus,oleoides,no,88.9,NA,NA,NA,NA,NA,NA,NA
2529,67,SROAK,8,Anacardiaceae,Astronium,graveolens,no,13.1,NA,NA,NA,NA,NA,NA,NA
2530,67,SROAK,9,Malvaceae,Luehea,speciosa,no,10.9,NA,NA,NA,NA,NA,NA,NA
2531,67,SROAK,10,Anacardiaceae,Astronium,graveolens,no,14.2,NA,NA,NA,NA,NA,NA,NA
2532,67,SROAK,11,Malvaceae,Luehea,speciosa,no,18.2,NA,NA,NA,NA,NA,NA,NA
2533,67,SROAK,12,Boraginaceae,Cordia,panamensis,no,14,NA,NA,NA,NA,NA,NA,NA
2534,67,SROAK,13,Malvaceae,Luehea,speciosa,no,24.7,NA,NA,NA,NA,NA,NA,NA
2535,67,SROAK,14,Boraginaceae,Cordia,panamensis,no,12.8,NA,NA,NA,NA,NA,NA,NA
2536,67,SROAK,15,Boraginaceae,Cordia,panamensis,no,23.8,NA,NA,NA,NA,NA,NA,NA
2537,67,SROAK,16,Malvaceae,Luehea,speciosa,no,45.2,NA,NA,NA,NA,NA,NA,NA
2538,67,SROAK,17,Boraginaceae,Cordia,panamensis,no,11.2,NA,NA,NA,NA,NA,NA,NA
2539,67,SROAK,18,Fabaceae,Lonchocarpus,rugosus,no,36,NA,NA,NA,NA,NA,NA,NA
2540,67,SROAK,19,Urticaceae,Cecropia,peltata,no,14.9,NA,NA,NA,NA,NA,NA,NA
2541,67,SROAK,20,Fabaceae,Lonchocarpus,rugosus,no,11.4,NA,NA,NA,NA,NA,NA,NA
2542,67,SROAK,21,Boraginaceae,Cordia,panamensis,no,13.5,NA,NA,NA,NA,NA,NA,NA
2543,67,SROAK,22,Fabaceae,Lonchocarpus,rugosus,no,25.2,NA,NA,NA,NA,NA,NA,NA
2544,67,SROAK,23,Fabaceae,Gliricidia,sepium,no,26,NA,NA,NA,NA,NA,NA,NA
2545,67,SROAK,24,Malvaceae,Luehea,speciosa,no,15.2,NA,NA,NA,NA,NA,NA,NA
2546,67,SROAK,25,Bixaceae,Cochlospermum,vitifolium,no,33.9,NA,NA,NA,NA,NA,NA,NA
2547,67,SROAK,26,Malvaceae,Luehea,speciosa,no,28.4,NA,NA,NA,NA,NA,NA,NA
2548,67,SROAK,27,Fabaceae,Hymenaea,courbaril,no,45.7,NA,NA,NA,NA,NA,NA,NA
2549,67,SROAK,28,Malvaceae,Luehea,speciosa,no,23.8,NA,NA,NA,NA,NA,NA,NA
2550,67,SROAK,29,Malvaceae,Luehea,speciosa,no,16.3,NA,NA,NA,NA,NA,NA,NA
2551,67,SROAK,30,Fabaceae,Lonchocarpus,rugosus,no,16.4,NA,NA,NA,NA,NA,NA,NA
2552,67,SROAK,31,Sapotaceae,Manilkara,chicle,no,20.8,NA,NA,NA,NA,NA,NA,NA
2553,67,SROAK,32,Anacardiaceae,Astronium,graveolens,no,21.9,NA,NA,NA,NA,NA,NA,NA
2554,67,SROAK,33,Fagaceae,Quercus,oleoides,no,94.8,NA,NA,NA,NA,NA,NA,NA
2555,67,SROAK,34,Euphorbiaceae,Sapium,glandulosum,no,12,NA,NA,NA,NA,NA,NA,NA
2556,68,SROAK,1,Moraceae,Brosimum,alicastrum,no,12.7,NA,NA,NA,NA,NA,NA,NA
2557,68,SROAK,2,Anacardiaceae,Astronium,graveolens,no,17.5,NA,NA,NA,NA,NA,NA,NA
2558,68,SROAK,3,Fabaceae,Hymenaea,courbaril,no,19.7,NA,NA,NA,NA,NA,NA,NA
2559,68,SROAK,4,Anacardiaceae,Astronium,graveolens,no,14.7,NA,NA,NA,NA,NA,NA,NA
2560,68,SROAK,5,Moraceae,Brosimum,alicastrum,no,15.2,NA,NA,NA,NA,NA,NA,NA
2561,68,SROAK,6,Moraceae,Brosimum,alicastrum,no,19.4,NA,NA,NA,NA,NA,NA,NA
2562,68,SROAK,7,Fagaceae,Quercus,oleoides,no,42.4,NA,NA,NA,NA,NA,NA,NA
2563,68,SROAK,8,Moraceae,Brosimum,alicastrum,no,16.2,NA,NA,NA,NA,NA,NA,NA
2564,68,SROAK,9,Moraceae,Brosimum,alicastrum,no,10.7,NA,NA,NA,NA,NA,NA,NA
2565,68,SROAK,10,Moraceae,Brosimum,alicastrum,no,18.6,NA,NA,NA,NA,NA,NA,NA
2566,68,SROAK,11,Fabaceae,Lonchocarpus,rugosus,no,18.8,NA,NA,NA,NA,NA,NA,NA
2567,68,SROAK,12,Moraceae,Brosimum,alicastrum,no,15.6,NA,NA,NA,NA,NA,NA,NA
2568,68,SROAK,13,Sapotaceae,Manilkara,chicle,no,18.7,NA,NA,NA,NA,NA,NA,NA
2569,68,SROAK,14,Boraginaceae,Cordia,panamensis,no,11.1,NA,NA,NA,NA,NA,NA,NA
2570,68,SROAK,15,Sapindaceae,Allophylus,occidentalis,no,10.2,NA,NA,NA,NA,NA,NA,NA
2571,68,SROAK,16,Fabaceae,Hymenaea,courbaril,no,21.1,NA,NA,NA,NA,NA,NA,NA
2572,68,SROAK,17,Moraceae,Brosimum,alicastrum,no,33,NA,NA,NA,NA,NA,NA,NA
2573,68,SROAK,18,Fabaceae,Hymenaea,courbaril,no,46.3,NA,NA,NA,NA,NA,NA,NA
2574,68,SROAK,19,Anacardiaceae,Astronium,graveolens,no,16.8,NA,NA,NA,NA,NA,NA,NA
2575,68,SROAK,20,Malvaceae,Luehea,speciosa,no,61.7,NA,NA,NA,NA,NA,NA,NA
2576,68,SROAK,21,Passifloraceae,Erblichia,odorata,no,12.2,NA,NA,NA,NA,NA,NA,NA
2577,68,SROAK,22,Anacardiaceae,Spondias,mombin,no,35,NA,NA,NA,NA,NA,NA,NA
2578,68,SROAK,23,Fabaceae,Lonchocarpus,rugosus,no,22.6,NA,NA,NA,NA,NA,NA,NA
2579,68,SROAK,24,Sapindaceae,Allophylus,occidentalis,no,11.8,NA,NA,NA,NA,NA,NA,NA
2580,68,SROAK,25,Malvaceae,Luehea,speciosa,no,14.2,NA,NA,NA,NA,NA,NA,NA
2581,68,SROAK,26,Malvaceae,Luehea,speciosa,no,16.5,NA,NA,NA,NA,NA,NA,NA
2582,68,SROAK,27,Boraginaceae,Cordia,panamensis,no,14.8,NA,NA,NA,NA,NA,NA,NA
2583,68,SROAK,28,Malvaceae,Luehea,speciosa,no,32.4,NA,NA,NA,NA,NA,NA,NA
2584,68,SROAK,29,Fagaceae,Quercus,oleoides,no,63.7,NA,NA,NA,NA,NA,NA,NA
2585,68,SROAK,30,Euphorbiaceae,Mabea,occidentalis,no,11.1,NA,NA,NA,NA,NA,NA,NA
2586,68,SROAK,31,Moraceae,Brosimum,alicastrum,no,28.3,NA,NA,NA,NA,NA,NA,NA
2587,68,SROAK,32,Fabaceae,Bauhinia,ungulata,no,11.9,NA,NA,NA,NA,NA,NA,NA
2588,68,SROAK,33,Passifloraceae,Erblichia,odorata,no,10.9,NA,NA,NA,NA,NA,NA,NA
2589,68,SROAK,34,Moraceae,Brosimum,alicastrum,no,11.9,NA,NA,NA,NA,NA,NA,NA
2590,68,SROAK,35,Rutaceae,Zanthoxylum,setulosum,no,13.8,NA,NA,NA,NA,NA,NA,NA
2591,68,SROAK,36,Sapindaceae,Dilodendron,costaricense,no,13.3,NA,NA,NA,NA,NA,NA,NA
2592,68,SROAK,37,Passifloraceae,Erblichia,odorata,no,24.6,NA,NA,NA,NA,NA,NA,NA
2593,68,SROAK,38,Fabaceae,Hymenaea,courbaril,no,83.5,NA,NA,NA,NA,NA,NA,NA
2594,68,SROAK,39,Moraceae,Brosimum,alicastrum,no,12.2,NA,NA,NA,NA,NA,NA,NA
2595,68,SROAK,40,Moraceae,Brosimum,alicastrum,no,19.1,NA,NA,NA,NA,NA,NA,NA
2596,68,SROAK,41,Moraceae,Brosimum,alicastrum,no,11.5,NA,NA,NA,NA,NA,NA,NA
2597,68,SROAK,42,Anacardiaceae,Astronium,graveolens,no,11.4,NA,NA,NA,NA,NA,NA,NA
2598,68,SROAK,43,Moraceae,Brosimum,alicastrum,no,14.8,NA,NA,NA,NA,NA,NA,NA
2599,68,SROAK,44,Moraceae,Brosimum,alicastrum,no,25.5,NA,NA,NA,NA,NA,NA,NA
2600,68,SROAK,45,Rubiaceae,Guettarda,macrosperma,no,11,NA,NA,NA,NA,NA,NA,NA
2601,68,SROAK,46,Fabaceae,Hymenaea,courbaril,no,55.6,NA,NA,NA,NA,NA,NA,NA
2602,68,SROAK,47,Moraceae,Brosimum,alicastrum,no,19.7,NA,NA,NA,NA,NA,NA,NA
2603,68,SROAK,48,Moraceae,Brosimum,alicastrum,no,23.5,NA,NA,NA,NA,NA,NA,NA
2604,68,SROAK,49,Moraceae,Brosimum,alicastrum,no,21.2,NA,NA,NA,NA,NA,NA,NA
2605,69,SRTDF,1,Moraceae,Brosimum,alicastrum,no,40.9,NA,NA,NA,NA,NA,NA,NA
2606,69,SRTDF,2,Malvaceae,Luehea,speciosa,no,13.8,NA,NA,NA,NA,NA,NA,NA
2607,69,SRTDF,3,Meliaceae,Cedrela,odorata,no,22.9,NA,NA,NA,NA,NA,NA,NA
2608,69,SRTDF,4,Anacardiaceae,Spondias,mombin,no,31.2,NA,NA,NA,NA,NA,NA,NA
2609,69,SRTDF,5,Rubiaceae,Calycophyllum,candidissimum,no,10.8,NA,NA,NA,NA,NA,NA,NA
2610,69,SRTDF,6,Anacardiaceae,Spondias,mombin,no,21.3,NA,NA,NA,NA,NA,NA,NA
2611,69,SRTDF,7,Malvaceae,Sterculia,apetala,no,10.7,NA,NA,NA,NA,NA,NA,NA
2612,69,SRTDF,8,Annonaceae,Annona,purpurea,no,29.2,NA,NA,NA,NA,NA,NA,NA
2613,69,SRTDF,9,Salicaceae,Casearia,praecox,no,16.8,NA,NA,NA,NA,NA,NA,NA
2614,69,SRTDF,10,Moraceae,Brosimum,alicastrum,no,44.1,NA,NA,NA,NA,NA,NA,NA
2615,69,SRTDF,11,Moraceae,Brosimum,alicastrum,no,76.9,NA,NA,NA,NA,NA,NA,NA
2616,69,SRTDF,12,Polygonaceae,Coccoloba,guanacastensis,no,12.5,NA,NA,NA,NA,NA,NA,NA
2617,69,SRTDF,13,Malvaceae,Luehea,speciosa,no,16.6,NA,NA,NA,NA,NA,NA,NA
2618,69,SRTDF,14,Meliaceae,Cedrela,odorata,no,16.5,NA,NA,NA,NA,NA,NA,NA
2619,69,SRTDF,15,Anacardiaceae,Astronium,graveolens,no,13.2,NA,NA,NA,NA,NA,NA,NA
2620,69,SRTDF,16,Polygonaceae,Coccoloba,guanacastensis,yes,17.6,10.9,NA,NA,NA,NA,NA,NA
2621,69,SRTDF,17,Annonaceae,Annona,reticulata,no,13.7,NA,NA,NA,NA,NA,NA,NA
2622,69,SRTDF,18,Burseraceae,Bursera,simaruba,no,18,NA,NA,NA,NA,NA,NA,NA
2623,69,SRTDF,19,Annonaceae,Annona,reticulata,no,14.5,NA,NA,NA,NA,NA,NA,NA
2624,69,SRTDF,20,Boraginaceae,Cordia,alliodora,no,18.6,NA,NA,NA,NA,NA,NA,NA
2625,69,SRTDF,21,Fabaceae,Hymenaea,courbaril,no,44.9,NA,NA,NA,NA,NA,NA,NA
2626,69,SRTDF,22,Moraceae,Brosimum,alicastrum,no,74.8,NA,NA,NA,NA,NA,NA,NA
2627,69,SRTDF,23,Malvaceae,Luehea,speciosa,no,10,NA,NA,NA,NA,NA,NA,NA
2628,69,SRTDF,24,Meliaceae,Cedrela,odorata,no,18.7,NA,NA,NA,NA,NA,NA,NA
2629,69,SRTDF,25,Fabaceae,Swartzia,cubensis,no,11.3,NA,NA,NA,NA,NA,NA,NA
2630,69,SRTDF,26,Rubiaceae,Calycophyllum,candidissimum,no,12.1,NA,NA,NA,NA,NA,NA,NA
2631,69,SRTDF,27,Polygonaceae,Coccoloba,guanacastensis,no,13.6,NA,NA,NA,NA,NA,NA,NA
2632,69,SRTDF,28,Fabaceae,Hymenaea,courbaril,yes,78.8,41.4,NA,NA,NA,NA,NA,NA
2633,69,SRTDF,29,Anacardiaceae,Astronium,graveolens,no,18.3,NA,NA,NA,NA,NA,NA,NA
2634,69,SRTDF,30,Rutaceae,Zanthoxylum,setulosum,no,15.3,NA,NA,NA,NA,NA,NA,NA
2635,69,SRTDF,31,Fabaceae,Pithecellobium,bipinnatum,yes,10.1,10.3,10.9,NA,NA,NA,NA,NA
2636,69,SRTDF,32,Rubiaceae,Exostema,mexicanum,no,14.6,NA,NA,NA,NA,NA,NA,NA
2637,69,SRTDF,33,Sapotaceae,Manilkara,chicle,no,13.3,NA,NA,NA,NA,NA,NA,NA
2638,69,SRTDF,34,Moraceae,Brosimum,alicastrum,no,29.2,NA,NA,NA,NA,NA,NA,NA
2639,70,SRTDF,1,Malvaceae,Luehea,speciosa,no,61.4,NA,NA,NA,NA,NA,NA,NA
2640,70,SRTDF,2,Annonaceae,Annona,reticulata,no,21.2,NA,NA,NA,NA,NA,NA,NA
2641,70,SRTDF,3,Annonaceae,Annona,reticulata,no,17.6,NA,NA,NA,NA,NA,NA,NA
2642,70,SRTDF,4,Annonaceae,Annona,reticulata,no,17,NA,NA,NA,NA,NA,NA,NA
2643,70,SRTDF,5,Fabaceae,Lonchocarpus,rugosus,no,12.6,NA,NA,NA,NA,NA,NA,NA
2644,70,SRTDF,6,Moraceae,Maclura,tinctoria,no,11.8,NA,NA,NA,NA,NA,NA,NA
2645,70,SRTDF,7,Meliaceae,Cedrela,odorata,no,103.8,NA,NA,NA,NA,NA,NA,NA
2646,70,SRTDF,8,Malvaceae,Guazuma,ulmifolia,no,16.6,NA,NA,NA,NA,NA,NA,NA
2647,70,SRTDF,9,Anacardiaceae,Spondias,mombin,no,12.4,NA,NA,NA,NA,NA,NA,NA
2648,70,SRTDF,10,Bignoniaceae,Tabebuia,ochracea,no,18.3,NA,NA,NA,NA,NA,NA,NA
2649,70,SRTDF,11,Malvaceae,Apeiba,tibourbou,no,19.9,NA,NA,NA,NA,NA,NA,NA
2650,70,SRTDF,12,Malvaceae,Luehea,speciosa,no,39.5,NA,NA,NA,NA,NA,NA,NA
2651,70,SRTDF,13,Malvaceae,Luehea,speciosa,no,13.4,NA,NA,NA,NA,NA,NA,NA
2652,70,SRTDF,14,Malvaceae,Luehea,speciosa,no,18,NA,NA,NA,NA,NA,NA,NA
2653,70,SRTDF,15,Malvaceae,Luehea,speciosa,no,28.1,NA,NA,NA,NA,NA,NA,NA
2654,70,SRTDF,16,Malvaceae,Luehea,speciosa,no,24.5,NA,NA,NA,NA,NA,NA,NA
2655,70,SRTDF,17,Annonaceae,Annona,reticulata,no,17.5,NA,NA,NA,NA,NA,NA,NA
2656,70,SRTDF,18,Meliaceae,Cedrela,odorata,no,62.3,NA,NA,NA,NA,NA,NA,NA
2657,70,SRTDF,19,Salicaceae,Casearia,silvestris,no,10.1,NA,NA,NA,NA,NA,NA,NA
2658,70,SRTDF,20,Malvaceae,Luehea,speciosa,no,35.3,NA,NA,NA,NA,NA,NA,NA
2659,70,SRTDF,21,Rubiaceae,Chomelia,spinosa,no,13,NA,NA,NA,NA,NA,NA,NA
2660,70,SRTDF,22,Malvaceae,Luehea,speciosa,no,20.1,NA,NA,NA,NA,NA,NA,NA
2661,70,SRTDF,23,Fabaceae,Lonchocarpus,rugosus,no,25,NA,NA,NA,NA,NA,NA,NA
2662,70,SRTDF,24,Rubiaceae,Chomelia,spinosa,no,12.1,NA,NA,NA,NA,NA,NA,NA
2663,70,SRTDF,25,Malvaceae,Luehea,speciosa,no,28.5,NA,NA,NA,NA,NA,NA,NA
2664,70,SRTDF,26,Bignoniaceae,Tabebuia,ochracea,no,11.2,NA,NA,NA,NA,NA,NA,NA
2665,70,SRTDF,27,Boraginaceae,Cordia,panamensis,no,17.6,NA,NA,NA,NA,NA,NA,NA
2666,70,SRTDF,28,Fabaceae,Albizia,adinocephala,no,13,NA,NA,NA,NA,NA,NA,NA
2667,70,SRTDF,29,Fabaceae,Albizia,adinocephala,no,32.7,NA,NA,NA,NA,NA,NA,NA
2668,70,SRTDF,30,Fabaceae,Lonchocarpus,rugosus,no,17.9,NA,NA,NA,NA,NA,NA,NA
2669,70,SRTDF,31,Malvaceae,Luehea,speciosa,no,14,NA,NA,NA,NA,NA,NA,NA
2670,70,SRTDF,32,Annonaceae,Annona,reticulata,no,14,NA,NA,NA,NA,NA,NA,NA
2671,70,SRTDF,33,Malvaceae,Luehea,speciosa,no,12.3,NA,NA,NA,NA,NA,NA,NA
2672,70,SRTDF,34,Annonaceae,Annona,reticulata,no,14,NA,NA,NA,NA,NA,NA,NA
2673,70,SRTDF,35,Fabaceae,Albizia,adinocephala,yes,25.5,21.9,NA,NA,NA,NA,NA,NA
2674,70,SRTDF,36,Rubiaceae,Genipa,americana,no,11.1,NA,NA,NA,NA,NA,NA,NA
2675,70,SRTDF,37,Annonaceae,Annona,reticulata,yes,20.8,17.2,NA,NA,NA,NA,NA,NA
2676,70,SRTDF,38,Araliaceae,Sciadodendron,excelsum,no,55.2,NA,NA,NA,NA,NA,NA,NA
2677,70,SRTDF,39,Bignoniaceae,Tabebuia,ochracea,no,20.7,NA,NA,NA,NA,NA,NA,NA
2678,70,SRTDF,40,Malvaceae,Luehea,speciosa,no,33.4,NA,NA,NA,NA,NA,NA,NA
2679,70,SRTDF,41,Annonaceae,Sapranthus,palanga,no,10,NA,NA,NA,NA,NA,NA,NA
2680,71,SRTDF,1,Meliaceae,Cedrela,odorata,no,13,NA,NA,NA,NA,NA,NA,NA
2681,71,SRTDF,2,Anacardiaceae,Spondias,mombin,no,23.8,NA,NA,NA,NA,NA,NA,NA
2682,71,SRTDF,3,Euphorbiaceae,Sebastiania,pavoniana,no,13.6,NA,NA,NA,NA,NA,NA,NA
2683,71,SRTDF,4,Burseraceae,Bursera,simaruba,no,14.7,NA,NA,NA,NA,NA,NA,NA
2684,71,SRTDF,5,Burseraceae,Bursera,simaruba,no,12.2,NA,NA,NA,NA,NA,NA,NA
2685,71,SRTDF,6,Sapotaceae,Manilkara,chicle,no,50.8,NA,NA,NA,NA,NA,NA,NA
2686,71,SRTDF,7,Burseraceae,Bursera,simaruba,no,22.7,NA,NA,NA,NA,NA,NA,NA
2687,71,SRTDF,8,Burseraceae,Bursera,simaruba,no,12,NA,NA,NA,NA,NA,NA,NA
2688,71,SRTDF,9,Euphorbiaceae,Sebastiania,pavoniana,no,10.2,NA,NA,NA,NA,NA,NA,NA
2689,71,SRTDF,10,Burseraceae,Bursera,simaruba,no,10.6,NA,NA,NA,NA,NA,NA,NA
2690,71,SRTDF,11,Rubiaceae,Calycophyllum,candidissimum,no,60.4,NA,NA,NA,NA,NA,NA,NA
2691,71,SRTDF,12,Sapotaceae,Manilkara,chicle,no,50.2,NA,NA,NA,NA,NA,NA,NA
2692,71,SRTDF,13,Rubiaceae,Calycophyllum,candidissimum,no,44.1,NA,NA,NA,NA,NA,NA,NA
2693,71,SRTDF,14,Rubiaceae,Calycophyllum,candidissimum,yes,18,52.8,NA,NA,NA,NA,NA,NA
2694,71,SRTDF,15,Rubiaceae,Calycophyllum,candidissimum,no,11,NA,NA,NA,NA,NA,NA,NA
2695,71,SRTDF,16,Rubiaceae,Calycophyllum,candidissimum,yes,45,29.3,NA,NA,NA,NA,NA,NA
2696,71,SRTDF,17,Sapotaceae,Manilkara,chicle,no,41.3,NA,NA,NA,NA,NA,NA,NA
2697,71,SRTDF,18,Rubiaceae,Calycophyllum,candidissimum,no,43.2,NA,NA,NA,NA,NA,NA,NA
2698,71,SRTDF,19,Euphorbiaceae,Sebastiania,pavoniana,no,10.9,NA,NA,NA,NA,NA,NA,NA
2699,71,SRTDF,20,Annonaceae,Sapranthus,palanga,no,14,NA,NA,NA,NA,NA,NA,NA
2700,71,SRTDF,21,Rubiaceae,Calycophyllum,candidissimum,no,37.1,NA,NA,NA,NA,NA,NA,NA
2701,71,SRTDF,22,Rubiaceae,Calycophyllum,candidissimum,no,40.8,NA,NA,NA,NA,NA,NA,NA
2702,71,SRTDF,23,Burseraceae,Bursera,simaruba,no,14.9,NA,NA,NA,NA,NA,NA,NA
2703,71,SRTDF,24,Rubiaceae,Calycophyllum,candidissimum,no,21.9,NA,NA,NA,NA,NA,NA,NA
2704,71,SRTDF,25,Celastraceae,Semialarium,mexicanum,no,13,NA,NA,NA,NA,NA,NA,NA
2705,71,SRTDF,26,Sapotaceae,Manilkara,chicle,no,16,NA,NA,NA,NA,NA,NA,NA
2706,71,SRTDF,27,Rubiaceae,Calycophyllum,candidissimum,no,30,NA,NA,NA,NA,NA,NA,NA
2707,71,SRTDF,28,Rubiaceae,Calycophyllum,candidissimum,no,35.6,NA,NA,NA,NA,NA,NA,NA
2708,71,SRTDF,29,Sapotaceae,Manilkara,chicle,no,19.7,NA,NA,NA,NA,NA,NA,NA
2709,71,SRTDF,30,Fabaceae,Myrospermum,frutescens,no,15.9,NA,NA,NA,NA,NA,NA,NA
2710,71,SRTDF,31,Sapotaceae,Manilkara,chicle,no,14.7,NA,NA,NA,NA,NA,NA,NA
2711,71,SRTDF,32,Rubiaceae,Guettarda,macrosperma,no,14.8,NA,NA,NA,NA,NA,NA,NA
2712,71,SRTDF,33,Sapotaceae,Manilkara,chicle,no,32.3,NA,NA,NA,NA,NA,NA,NA
2713,71,SRTDF,34,Rubiaceae,Calycophyllum,candidissimum,no,17,NA,NA,NA,NA,NA,NA,NA
2714,71,SRTDF,35,Rubiaceae,Calycophyllum,candidissimum,no,22.7,NA,NA,NA,NA,NA,NA,NA
2715,71,SRTDF,36,Rubiaceae,Calycophyllum,candidissimum,no,62.3,NA,NA,NA,NA,NA,NA,NA
2716,71,SRTDF,37,Rubiaceae,Calycophyllum,candidissimum,no,20.9,NA,NA,NA,NA,NA,NA,NA
2717,71,SRTDF,38,Rubiaceae,Calycophyllum,candidissimum,no,43.7,NA,NA,NA,NA,NA,NA,NA
2718,71,SRTDF,39,Rubiaceae,Calycophyllum,candidissimum,no,52.8,NA,NA,NA,NA,NA,NA,NA
2719,71,SRTDF,40,Rubiaceae,Calycophyllum,candidissimum,no,58,NA,NA,NA,NA,NA,NA,NA
2720,71,SRTDF,41,Sapotaceae,Manilkara,chicle,no,24.7,NA,NA,NA,NA,NA,NA,NA
2721,71,SRTDF,42,Rubiaceae,Calycophyllum,candidissimum,yes,28.6,10.5,NA,NA,NA,NA,NA,NA
2722,71,SRTDF,43,Sapotaceae,Manilkara,chicle,no,22.1,NA,NA,NA,NA,NA,NA,NA
2723,71,SRTDF,44,Meliaceae,Cedrela,odorata,no,22.7,NA,NA,NA,NA,NA,NA,NA
2724,71,SRTDF,45,Sapotaceae,Manilkara,chicle,no,49.5,NA,NA,NA,NA,NA,NA,NA
2725,71,SRTDF,46,Euphorbiaceae,Sebastiania,pavoniana,no,11.6,NA,NA,NA,NA,NA,NA,NA
2726,71,SRTDF,47,Burseraceae,Bursera,simaruba,no,14.8,NA,NA,NA,NA,NA,NA,NA
2727,71,SRTDF,48,Sapotaceae,Manilkara,chicle,no,44.7,NA,NA,NA,NA,NA,NA,NA
2728,71,SRTDF,49,Anacardiaceae,Spondias,mombin,no,23.3,NA,NA,NA,NA,NA,NA,NA
2729,72,SRTDF,1,Anacardiaceae,Spondias,purpurea,no,16,NA,NA,NA,NA,NA,NA,NA
2730,72,SRTDF,2,Sapindaceae,Allophylus,occidentalis,no,11.2,NA,NA,NA,NA,NA,NA,NA
2731,72,SRTDF,3,Sapindaceae,Allophylus,occidentalis,no,12,NA,NA,NA,NA,NA,NA,NA
2732,72,SRTDF,4,Malvaceae,Guazuma,ulmifolia,no,19.8,NA,NA,NA,NA,NA,NA,NA
2733,72,SRTDF,5,Celastraceae,Semialarium,mexicanum,no,13.5,NA,NA,NA,NA,NA,NA,NA
2734,72,SRTDF,6,Fabaceae,Lonchocarpus,minimiflorus,no,23.8,NA,NA,NA,NA,NA,NA,NA
2735,72,SRTDF,7,Malvaceae,Luehea,speciosa,no,10.4,NA,NA,NA,NA,NA,NA,NA
2736,72,SRTDF,8,Sapindaceae,Allophylus,occidentalis,no,16.7,NA,NA,NA,NA,NA,NA,NA
2737,72,SRTDF,9,Fabaceae,Lonchocarpus,minimiflorus,no,24.8,NA,NA,NA,NA,NA,NA,NA
2738,72,SRTDF,10,Salicaceae,Casearia,corymbosa,no,11.6,NA,NA,NA,NA,NA,NA,NA
2739,72,SRTDF,11,Anacardiaceae,Spondias,mombin,no,36.5,NA,NA,NA,NA,NA,NA,NA
2740,72,SRTDF,12,Bignoniaceae,Tabebuia,ochracea,no,10.5,NA,NA,NA,NA,NA,NA,NA
2741,72,SRTDF,13,Fabaceae,Bauhinia,ungulata,no,12.7,NA,NA,NA,NA,NA,NA,NA
2742,72,SRTDF,14,Fabaceae,Platymiscium,parviflorum,no,10.2,NA,NA,NA,NA,NA,NA,NA
2743,72,SRTDF,15,Anacardiaceae,Spondias,mombin,no,31.4,NA,NA,NA,NA,NA,NA,NA
2744,72,SRTDF,16,Myrtaceae,Eugenia,salamensis,yes,10.7,12,NA,NA,NA,NA,NA,NA
2745,72,SRTDF,17,Myrtaceae,Eugenia,salamensis,no,12.3,NA,NA,NA,NA,NA,NA,NA
2746,72,SRTDF,18,Myrtaceae,Eugenia,salamensis,no,16.9,NA,NA,NA,NA,NA,NA,NA
2747,72,SRTDF,19,Myrtaceae,Eugenia,salamensis,no,10.5,NA,NA,NA,NA,NA,NA,NA
2748,72,SRTDF,20,Bixaceae,Cochlospermum,vitifolium,yes,17.7,20.2,NA,NA,NA,NA,NA,NA
2749,72,SRTDF,21,Malvaceae,Guazuma,ulmifolia,yes,16.8,13.5,NA,NA,NA,NA,NA,NA
2750,72,SRTDF,22,Anacardiaceae,Spondias,mombin,no,32.9,NA,NA,NA,NA,NA,NA,NA
2751,72,SRTDF,23,Fabaceae,Lonchocarpus,rugosus,yes,42.2,12.7,NA,NA,NA,NA,NA,NA
2752,72,SRTDF,24,Malvaceae,Pachira,quinata,no,62,NA,NA,NA,NA,NA,NA,NA
2753,72,SRTDF,25,Malvaceae,Pachira,quinata,no,22.5,NA,NA,NA,NA,NA,NA,NA
2754,72,SRTDF,26,Malvaceae,Luehea,speciosa,no,16.3,NA,NA,NA,NA,NA,NA,NA
2755,72,SRTDF,27,Anacardiaceae,Spondias,mombin,no,44.8,NA,NA,NA,NA,NA,NA,NA
2756,72,SRTDF,28,Euphorbiaceae,Sapium,glandulosum,no,24.2,NA,NA,NA,NA,NA,NA,NA
2757,72,SRTDF,29,Rubiaceae,Calycophyllum,candidissimum,no,26.1,NA,NA,NA,NA,NA,NA,NA
2758,72,SRTDF,30,Rubiaceae,Chomelia,spinosa,no,16.2,NA,NA,NA,NA,NA,NA,NA
2759,72,SRTDF,31,Fabaceae,Lonchocarpus,rugosus,no,24.9,NA,NA,NA,NA,NA,NA,NA
2760,72,SRTDF,32,Salicaceae,Xylosma,flexuosa,no,15.8,NA,NA,NA,NA,NA,NA,NA
2761,72,SRTDF,33,Boraginaceae,Cordia,panamensis,no,23.2,NA,NA,NA,NA,NA,NA,NA
2762,72,SRTDF,34,Fabaceae,Lonchocarpus,rugosus,no,12.1,NA,NA,NA,NA,NA,NA,NA
2763,72,SRTDF,35,Celastraceae,Semialarium,mexicanum,no,10.8,NA,NA,NA,NA,NA,NA,NA
2764,72,SRTDF,36,Anacardiaceae,Spondias,mombin,no,56,NA,NA,NA,NA,NA,NA,NA
2765,72,SRTDF,37,Myrtaceae,Eugenia,salamensis,no,14.7,NA,NA,NA,NA,NA,NA,NA
2766,72,SRTDF,38,Anacardiaceae,Spondias,mombin,no,13.5,NA,NA,NA,NA,NA,NA,NA
2767,72,SRTDF,39,Malvaceae,Guazuma,ulmifolia,yes,25.1,46.7,NA,NA,NA,NA,NA,NA
2768,72,SRTDF,40,Myrtaceae,Eugenia,salamensis,yes,22.2,13.3,NA,NA,NA,NA,NA,NA
2769,72,SRTDF,41,Anacardiaceae,Spondias,mombin,no,46.5,NA,NA,NA,NA,NA,NA,NA
2770,72,SRTDF,42,Malvaceae,Pachira,quinata,no,12,NA,NA,NA,NA,NA,NA,NA
2771,72,SRTDF,43,Anacardiaceae,Spondias,mombin,no,33.9,NA,NA,NA,NA,NA,NA,NA
2772,72,SRTDF,44,Fabaceae,Lonchocarpus,minimiflorus,no,13,NA,NA,NA,NA,NA,NA,NA
2773,72,SRTDF,45,Sapindaceae,Allophylus,occidentalis,no,18.3,NA,NA,NA,NA,NA,NA,NA
2774,72,SRTDF,46,Fabaceae,Lonchocarpus,minimiflorus,no,10,NA,NA,NA,NA,NA,NA,NA
2775,72,SRTDF,47,Moraceae,Maclura,tinctoria,yes,17.6,21.2,NA,NA,NA,NA,NA,NA
2776,73,SROAK,1,Fabaceae,Hymenaea,courbaril,no,35.4,NA,NA,NA,NA,NA,NA,NA
2777,73,SROAK,2,Fabaceae,Hymenaea,courbaril,no,11.5,NA,NA,NA,NA,NA,NA,NA
2778,73,SROAK,3,Fabaceae,Ateleia,herbert-smithii,no,18.4,NA,NA,NA,NA,NA,NA,NA
2779,73,SROAK,4,Fabaceae,Ateleia,herbert-smithii,no,19.4,NA,NA,NA,NA,NA,NA,NA
2780,73,SROAK,5,Verbenaceae,Rehdera,trinervis,no,10.5,NA,NA,NA,NA,NA,NA,NA
2781,73,SROAK,6,Verbenaceae,Rehdera,trinervis,no,10.1,NA,NA,NA,NA,NA,NA,NA
2782,73,SROAK,7,Verbenaceae,Rehdera,trinervis,no,11.8,NA,NA,NA,NA,NA,NA,NA
2783,73,SROAK,8,Verbenaceae,Rehdera,trinervis,no,17,NA,NA,NA,NA,NA,NA,NA
2784,73,SROAK,9,Verbenaceae,Rehdera,trinervis,no,21.2,NA,NA,NA,NA,NA,NA,NA
2785,73,SROAK,10,Verbenaceae,Rehdera,trinervis,no,11.4,NA,NA,NA,NA,NA,NA,NA
2786,73,SROAK,11,Fabaceae,Lysiloma,divaricatum,no,12.8,NA,NA,NA,NA,NA,NA,NA
2787,73,SROAK,12,Fabaceae,Hymenaea,courbaril,yes,10,10.9,13.8,14.3,NA,NA,NA,NA
2788,73,SROAK,13,Fagaceae,Quercus,oleoides,yes,35.2,10.9,13.7,NA,NA,NA,NA,NA
2789,73,SROAK,14,Fabaceae,Ateleia,herbert-smithii,no,13.4,NA,NA,NA,NA,NA,NA,NA
2790,73,SROAK,15,Rubiaceae,Genipa,americana,no,11.1,NA,NA,NA,NA,NA,NA,NA
2791,73,SROAK,16,Verbenaceae,Rehdera,trinervis,no,18.8,NA,NA,NA,NA,NA,NA,NA
2792,73,SROAK,17,Verbenaceae,Rehdera,trinervis,no,12.2,NA,NA,NA,NA,NA,NA,NA
2793,73,SROAK,18,Verbenaceae,Rehdera,trinervis,no,22.1,NA,NA,NA,NA,NA,NA,NA
2794,73,SROAK,19,Verbenaceae,Rehdera,trinervis,no,12.5,NA,NA,NA,NA,NA,NA,NA
2795,73,SROAK,20,Verbenaceae,Rehdera,trinervis,no,11.3,NA,NA,NA,NA,NA,NA,NA
2796,73,SROAK,21,Bixaceae,Cochlospermum,vitifolium,no,17.8,NA,NA,NA,NA,NA,NA,NA
2797,73,SROAK,22,Verbenaceae,Rehdera,trinervis,no,11.7,NA,NA,NA,NA,NA,NA,NA
2798,73,SROAK,23,Verbenaceae,Rehdera,trinervis,no,18.9,NA,NA,NA,NA,NA,NA,NA
2799,73,SROAK,24,Verbenaceae,Rehdera,trinervis,no,10.3,NA,NA,NA,NA,NA,NA,NA
2800,73,SROAK,25,Verbenaceae,Rehdera,trinervis,no,17.9,NA,NA,NA,NA,NA,NA,NA
2801,73,SROAK,26,Verbenaceae,Rehdera,trinervis,no,15,NA,NA,NA,NA,NA,NA,NA
2802,73,SROAK,27,Verbenaceae,Rehdera,trinervis,no,10.5,NA,NA,NA,NA,NA,NA,NA
2803,73,SROAK,28,Verbenaceae,Rehdera,trinervis,no,12.7,NA,NA,NA,NA,NA,NA,NA
2804,73,SROAK,29,Verbenaceae,Rehdera,trinervis,no,15.2,NA,NA,NA,NA,NA,NA,NA
2805,73,SROAK,30,Verbenaceae,Rehdera,trinervis,no,11.4,NA,NA,NA,NA,NA,NA,NA
2806,73,SROAK,31,Burseraceae,Bursera,simaruba,no,10.5,NA,NA,NA,NA,NA,NA,NA
2807,73,SROAK,32,Fabaceae,Ateleia,herbert-smithii,no,28.8,NA,NA,NA,NA,NA,NA,NA
2808,73,SROAK,33,Fabaceae,Acosmium,panamense,no,45.1,NA,NA,NA,NA,NA,NA,NA
2809,73,SROAK,34,Verbenaceae,Rehdera,trinervis,no,12.5,NA,NA,NA,NA,NA,NA,NA
2810,73,SROAK,35,Verbenaceae,Rehdera,trinervis,no,11.4,NA,NA,NA,NA,NA,NA,NA
2811,73,SROAK,36,Verbenaceae,Rehdera,trinervis,no,11.8,NA,NA,NA,NA,NA,NA,NA
2812,73,SROAK,37,Verbenaceae,Rehdera,trinervis,no,11.5,NA,NA,NA,NA,NA,NA,NA
2813,73,SROAK,38,Verbenaceae,Rehdera,trinervis,no,17.2,NA,NA,NA,NA,NA,NA,NA
2814,73,SROAK,39,Verbenaceae,Rehdera,trinervis,no,11,NA,NA,NA,NA,NA,NA,NA
2815,73,SROAK,40,Verbenaceae,Rehdera,trinervis,no,21.2,NA,NA,NA,NA,NA,NA,NA
2816,73,SROAK,41,Rubiaceae,Genipa,americana,no,13.6,NA,NA,NA,NA,NA,NA,NA
2817,73,SROAK,42,Verbenaceae,Rehdera,trinervis,no,11.2,NA,NA,NA,NA,NA,NA,NA
2818,73,SROAK,43,Verbenaceae,Rehdera,trinervis,no,11.3,NA,NA,NA,NA,NA,NA,NA
2819,73,SROAK,44,Fagaceae,Quercus,oleoides,no,19.8,NA,NA,NA,NA,NA,NA,NA
2820,73,SROAK,45,Verbenaceae,Rehdera,trinervis,no,12.8,NA,NA,NA,NA,NA,NA,NA
2821,73,SROAK,46,Fagaceae,Quercus,oleoides,no,10.3,NA,NA,NA,NA,NA,NA,NA
2822,73,SROAK,47,Fagaceae,Quercus,oleoides,no,19.5,NA,NA,NA,NA,NA,NA,NA
2823,73,SROAK,48,Fagaceae,Quercus,oleoides,no,23.2,NA,NA,NA,NA,NA,NA,NA
2824,73,SROAK,49,Fabaceae,Hymenaea,courbaril,no,11.2,NA,NA,NA,NA,NA,NA,NA
2825,74,SROAK,1,Boraginaceae,Cordia,alliodora,no,18.9,NA,NA,NA,NA,NA,NA,NA
2826,74,SROAK,2,Malvaceae,Luehea,candida,yes,17.7,19.8,18.5,NA,NA,NA,NA,NA
2827,74,SROAK,3,Bignoniaceae,Godmania,aesculifolia,no,23.5,NA,NA,NA,NA,NA,NA,NA
2828,74,SROAK,4,Fabaceae,Hymenaea,courbaril,no,10.7,NA,NA,NA,NA,NA,NA,NA
2829,74,SROAK,5,Annonaceae,Annona,purpurea,no,14.1,NA,NA,NA,NA,NA,NA,NA
2830,74,SROAK,6,Boraginaceae,Cordia,alliodora,no,12.8,NA,NA,NA,NA,NA,NA,NA
2831,74,SROAK,7,Boraginaceae,Cordia,alliodora,no,13.4,NA,NA,NA,NA,NA,NA,NA
2832,74,SROAK,8,Dilleniaceae,Curatella,americana,no,26,NA,NA,NA,NA,NA,NA,NA
2833,74,SROAK,9,Bignoniaceae,Tabebuia,ochracea,no,13.8,NA,NA,NA,NA,NA,NA,NA
2834,74,SROAK,10,Boraginaceae,Cordia,alliodora,no,22,NA,NA,NA,NA,NA,NA,NA
2835,74,SROAK,11,Verbenaceae,Rehdera,trinervis,no,12.4,NA,NA,NA,NA,NA,NA,NA
2836,74,SROAK,12,Fabaceae,Lonchocarpus,minimiflorus,no,14.6,NA,NA,NA,NA,NA,NA,NA
2837,74,SROAK,13,Boraginaceae,Cordia,alliodora,no,13.6,NA,NA,NA,NA,NA,NA,NA
2838,74,SROAK,14,Boraginaceae,Cordia,alliodora,yes,13.4,17.4,NA,NA,NA,NA,NA,NA
2839,74,SROAK,15,Annonaceae,Annona,purpurea,no,10.5,NA,NA,NA,NA,NA,NA,NA
2840,74,SROAK,16,Fabaceae,Lonchocarpus,minimiflorus,yes,20,13.2,NA,NA,NA,NA,NA,NA
2841,74,SROAK,17,Fabaceae,Hymenaea,courbaril,yes,19.8,10.3,NA,NA,NA,NA,NA,NA
2842,74,SROAK,18,Fabaceae,Machaerium,biovulatum,no,27.6,NA,NA,NA,NA,NA,NA,NA
2843,74,SROAK,19,Malpighiaceae,Byrsonima,crassifolia,no,17.4,NA,NA,NA,NA,NA,NA,NA
2844,74,SROAK,20,Fabaceae,Hymenaea,courbaril,no,13,NA,NA,NA,NA,NA,NA,NA
2845,74,SROAK,21,Fabaceae,Acacia,collinsii,no,10.4,NA,NA,NA,NA,NA,NA,NA
2846,74,SROAK,22,Malpighiaceae,Byrsonima,crassifolia,no,16.2,NA,NA,NA,NA,NA,NA,NA
2847,74,SROAK,23,Fabaceae,Machaerium,biovulatum,no,26.9,NA,NA,NA,NA,NA,NA,NA
2848,74,SROAK,24,Fabaceae,Lysiloma,divaricatum,no,10.2,NA,NA,NA,NA,NA,NA,NA
2849,74,SROAK,25,Fagaceae,Quercus,oleoides,no,33.6,NA,NA,NA,NA,NA,NA,NA
2850,74,SROAK,26,Styracaceae,Styrax,argenteus,no,15.5,NA,NA,NA,NA,NA,NA,NA
2851,74,SROAK,27,Euphorbiaceae,Mabea,occidentalis,no,11.2,NA,NA,NA,NA,NA,NA,NA
2852,74,SROAK,28,Fabaceae,Hymenaea,courbaril,no,35.3,NA,NA,NA,NA,NA,NA,NA
2853,74,SROAK,29,Simaroubaceae,Simarouba,glauca,no,11.8,NA,NA,NA,NA,NA,NA,NA
2854,74,SROAK,30,Malvaceae,Apeiba,tibourbou,no,12.8,NA,NA,NA,NA,NA,NA,NA
2855,74,SROAK,31,Fabaceae,Lysiloma,divaricatum,no,12.7,NA,NA,NA,NA,NA,NA,NA
2856,74,SROAK,32,Celastraceae,Semialarium,mexicanum,no,11.5,NA,NA,NA,NA,NA,NA,NA
2857,74,SROAK,33,Fabaceae,Hymenaea,courbaril,yes,12.9,24.4,21.4,NA,NA,NA,NA,NA
2858,74,SROAK,34,Boraginaceae,Cordia,alliodora,no,17.2,NA,NA,NA,NA,NA,NA,NA
2859,74,SROAK,35,Celastraceae,Semialarium,mexicanum,yes,12,11.5,NA,NA,NA,NA,NA,NA
2860,74,SROAK,36,Boraginaceae,Cordia,alliodora,no,12.8,NA,NA,NA,NA,NA,NA,NA
2861,74,SROAK,37,Fabaceae,Lonchocarpus,minimiflorus,yes,14.2,12.8,NA,NA,NA,NA,NA,NA
2862,75,SRTDF,1,Verbenaceae,Rehdera,trinervis,yes,29.9,27.2,NA,NA,NA,NA,NA,NA
2863,75,SRTDF,2,Verbenaceae,Rehdera,trinervis,no,17,NA,NA,NA,NA,NA,NA,NA
2864,75,SRTDF,3,Fabaceae,Lysiloma,divaricatum,no,13.4,NA,NA,NA,NA,NA,NA,NA
2865,75,SRTDF,4,Fabaceae,Dalbergia,retusa,no,10.7,NA,NA,NA,NA,NA,NA,NA
2866,75,SRTDF,5,Verbenaceae,Rehdera,trinervis,no,10.9,NA,NA,NA,NA,NA,NA,NA
2867,75,SRTDF,6,Verbenaceae,Rehdera,trinervis,no,12.1,NA,NA,NA,NA,NA,NA,NA
2868,75,SRTDF,7,Fabaceae,Ateleia,herbert-smithii,yes,19.8,24,12.6,NA,NA,NA,NA,NA
2869,75,SRTDF,8,Verbenaceae,Rehdera,trinervis,no,13.4,NA,NA,NA,NA,NA,NA,NA
2870,75,SRTDF,9,Verbenaceae,Rehdera,trinervis,no,11,NA,NA,NA,NA,NA,NA,NA
2871,75,SRTDF,10,Verbenaceae,Rehdera,trinervis,no,10.7,NA,NA,NA,NA,NA,NA,NA
2872,75,SRTDF,11,Fabaceae,Lonchocarpus,felipei,no,19.3,NA,NA,NA,NA,NA,NA,NA
2873,75,SRTDF,12,Verbenaceae,Rehdera,trinervis,no,15,NA,NA,NA,NA,NA,NA,NA
2874,75,SRTDF,13,Fabaceae,Ateleia,herbert-smithii,no,15.6,NA,NA,NA,NA,NA,NA,NA
2875,75,SRTDF,14,Verbenaceae,Rehdera,trinervis,no,13.5,NA,NA,NA,NA,NA,NA,NA
2876,75,SRTDF,15,Verbenaceae,Rehdera,trinervis,no,18.9,NA,NA,NA,NA,NA,NA,NA
2877,75,SRTDF,16,Verbenaceae,Rehdera,trinervis,no,19.2,NA,NA,NA,NA,NA,NA,NA
2878,75,SRTDF,17,Verbenaceae,Rehdera,trinervis,no,15.7,NA,NA,NA,NA,NA,NA,NA
2879,75,SRTDF,18,Verbenaceae,Rehdera,trinervis,no,19.5,NA,NA,NA,NA,NA,NA,NA
2880,75,SRTDF,19,Fabaceae,Lysiloma,divaricatum,no,18.6,NA,NA,NA,NA,NA,NA,NA
2881,75,SRTDF,20,Verbenaceae,Rehdera,trinervis,no,18.5,NA,NA,NA,NA,NA,NA,NA
2882,75,SRTDF,21,Fabaceae,Lysiloma,divaricatum,no,20.7,NA,NA,NA,NA,NA,NA,NA
2883,75,SRTDF,22,Verbenaceae,Rehdera,trinervis,no,22.3,NA,NA,NA,NA,NA,NA,NA
2884,75,SRTDF,23,Verbenaceae,Rehdera,trinervis,no,11.2,NA,NA,NA,NA,NA,NA,NA
2885,75,SRTDF,24,Verbenaceae,Rehdera,trinervis,no,12,NA,NA,NA,NA,NA,NA,NA
2886,75,SRTDF,25,Verbenaceae,Rehdera,trinervis,no,10.6,NA,NA,NA,NA,NA,NA,NA
2887,75,SRTDF,26,Fabaceae,Lysiloma,divaricatum,no,15.2,NA,NA,NA,NA,NA,NA,NA
2888,75,SRTDF,27,Verbenaceae,Rehdera,trinervis,no,17.4,NA,NA,NA,NA,NA,NA,NA
2889,75,SRTDF,28,Verbenaceae,Rehdera,trinervis,no,19.2,NA,NA,NA,NA,NA,NA,NA
2890,75,SRTDF,29,Boraginaceae,Cordia,alliodora,no,21.4,NA,NA,NA,NA,NA,NA,NA
2891,75,SRTDF,30,Fabaceae,Lonchocarpus,minimiflorus,no,10.6,NA,NA,NA,NA,NA,NA,NA
2892,75,SRTDF,31,Bixaceae,Cochlospermum,vitifolium,no,10.9,NA,NA,NA,NA,NA,NA,NA
2893,75,SRTDF,32,Celastraceae,Semialarium,mexicanum,no,10,NA,NA,NA,NA,NA,NA,NA
2894,75,SRTDF,33,Verbenaceae,Rehdera,trinervis,no,10.8,NA,NA,NA,NA,NA,NA,NA
2895,75,SRTDF,34,Fabaceae,Hymenaea,courbaril,no,14.6,NA,NA,NA,NA,NA,NA,NA
2896,75,SRTDF,35,Fabaceae,Ateleia,herbert-smithii,no,13,NA,NA,NA,NA,NA,NA,NA
2897,75,SRTDF,36,Verbenaceae,Rehdera,trinervis,no,11.2,NA,NA,NA,NA,NA,NA,NA
2898,75,SRTDF,37,Fabaceae,Ateleia,herbert-smithii,no,21.2,NA,NA,NA,NA,NA,NA,NA
2899,75,SRTDF,38,Verbenaceae,Rehdera,trinervis,no,16.9,NA,NA,NA,NA,NA,NA,NA
2900,75,SRTDF,39,Verbenaceae,Rehdera,trinervis,no,11.2,NA,NA,NA,NA,NA,NA,NA
2901,75,SRTDF,40,Fabaceae,Ateleia,herbert-smithii,no,16.5,NA,NA,NA,NA,NA,NA,NA
2902,75,SRTDF,41,Fabaceae,Machaerium,biovulatum,no,12.3,NA,NA,NA,NA,NA,NA,NA
2903,75,SRTDF,42,Fabaceae,Lysiloma,divaricatum,no,10.3,NA,NA,NA,NA,NA,NA,NA
2904,75,SRTDF,43,Verbenaceae,Rehdera,trinervis,no,18.8,NA,NA,NA,NA,NA,NA,NA
2905,75,SRTDF,44,Verbenaceae,Rehdera,trinervis,no,18.2,NA,NA,NA,NA,NA,NA,NA
2906,75,SRTDF,45,Bixaceae,Cochlospermum,vitifolium,no,33,NA,NA,NA,NA,NA,NA,NA
2907,75,SRTDF,46,Verbenaceae,Rehdera,trinervis,no,22.1,NA,NA,NA,NA,NA,NA,NA
2908,75,SRTDF,47,Verbenaceae,Rehdera,trinervis,no,17.6,NA,NA,NA,NA,NA,NA,NA
2909,75,SRTDF,48,Verbenaceae,Rehdera,trinervis,no,11.8,NA,NA,NA,NA,NA,NA,NA
2910,75,SRTDF,49,Bixaceae,Cochlospermum,vitifolium,no,12.2,NA,NA,NA,NA,NA,NA,NA
2911,75,SRTDF,50,Fabaceae,Ateleia,herbert-smithii,no,17.4,NA,NA,NA,NA,NA,NA,NA
2912,75,SRTDF,51,Verbenaceae,Rehdera,trinervis,no,16,NA,NA,NA,NA,NA,NA,NA
2913,75,SRTDF,52,Verbenaceae,Rehdera,trinervis,no,10,NA,NA,NA,NA,NA,NA,NA
2914,75,SRTDF,53,Verbenaceae,Rehdera,trinervis,no,11.7,NA,NA,NA,NA,NA,NA,NA
2915,75,SRTDF,54,Verbenaceae,Rehdera,trinervis,no,14.9,NA,NA,NA,NA,NA,NA,NA
2916,75,SRTDF,55,Verbenaceae,Rehdera,trinervis,no,14.3,NA,NA,NA,NA,NA,NA,NA
2917,75,SRTDF,56,Verbenaceae,Rehdera,trinervis,no,11.4,NA,NA,NA,NA,NA,NA,NA
2918,75,SRTDF,57,Fabaceae,Ateleia,herbert-smithii,no,13.3,NA,NA,NA,NA,NA,NA,NA
2919,75,SRTDF,58,Verbenaceae,Rehdera,trinervis,no,14.2,NA,NA,NA,NA,NA,NA,NA
2920,75,SRTDF,59,Fabaceae,Machaerium,biovulatum,no,16.5,NA,NA,NA,NA,NA,NA,NA
2921,75,SRTDF,60,Verbenaceae,Rehdera,trinervis,no,11.1,NA,NA,NA,NA,NA,NA,NA
2922,75,SRTDF,61,Verbenaceae,Rehdera,trinervis,no,13.2,NA,NA,NA,NA,NA,NA,NA
2923,75,SRTDF,62,Verbenaceae,Rehdera,trinervis,no,10.9,NA,NA,NA,NA,NA,NA,NA
2924,75,SRTDF,63,Fabaceae,Ateleia,herbert-smithii,yes,10.8,13.7,NA,NA,NA,NA,NA,NA
2925,75,SRTDF,64,Verbenaceae,Rehdera,trinervis,no,10,NA,NA,NA,NA,NA,NA,NA
2926,76,SRTDF,1,Bixaceae,Cochlospermum,vitifolium,yes,47.8,26.8,NA,NA,NA,NA,NA,NA
2927,76,SRTDF,2,Rhamnaceae,Karwinskia,calderonii,no,19.4,NA,NA,NA,NA,NA,NA,NA
2928,76,SRTDF,3,Burseraceae,Bursera,simaruba,no,49.1,NA,NA,NA,NA,NA,NA,NA
2929,76,SRTDF,4,Fabaceae,Lonchocarpus,minimiflorus,no,21.7,NA,NA,NA,NA,NA,NA,NA
2930,76,SRTDF,5,Fabaceae,Lonchocarpus,minimiflorus,no,27.9,NA,NA,NA,NA,NA,NA,NA
2931,76,SRTDF,6,Anacardiaceae,Spondias,purpurea,no,19.2,NA,NA,NA,NA,NA,NA,NA
2932,76,SRTDF,7,Fabaceae,Lonchocarpus,minimiflorus,no,11.7,NA,NA,NA,NA,NA,NA,NA
2933,76,SRTDF,8,Fabaceae,Bauhinia,ungulata,no,13.7,NA,NA,NA,NA,NA,NA,NA
2934,76,SRTDF,9,Burseraceae,Bursera,tomentosa,no,12.7,NA,NA,NA,NA,NA,NA,NA
2935,76,SRTDF,10,Rhamnaceae,Karwinskia,calderonii,no,10.7,NA,NA,NA,NA,NA,NA,NA
2936,76,SRTDF,11,Fabaceae,Lonchocarpus,minimiflorus,no,19,NA,NA,NA,NA,NA,NA,NA
2937,76,SRTDF,12,Malvaceae,Luehea,speciosa,yes,36.8,16.5,NA,NA,NA,NA,NA,NA
2938,76,SRTDF,13,Rubiaceae,Chomelia,spinosa,no,14.5,NA,NA,NA,NA,NA,NA,NA
2939,76,SRTDF,14,Fabaceae,Lonchocarpus,minimiflorus,no,15,NA,NA,NA,NA,NA,NA,NA
2940,76,SRTDF,15,Burseraceae,Bursera,simaruba,no,47.3,NA,NA,NA,NA,NA,NA,NA
2941,76,SRTDF,16,Rubiaceae,Chomelia,spinosa,no,12.6,NA,NA,NA,NA,NA,NA,NA
2942,76,SRTDF,17,Apocynaceae,Stemmadenia,obovata,no,17.5,NA,NA,NA,NA,NA,NA,NA
2943,76,SRTDF,18,Simaroubaceae,Simarouba,glauca,yes,47,17.8,NA,NA,NA,NA,NA,NA
2944,76,SRTDF,19,Fabaceae,Lonchocarpus,minimiflorus,no,18.8,NA,NA,NA,NA,NA,NA,NA
2945,76,SRTDF,20,Fabaceae,Bauhinia,ungulata,no,11,NA,NA,NA,NA,NA,NA,NA
2946,76,SRTDF,21,Fabaceae,Lonchocarpus,minimiflorus,no,16.8,NA,NA,NA,NA,NA,NA,NA
2947,76,SRTDF,22,Burseraceae,Bursera,simaruba,yes,33.8,18.1,NA,NA,NA,NA,NA,NA
2948,76,SRTDF,23,Fabaceae,Lonchocarpus,minimiflorus,no,23,NA,NA,NA,NA,NA,NA,NA
2949,76,SRTDF,24,Rubiaceae,Chomelia,spinosa,no,11.1,NA,NA,NA,NA,NA,NA,NA
2950,76,SRTDF,25,Fabaceae,Lonchocarpus,minimiflorus,no,10.1,NA,NA,NA,NA,NA,NA,NA
2951,76,SRTDF,26,Rubiaceae,Chomelia,spinosa,no,15.4,NA,NA,NA,NA,NA,NA,NA
2952,76,SRTDF,27,Fabaceae,Lonchocarpus,minimiflorus,no,12.9,NA,NA,NA,NA,NA,NA,NA
2953,76,SRTDF,28,Apocynaceae,Stemmadenia,obovata,no,14.8,NA,NA,NA,NA,NA,NA,NA
2954,76,SRTDF,29,Fabaceae,Lonchocarpus,minimiflorus,no,11.9,NA,NA,NA,NA,NA,NA,NA
2955,76,SRTDF,30,Fabaceae,Lonchocarpus,minimiflorus,no,15.2,NA,NA,NA,NA,NA,NA,NA
2956,76,SRTDF,31,Celastraceae,Semialarium,mexicanum,no,13.4,NA,NA,NA,NA,NA,NA,NA
2957,76,SRTDF,32,Burseraceae,Bursera,simaruba,no,17.5,NA,NA,NA,NA,NA,NA,NA
2958,76,SRTDF,33,Fabaceae,Lonchocarpus,minimiflorus,no,24.9,NA,NA,NA,NA,NA,NA,NA
2959,76,SRTDF,34,Fabaceae,Lonchocarpus,minimiflorus,no,15.7,NA,NA,NA,NA,NA,NA,NA
2960,76,SRTDF,35,Burseraceae,Bursera,tomentosa,no,65,NA,NA,NA,NA,NA,NA,NA
2961,76,SRTDF,36,Fabaceae,Lonchocarpus,minimiflorus,no,19.8,NA,NA,NA,NA,NA,NA,NA
2962,76,SRTDF,37,Burseraceae,Bursera,simaruba,no,32.2,NA,NA,NA,NA,NA,NA,NA
2963,76,SRTDF,38,Apocynaceae,Stemmadenia,obovata,no,14.1,NA,NA,NA,NA,NA,NA,NA
2964,76,SRTDF,39,Fabaceae,Lonchocarpus,minimiflorus,no,13,NA,NA,NA,NA,NA,NA,NA
2965,76,SRTDF,40,Fabaceae,Lonchocarpus,minimiflorus,no,29.9,NA,NA,NA,NA,NA,NA,NA
2966,76,SRTDF,41,Fabaceae,Lonchocarpus,minimiflorus,no,20.6,NA,NA,NA,NA,NA,NA,NA
2967,76,SRTDF,42,Fabaceae,Lonchocarpus,minimiflorus,no,25.5,NA,NA,NA,NA,NA,NA,NA
2968,76,SRTDF,43,Fabaceae,Lonchocarpus,minimiflorus,no,12.1,NA,NA,NA,NA,NA,NA,NA
2969,76,SRTDF,44,Rubiaceae,Calycophyllum,candidissimum,no,10.2,NA,NA,NA,NA,NA,NA,NA
2970,76,SRTDF,45,Rubiaceae,Calycophyllum,candidissimum,no,12.9,NA,NA,NA,NA,NA,NA,NA
2971,76,SRTDF,46,Fabaceae,Lonchocarpus,minimiflorus,no,16.3,NA,NA,NA,NA,NA,NA,NA
2972,76,SRTDF,47,Rubiaceae,Calycophyllum,candidissimum,no,17,NA,NA,NA,NA,NA,NA,NA
2973,76,SRTDF,48,Malvaceae,Luehea,speciosa,no,20,NA,NA,NA,NA,NA,NA,NA
2974,76,SRTDF,49,Fabaceae,Myrospermum,frutescens,no,13.5,NA,NA,NA,NA,NA,NA,NA
2975,76,SRTDF,50,Bixaceae,Cochlospermum,vitifolium,no,27.8,NA,NA,NA,NA,NA,NA,NA
2976,76,SRTDF,51,Bixaceae,Cochlospermum,vitifolium,no,40.5,NA,NA,NA,NA,NA,NA,NA
2977,76,SRTDF,52,Fabaceae,Lonchocarpus,minimiflorus,no,10.7,NA,NA,NA,NA,NA,NA,NA
2978,76,SRTDF,53,Rubiaceae,Chomelia,spinosa,no,13.7,NA,NA,NA,NA,NA,NA,NA
2979,76,SRTDF,54,Fabaceae,Myrospermum,frutescens,no,26,NA,NA,NA,NA,NA,NA,NA
2980,76,SRTDF,55,Bignoniaceae,Tabebuia,ochracea,no,10.2,NA,NA,NA,NA,NA,NA,NA
2981,76,SRTDF,56,Apocynaceae,Stemmadenia,obovata,no,27,NA,NA,NA,NA,NA,NA,NA
2982,76,SRTDF,57,Apocynaceae,Stemmadenia,obovata,no,28.7,NA,NA,NA,NA,NA,NA,NA
2983,76,SRTDF,58,Malvaceae,Luehea,speciosa,no,21.1,NA,NA,NA,NA,NA,NA,NA
2984,76,SRTDF,59,Apocynaceae,Stemmadenia,obovata,no,13.4,NA,NA,NA,NA,NA,NA,NA
2985,76,SRTDF,60,Apocynaceae,Stemmadenia,obovata,no,10.2,NA,NA,NA,NA,NA,NA,NA
2986,76,SRTDF,61,Fabaceae,Myrospermum,frutescens,no,26.8,NA,NA,NA,NA,NA,NA,NA
2987,76,SRTDF,62,Malvaceae,Luehea,speciosa,no,21,NA,NA,NA,NA,NA,NA,NA
2988,76,SRTDF,63,Meliaceae,Trichilia,americana,no,32.9,NA,NA,NA,NA,NA,NA,NA
2989,76,SRTDF,64,Apocynaceae,Stemmadenia,obovata,no,16.6,NA,NA,NA,NA,NA,NA,NA
2990,76,SRTDF,65,Apocynaceae,Stemmadenia,obovata,no,13.4,NA,NA,NA,NA,NA,NA,NA
2991,76,SRTDF,66,Fabaceae,Lonchocarpus,minimiflorus,no,26.8,NA,NA,NA,NA,NA,NA,NA
2992,76,SRTDF,67,Fabaceae,Lonchocarpus,minimiflorus,no,11.1,NA,NA,NA,NA,NA,NA,NA
2993,76,SRTDF,68,Anacardiaceae,Spondias,mombin,no,47.8,NA,NA,NA,NA,NA,NA,NA
2994,76,SRTDF,69,Rubiaceae,Chomelia,spinosa,no,13.5,NA,NA,NA,NA,NA,NA,NA
2995,76,SRTDF,70,Rubiaceae,Calycophyllum,candidissimum,yes,19.9,26.1,14.1,13.4,NA,NA,NA,NA
2996,76,SRTDF,71,Bixaceae,Cochlospermum,vitifolium,no,33,NA,NA,NA,NA,NA,NA,NA
2997,76,SRTDF,72,Apocynaceae,Stemmadenia,obovata,yes,13.2,19.9,NA,NA,NA,NA,NA,NA
2998,76,SRTDF,73,Boraginaceae,Cordia,panamensis,no,15.4,NA,NA,NA,NA,NA,NA,NA
2999,77,SRTDF,1,Rubiaceae,Chomelia,spinosa,no,15.5,NA,NA,NA,NA,NA,NA,NA
3000,77,SRTDF,2,Bixaceae,Cochlospermum,vitifolium,no,39.5,NA,NA,NA,NA,NA,NA,NA
3001,77,SRTDF,3,Meliaceae,Trichilia,americana,no,32.4,NA,NA,NA,NA,NA,NA,NA
3002,77,SRTDF,4,Bixaceae,Cochlospermum,vitifolium,no,46,NA,NA,NA,NA,NA,NA,NA
3003,77,SRTDF,5,Fabaceae,Lonchocarpus,minimiflorus,no,11,NA,NA,NA,NA,NA,NA,NA
3004,77,SRTDF,6,Malvaceae,Luehea,speciosa,yes,12.4,10,NA,NA,NA,NA,NA,NA
3005,77,SRTDF,7,Fabaceae,Dalbergia,retusa,no,71.4,NA,NA,NA,NA,NA,NA,NA
3006,77,SRTDF,8,Celastraceae,Semialarium,mexicanum,no,11.5,NA,NA,NA,NA,NA,NA,NA
3007,77,SRTDF,9,Malvaceae,Luehea,speciosa,no,40,NA,NA,NA,NA,NA,NA,NA
3008,77,SRTDF,10,Rubiaceae,Genipa,americana,no,14.1,NA,NA,NA,NA,NA,NA,NA
3009,77,SRTDF,11,Bignoniaceae,Tabebuia,ochracea,no,32.2,NA,NA,NA,NA,NA,NA,NA
3010,77,SRTDF,12,Meliaceae,Cedrela,odorata,no,54.2,NA,NA,NA,NA,NA,NA,NA
3011,77,SRTDF,13,Rubiaceae,Chomelia,spinosa,no,16.9,NA,NA,NA,NA,NA,NA,NA
3012,77,SRTDF,14,Anacardiaceae,Spondias,mombin,no,35.5,NA,NA,NA,NA,NA,NA,NA
3013,77,SRTDF,15,Annonaceae,Sapranthus,palanga,no,18.6,NA,NA,NA,NA,NA,NA,NA
3014,77,SRTDF,16,Rubiaceae,Calycophyllum,candidissimum,no,21,NA,NA,NA,NA,NA,NA,NA
3015,77,SRTDF,17,Meliaceae,Trichilia,americana,no,31.2,NA,NA,NA,NA,NA,NA,NA
3016,77,SRTDF,18,Fabaceae,Lonchocarpus,minimiflorus,no,11,NA,NA,NA,NA,NA,NA,NA
3017,77,SRTDF,19,Rubiaceae,Calycophyllum,candidissimum,yes,14.8,10,NA,NA,NA,NA,NA,NA
3018,77,SRTDF,20,Malvaceae,Luehea,speciosa,no,27.2,NA,NA,NA,NA,NA,NA,NA
3019,77,SRTDF,21,Fabaceae,Lonchocarpus,minimiflorus,no,35,NA,NA,NA,NA,NA,NA,NA
3020,77,SRTDF,22,Apocynaceae,Stemmadenia,obovata,no,12.7,NA,NA,NA,NA,NA,NA,NA
3021,77,SRTDF,23,Anacardiaceae,Spondias,mombin,no,50.1,NA,NA,NA,NA,NA,NA,NA
3022,77,SRTDF,24,Meliaceae,Cedrela,odorata,no,44.8,NA,NA,NA,NA,NA,NA,NA
3023,77,SRTDF,25,Fabaceae,Lonchocarpus,minimiflorus,no,27.5,NA,NA,NA,NA,NA,NA,NA
3024,77,SRTDF,26,Malvaceae,Luehea,speciosa,no,10.7,NA,NA,NA,NA,NA,NA,NA
3025,77,SRTDF,27,Fabaceae,Bauhinia,ungulata,no,12.5,NA,NA,NA,NA,NA,NA,NA
3026,77,SRTDF,28,Bixaceae,Cochlospermum,vitifolium,no,36.1,NA,NA,NA,NA,NA,NA,NA
3027,77,SRTDF,29,Sapindaceae,Allophylus,occidentalis,no,10.9,NA,NA,NA,NA,NA,NA,NA
3028,77,SRTDF,30,Annonaceae,Sapranthus,palanga,no,10,NA,NA,NA,NA,NA,NA,NA
3029,77,SRTDF,31,Rubiaceae,Calycophyllum,candidissimum,no,18.5,NA,NA,NA,NA,NA,NA,NA
3030,77,SRTDF,32,Anacardiaceae,Spondias,mombin,no,10.2,NA,NA,NA,NA,NA,NA,NA
3031,77,SRTDF,33,Fabaceae,Lonchocarpus,minimiflorus,no,20.3,NA,NA,NA,NA,NA,NA,NA
3032,77,SRTDF,34,Burseraceae,Bursera,simaruba,no,46.9,NA,NA,NA,NA,NA,NA,NA
3033,77,SRTDF,35,Rubiaceae,Chomelia,spinosa,yes,17.4,11,NA,NA,NA,NA,NA,NA
3034,77,SRTDF,36,Rubiaceae,Calycophyllum,candidissimum,no,21,NA,NA,NA,NA,NA,NA,NA
3035,77,SRTDF,37,Rubiaceae,Calycophyllum,candidissimum,no,22.5,NA,NA,NA,NA,NA,NA,NA
3036,77,SRTDF,38,Rubiaceae,Genipa,americana,no,15,NA,NA,NA,NA,NA,NA,NA
3037,77,SRTDF,39,Rhamnaceae,Karwinskia,calderonii,no,22,NA,NA,NA,NA,NA,NA,NA
3038,77,SRTDF,40,Fabaceae,Albizia,adinocephala,no,27.8,NA,NA,NA,NA,NA,NA,NA
3039,77,SRTDF,41,Celastraceae,Semialarium,mexicanum,no,10.5,NA,NA,NA,NA,NA,NA,NA
3040,78,SRTDF,1,Rubiaceae,Genipa,americana,no,17.6,NA,NA,NA,NA,NA,NA,NA
3041,78,SRTDF,2,Verbenaceae,Rehdera,trinervis,no,15.8,NA,NA,NA,NA,NA,NA,NA
3042,78,SRTDF,3,Sapindaceae,Allophylus,occidentalis,no,13,NA,NA,NA,NA,NA,NA,NA
3043,78,SRTDF,4,Sapindaceae,Allophylus,occidentalis,no,14.2,NA,NA,NA,NA,NA,NA,NA
3044,78,SRTDF,5,Malvaceae,Luehea,speciosa,no,13.7,NA,NA,NA,NA,NA,NA,NA
3045,78,SRTDF,6,Rubiaceae,Genipa,americana,no,12.6,NA,NA,NA,NA,NA,NA,NA
3046,78,SRTDF,7,Verbenaceae,Rehdera,trinervis,no,17,NA,NA,NA,NA,NA,NA,NA
3047,78,SRTDF,8,Rubiaceae,Genipa,americana,no,14.4,NA,NA,NA,NA,NA,NA,NA
3048,78,SRTDF,9,Fabaceae,Lonchocarpus,felipei,no,21.6,NA,NA,NA,NA,NA,NA,NA
3049,78,SRTDF,10,Annonaceae,Annona,purpurea,no,18.4,NA,NA,NA,NA,NA,NA,NA
3050,78,SRTDF,11,Euphorbiaceae,Sebastiania,pavoniana,no,10.7,NA,NA,NA,NA,NA,NA,NA
3051,78,SRTDF,12,Euphorbiaceae,Sebastiania,pavoniana,no,10,NA,NA,NA,NA,NA,NA,NA
3052,78,SRTDF,13,Celastraceae,Semialarium,mexicanum,no,20,NA,NA,NA,NA,NA,NA,NA
3053,78,SRTDF,14,Malvaceae,Pachira,quinata,no,11.4,NA,NA,NA,NA,NA,NA,NA
3054,78,SRTDF,15,Celastraceae,Semialarium,mexicanum,no,10.7,NA,NA,NA,NA,NA,NA,NA
3055,78,SRTDF,16,Malvaceae,Luehea,speciosa,no,29.9,NA,NA,NA,NA,NA,NA,NA
3056,78,SRTDF,17,Euphorbiaceae,Sebastiania,pavoniana,no,10.5,NA,NA,NA,NA,NA,NA,NA
3057,78,SRTDF,18,Fabaceae,Gliricidia,sepium,no,22.7,NA,NA,NA,NA,NA,NA,NA
3058,78,SRTDF,19,Malvaceae,Guazuma,ulmifolia,no,11.4,NA,NA,NA,NA,NA,NA,NA
3059,78,SRTDF,20,Bixaceae,Cochlospermum,vitifolium,no,48,NA,NA,NA,NA,NA,NA,NA
3060,78,SRTDF,21,Euphorbiaceae,Sebastiania,pavoniana,no,10,NA,NA,NA,NA,NA,NA,NA
3061,78,SRTDF,22,Euphorbiaceae,Sebastiania,pavoniana,no,10.9,NA,NA,NA,NA,NA,NA,NA
3062,78,SRTDF,23,Euphorbiaceae,Sebastiania,pavoniana,no,11,NA,NA,NA,NA,NA,NA,NA
3063,78,SRTDF,24,Fabaceae,Machaerium,biovulatum,no,10.1,NA,NA,NA,NA,NA,NA,NA
3064,78,SRTDF,25,Euphorbiaceae,Sebastiania,pavoniana,no,10.2,NA,NA,NA,NA,NA,NA,NA
3065,78,SRTDF,26,Malvaceae,Luehea,speciosa,no,22.5,NA,NA,NA,NA,NA,NA,NA
3066,78,SRTDF,27,Burseraceae,Bursera,simaruba,no,46.1,NA,NA,NA,NA,NA,NA,NA
3067,78,SRTDF,28,Malvaceae,Luehea,speciosa,no,17.1,NA,NA,NA,NA,NA,NA,NA
3068,78,SRTDF,29,Malvaceae,Luehea,speciosa,no,15.3,NA,NA,NA,NA,NA,NA,NA
3069,78,SRTDF,30,Apocynaceae,Stemmadenia,obovata,no,17.1,NA,NA,NA,NA,NA,NA,NA
3070,78,SRTDF,31,Euphorbiaceae,Sebastiania,pavoniana,no,16,NA,NA,NA,NA,NA,NA,NA
3071,78,SRTDF,32,Euphorbiaceae,Sebastiania,pavoniana,no,11.6,NA,NA,NA,NA,NA,NA,NA
3072,78,SRTDF,33,Rhamnaceae,Karwinskia,calderonii,no,17.1,NA,NA,NA,NA,NA,NA,NA
3073,78,SRTDF,34,Malvaceae,Luehea,speciosa,no,33.5,NA,NA,NA,NA,NA,NA,NA
3074,78,SRTDF,35,Malvaceae,Pachira,quinata,no,61,NA,NA,NA,NA,NA,NA,NA
3075,78,SRTDF,36,Fabaceae,Lonchocarpus,felipei,no,11,NA,NA,NA,NA,NA,NA,NA
3076,78,SRTDF,37,Boraginaceae,Cordia,panamensis,no,16,NA,NA,NA,NA,NA,NA,NA
3077,78,SRTDF,38,Simaroubaceae,Simarouba,glauca,no,32.2,NA,NA,NA,NA,NA,NA,NA
3078,78,SRTDF,39,Boraginaceae,Cordia,panamensis,no,12.2,NA,NA,NA,NA,NA,NA,NA
3079,78,SRTDF,40,Celastraceae,Semialarium,mexicanum,no,20.5,NA,NA,NA,NA,NA,NA,NA
3080,78,SRTDF,41,Bixaceae,Cochlospermum,vitifolium,no,26.2,NA,NA,NA,NA,NA,NA,NA
3081,78,SRTDF,42,Burseraceae,Bursera,simaruba,no,50.6,NA,NA,NA,NA,NA,NA,NA
3082,78,SRTDF,43,Annonaceae,Annona,purpurea,no,12.2,NA,NA,NA,NA,NA,NA,NA
3083,78,SRTDF,44,Fabaceae,Hymenaea,courbaril,no,24.5,NA,NA,NA,NA,NA,NA,NA
3084,78,SRTDF,45,Salicaceae,Casearia,silvestris,no,12.1,NA,NA,NA,NA,NA,NA,NA
3085,78,SRTDF,46,Bignoniaceae,Tabebuia,ochracea,no,46.8,NA,NA,NA,NA,NA,NA,NA
3086,78,SRTDF,47,Rubiaceae,Guettarda,macrosperma,yes,17,10.7,NA,NA,NA,NA,NA,NA
3087,78,SRTDF,48,Apocynaceae,Stemmadenia,obovata,no,11.1,NA,NA,NA,NA,NA,NA,NA
3088,78,SRTDF,49,Malvaceae,Luehea,candida,no,12,NA,NA,NA,NA,NA,NA,NA
3089,78,SRTDF,50,Annonaceae,Annona,purpurea,no,17.7,NA,NA,NA,NA,NA,NA,NA
3090,78,SRTDF,51,Euphorbiaceae,Sebastiania,pavoniana,no,14.6,NA,NA,NA,NA,NA,NA,NA
3091,78,SRTDF,52,Malvaceae,Luehea,speciosa,no,24.6,NA,NA,NA,NA,NA,NA,NA
3092,78,SRTDF,53,Fabaceae,Lonchocarpus,felipei,no,28,NA,NA,NA,NA,NA,NA,NA
3093,78,SRTDF,54,Apocynaceae,Stemmadenia,obovata,no,12.9,NA,NA,NA,NA,NA,NA,NA
3094,78,SRTDF,55,Verbenaceae,Rehdera,trinervis,no,18.4,NA,NA,NA,NA,NA,NA,NA
3095,78,SRTDF,56,Burseraceae,Bursera,simaruba,no,22.2,NA,NA,NA,NA,NA,NA,NA
3096,78,SRTDF,57,Rubiaceae,Calycophyllum,candidissimum,no,28.9,NA,NA,NA,NA,NA,NA,NA
3097,78,SRTDF,58,Celastraceae,Semialarium,mexicanum,no,10.4,NA,NA,NA,NA,NA,NA,NA
3098,78,SRTDF,59,Bixaceae,Cochlospermum,vitifolium,no,41.3,NA,NA,NA,NA,NA,NA,NA
3099,79,SRTDF,1,Moraceae,Maclura,tinctoria,no,24,NA,NA,NA,NA,NA,NA,NA
3100,79,SRTDF,2,Fabaceae,Ateleia,herbert-smithii,no,14.4,NA,NA,NA,NA,NA,NA,NA
3101,79,SRTDF,3,Fabaceae,Ateleia,herbert-smithii,no,26.6,NA,NA,NA,NA,NA,NA,NA
3102,79,SRTDF,4,Rubiaceae,Calycophyllum,candidissimum,no,13.5,NA,NA,NA,NA,NA,NA,NA
3103,79,SRTDF,5,Anacardiaceae,Astronium,graveolens,no,17.5,NA,NA,NA,NA,NA,NA,NA
3104,79,SRTDF,6,Fabaceae,Myrospermum,frutescens,no,15.1,NA,NA,NA,NA,NA,NA,NA
3105,79,SRTDF,7,Verbenaceae,Rehdera,trinervis,no,13,NA,NA,NA,NA,NA,NA,NA
3106,79,SRTDF,8,Rubiaceae,Genipa,americana,no,13.4,NA,NA,NA,NA,NA,NA,NA
3107,79,SRTDF,9,Fabaceae,Lonchocarpus,felipei,no,11.2,NA,NA,NA,NA,NA,NA,NA
3108,79,SRTDF,10,Fabaceae,Lonchocarpus,felipei,no,11.9,NA,NA,NA,NA,NA,NA,NA
3109,79,SRTDF,11,Bignoniaceae,Tabebuia,ochracea,no,10.9,NA,NA,NA,NA,NA,NA,NA
3110,79,SRTDF,12,Rubiaceae,Guettarda,macrosperma,no,28,NA,NA,NA,NA,NA,NA,NA
3111,79,SRTDF,13,Rubiaceae,Exostema,mexicanum,yes,15.8,15.9,NA,NA,NA,NA,NA,NA
3112,79,SRTDF,14,Rubiaceae,Calycophyllum,candidissimum,no,17.6,NA,NA,NA,NA,NA,NA,NA
3113,79,SRTDF,15,Rubiaceae,Exostema,mexicanum,no,23.5,NA,NA,NA,NA,NA,NA,NA
3114,79,SRTDF,16,Bignoniaceae,Tabebuia,ochracea,no,13.5,NA,NA,NA,NA,NA,NA,NA
3115,79,SRTDF,17,Malvaceae,Luehea,speciosa,no,11.7,NA,NA,NA,NA,NA,NA,NA
3116,79,SRTDF,18,Fabaceae,Ateleia,herbert-smithii,no,64.3,NA,NA,NA,NA,NA,NA,NA
3117,79,SRTDF,19,Celastraceae,Semialarium,mexicanum,yes,15,10.4,NA,NA,NA,NA,NA,NA
3118,79,SRTDF,20,Burseraceae,Bursera,simaruba,no,13.1,NA,NA,NA,NA,NA,NA,NA
3119,79,SRTDF,21,Euphorbiaceae,Mabea,occidentalis,no,10.3,NA,NA,NA,NA,NA,NA,NA
3120,79,SRTDF,22,Anacardiaceae,Astronium,graveolens,no,33.8,NA,NA,NA,NA,NA,NA,NA
3121,79,SRTDF,23,Burseraceae,Bursera,simaruba,no,12.1,NA,NA,NA,NA,NA,NA,NA
3122,79,SRTDF,24,Burseraceae,Bursera,simaruba,no,14.3,NA,NA,NA,NA,NA,NA,NA
3123,79,SRTDF,25,Salicaceae,Casearia,corymbosa,no,13,NA,NA,NA,NA,NA,NA,NA
3124,79,SRTDF,26,Fabaceae,Ateleia,herbert-smithii,no,71,NA,NA,NA,NA,NA,NA,NA
3125,79,SRTDF,27,Verbenaceae,Rehdera,trinervis,no,17.6,NA,NA,NA,NA,NA,NA,NA
3126,79,SRTDF,28,Verbenaceae,Rehdera,trinervis,no,14.8,NA,NA,NA,NA,NA,NA,NA
3127,79,SRTDF,29,Verbenaceae,Rehdera,trinervis,no,16.6,NA,NA,NA,NA,NA,NA,NA
3128,79,SRTDF,30,Fabaceae,Ateleia,herbert-smithii,no,47,NA,NA,NA,NA,NA,NA,NA
3129,79,SRTDF,31,Burseraceae,Bursera,simaruba,no,30.1,NA,NA,NA,NA,NA,NA,NA
3130,79,SRTDF,32,Rubiaceae,Calycophyllum,candidissimum,no,12.1,NA,NA,NA,NA,NA,NA,NA
3131,79,SRTDF,33,Fabaceae,Ateleia,herbert-smithii,no,30.4,NA,NA,NA,NA,NA,NA,NA
3132,79,SRTDF,34,Moraceae,Ficus,ovalis,no,51.7,NA,NA,NA,NA,NA,NA,NA
3133,79,SRTDF,35,Apocynaceae,Stemmadenia,obovata,no,11.7,NA,NA,NA,NA,NA,NA,NA
3134,79,SRTDF,36,Bignoniaceae,Tabebuia,ochracea,no,13.5,NA,NA,NA,NA,NA,NA,NA
3135,79,SRTDF,37,Annonaceae,Sapranthus,palanga,no,13.8,NA,NA,NA,NA,NA,NA,NA
3136,79,SRTDF,38,Verbenaceae,Rehdera,trinervis,no,15,NA,NA,NA,NA,NA,NA,NA
3137,79,SRTDF,39,Anacardiaceae,Spondias,mombin,no,14.2,NA,NA,NA,NA,NA,NA,NA
3138,79,SRTDF,40,Fabaceae,Lonchocarpus,minimiflorus,no,18.8,NA,NA,NA,NA,NA,NA,NA
3139,79,SRTDF,41,Fabaceae,Ateleia,herbert-smithii,no,11.6,NA,NA,NA,NA,NA,NA,NA
3140,79,SRTDF,42,Fabaceae,Ateleia,herbert-smithii,no,22.2,NA,NA,NA,NA,NA,NA,NA
3141,79,SRTDF,43,Euphorbiaceae,Mabea,occidentalis,no,11,NA,NA,NA,NA,NA,NA,NA
3142,79,SRTDF,44,Fabaceae,Ateleia,herbert-smithii,no,36,NA,NA,NA,NA,NA,NA,NA
3143,79,SRTDF,45,Fabaceae,Ateleia,herbert-smithii,no,34.8,NA,NA,NA,NA,NA,NA,NA
3144,79,SRTDF,46,Fabaceae,Ateleia,herbert-smithii,no,15.3,NA,NA,NA,NA,NA,NA,NA
3145,79,SRTDF,47,Fabaceae,Ateleia,herbert-smithii,no,45.4,NA,NA,NA,NA,NA,NA,NA
3146,79,SRTDF,48,Fabaceae,Ateleia,herbert-smithii,no,15.6,NA,NA,NA,NA,NA,NA,NA
3147,79,SRTDF,49,Rubiaceae,Exostema,mexicanum,no,19.6,NA,NA,NA,NA,NA,NA,NA
3148,79,SRTDF,50,Rubiaceae,Exostema,mexicanum,no,14,NA,NA,NA,NA,NA,NA,NA
3149,79,SRTDF,51,Bixaceae,Cochlospermum,vitifolium,no,37.2,NA,NA,NA,NA,NA,NA,NA
3150,79,SRTDF,52,Fabaceae,Acosmium,panamense,no,22.3,NA,NA,NA,NA,NA,NA,NA
3151,79,SRTDF,53,Rubiaceae,Calycophyllum,candidissimum,no,19.5,NA,NA,NA,NA,NA,NA,NA
3152,79,SRTDF,54,Rubiaceae,Guettarda,macrosperma,no,19.2,NA,NA,NA,NA,NA,NA,NA
3153,79,SRTDF,55,Rubiaceae,Guettarda,macrosperma,no,18.8,NA,NA,NA,NA,NA,NA,NA
3154,79,SRTDF,56,Bignoniaceae,Tabebuia,ochracea,no,12.1,NA,NA,NA,NA,NA,NA,NA
3155,79,SRTDF,57,Moraceae,Maclura,tinctoria,no,23.4,NA,NA,NA,NA,NA,NA,NA
3156,79,SRTDF,58,Fabaceae,Lonchocarpus,felipei,no,11.8,NA,NA,NA,NA,NA,NA,NA
3157,79,SRTDF,59,Rubiaceae,Guettarda,macrosperma,no,12.5,NA,NA,NA,NA,NA,NA,NA
3158,79,SRTDF,60,Annonaceae,Sapranthus,palanga,no,11.4,NA,NA,NA,NA,NA,NA,NA
3159,79,SRTDF,61,Rubiaceae,Guettarda,macrosperma,no,38.8,NA,NA,NA,NA,NA,NA,NA
3160,79,SRTDF,62,Euphorbiaceae,Mabea,occidentalis,no,10.5,NA,NA,NA,NA,NA,NA,NA
3161,79,SRTDF,63,Celastraceae,Semialarium,mexicanum,no,34.7,NA,NA,NA,NA,NA,NA,NA
3162,79,SRTDF,64,Verbenaceae,Rehdera,trinervis,no,29.9,NA,NA,NA,NA,NA,NA,NA
3163,80,SRTDF,1,Salicaceae,Casearia,corymbosa,no,12.9,NA,NA,NA,NA,NA,NA,NA
3164,80,SRTDF,2,Burseraceae,Bursera,simaruba,no,20.9,NA,NA,NA,NA,NA,NA,NA
3165,80,SRTDF,3,Anacardiaceae,Spondias,mombin,no,62.4,NA,NA,NA,NA,NA,NA,NA
3166,80,SRTDF,4,Rubiaceae,Calycophyllum,candidissimum,no,42.2,NA,NA,NA,NA,NA,NA,NA
3167,80,SRTDF,5,Euphorbiaceae,Sapium,glandulosum,no,10.5,NA,NA,NA,NA,NA,NA,NA
3168,80,SRTDF,6,Euphorbiaceae,Sapium,glandulosum,no,32.6,NA,NA,NA,NA,NA,NA,NA
3169,80,SRTDF,7,Burseraceae,Bursera,simaruba,no,10.2,NA,NA,NA,NA,NA,NA,NA
3170,80,SRTDF,8,Burseraceae,Bursera,simaruba,no,16.3,NA,NA,NA,NA,NA,NA,NA
3171,80,SRTDF,9,Verbenaceae,Rehdera,trinervis,no,15.4,NA,NA,NA,NA,NA,NA,NA
3172,80,SRTDF,10,Burseraceae,Bursera,simaruba,no,19.7,NA,NA,NA,NA,NA,NA,NA
3173,80,SRTDF,11,Rubiaceae,Calycophyllum,candidissimum,no,43.5,NA,NA,NA,NA,NA,NA,NA
3174,80,SRTDF,12,Malvaceae,Pachira,quinata,no,53,NA,NA,NA,NA,NA,NA,NA
3175,80,SRTDF,13,Moraceae,Maclura,tinctoria,no,28.1,NA,NA,NA,NA,NA,NA,NA
3176,80,SRTDF,14,Moraceae,Maclura,tinctoria,no,23.5,NA,NA,NA,NA,NA,NA,NA
3177,80,SRTDF,15,Anacardiaceae,Spondias,mombin,no,10.1,NA,NA,NA,NA,NA,NA,NA
3178,80,SRTDF,16,Fabaceae,Lonchocarpus,felipei,no,16.3,NA,NA,NA,NA,NA,NA,NA
3179,80,SRTDF,17,Anacardiaceae,Spondias,mombin,no,23.9,NA,NA,NA,NA,NA,NA,NA
3180,80,SRTDF,18,Boraginaceae,Cordia,panamensis,no,11.1,NA,NA,NA,NA,NA,NA,NA
3181,80,SRTDF,19,Boraginaceae,Cordia,panamensis,no,13.6,NA,NA,NA,NA,NA,NA,NA
3182,80,SRTDF,20,Anacardiaceae,Spondias,mombin,no,47.7,NA,NA,NA,NA,NA,NA,NA
3183,80,SRTDF,21,Malvaceae,Luehea,speciosa,no,17.3,NA,NA,NA,NA,NA,NA,NA
3184,80,SRTDF,22,Boraginaceae,Cordia,alliodora,no,17,NA,NA,NA,NA,NA,NA,NA
3185,80,SRTDF,23,Meliaceae,Cedrela,odorata,no,17.6,NA,NA,NA,NA,NA,NA,NA
3186,80,SRTDF,24,Verbenaceae,Rehdera,trinervis,no,60.5,NA,NA,NA,NA,NA,NA,NA
3187,80,SRTDF,25,Schoepfiaceae,Schoepfia,schreberi,no,24.2,NA,NA,NA,NA,NA,NA,NA
3188,80,SRTDF,26,Verbenaceae,Rehdera,trinervis,no,21,NA,NA,NA,NA,NA,NA,NA
3189,80,SRTDF,27,Verbenaceae,Rehdera,trinervis,no,23.3,NA,NA,NA,NA,NA,NA,NA
3190,80,SRTDF,28,Annonaceae,Sapranthus,palanga,no,13.3,NA,NA,NA,NA,NA,NA,NA
3191,80,SRTDF,29,Rubiaceae,Calycophyllum,candidissimum,yes,32.5,22,NA,NA,NA,NA,NA,NA
3192,80,SRTDF,30,Rubiaceae,Calycophyllum,candidissimum,yes,26,11.6,NA,NA,NA,NA,NA,NA
3193,80,SRTDF,31,Rubiaceae,Guettarda,macrosperma,no,59.5,NA,NA,NA,NA,NA,NA,NA
3194,80,SRTDF,32,Fabaceae,Lysiloma,divaricatum,no,17.9,NA,NA,NA,NA,NA,NA,NA
3195,80,SRTDF,33,Apocynaceae,Stemmadenia,obovata,no,10.6,NA,NA,NA,NA,NA,NA,NA
3196,80,SRTDF,34,Rubiaceae,Calycophyllum,candidissimum,yes,29.3,15.2,NA,NA,NA,NA,NA,NA
3197,80,SRTDF,35,Rubiaceae,Exostema,mexicanum,no,17,NA,NA,NA,NA,NA,NA,NA
3198,81,SRTDF,1,Malvaceae,Sterculia,apetala,no,43.5,NA,NA,NA,NA,NA,NA,NA
3199,81,SRTDF,2,Boraginaceae,Cordia,alliodora,no,11.2,NA,NA,NA,NA,NA,NA,NA
3200,81,SRTDF,3,Bixaceae,Cochlospermum,vitifolium,no,30.8,NA,NA,NA,NA,NA,NA,NA
3201,81,SRTDF,4,Euphorbiaceae,Sapium,glandulosum,no,35.1,NA,NA,NA,NA,NA,NA,NA
3202,81,SRTDF,5,Malvaceae,Luehea,speciosa,no,56,NA,NA,NA,NA,NA,NA,NA
3203,81,SRTDF,6,Salicaceae,Casearia,silvestris,no,10.3,NA,NA,NA,NA,NA,NA,NA
3204,81,SRTDF,7,Anacardiaceae,Spondias,mombin,no,22.8,NA,NA,NA,NA,NA,NA,NA
3205,81,SRTDF,8,Boraginaceae,Cordia,panamensis,no,12,NA,NA,NA,NA,NA,NA,NA
3206,81,SRTDF,9,Boraginaceae,Cordia,panamensis,no,18.7,NA,NA,NA,NA,NA,NA,NA
3207,81,SRTDF,10,Salicaceae,Casearia,silvestris,no,10.6,NA,NA,NA,NA,NA,NA,NA
3208,81,SRTDF,11,Anacardiaceae,Spondias,mombin,no,40.6,NA,NA,NA,NA,NA,NA,NA
3209,81,SRTDF,12,Malvaceae,Guazuma,ulmifolia,no,14.2,NA,NA,NA,NA,NA,NA,NA
3210,81,SRTDF,13,Capparaceae,Capparis,indica,no,10.1,NA,NA,NA,NA,NA,NA,NA
3211,81,SRTDF,14,Boraginaceae,Cordia,panamensis,no,10.7,NA,NA,NA,NA,NA,NA,NA
3212,81,SRTDF,15,Fabaceae,Swartzia,cubensis,no,12.7,NA,NA,NA,NA,NA,NA,NA
3213,81,SRTDF,16,Anacardiaceae,Spondias,mombin,no,24.1,NA,NA,NA,NA,NA,NA,NA
3214,81,SRTDF,17,Araliaceae,Sciadodendron,excelsum,no,69.9,NA,NA,NA,NA,NA,NA,NA
3215,81,SRTDF,18,Moraceae,Maclura,tinctoria,no,14.8,NA,NA,NA,NA,NA,NA,NA
3216,81,SRTDF,19,Meliaceae,Trichilia,martiana,no,26.5,NA,NA,NA,NA,NA,NA,NA
3217,81,SRTDF,20,Meliaceae,Trichilia,martiana,no,10.8,NA,NA,NA,NA,NA,NA,NA
3218,81,SRTDF,21,Anacardiaceae,Spondias,mombin,no,45.5,NA,NA,NA,NA,NA,NA,NA
3219,81,SRTDF,22,Anacardiaceae,Astronium,graveolens,no,10.2,NA,NA,NA,NA,NA,NA,NA
3220,81,SRTDF,23,Lauraceae,Ocotea,veraguensis,no,10.5,NA,NA,NA,NA,NA,NA,NA
3221,81,SRTDF,24,Chrysobalanaceae,Licania,arborea,no,38.9,NA,NA,NA,NA,NA,NA,NA
3222,81,SRTDF,25,Anacardiaceae,Spondias,mombin,no,88,NA,NA,NA,NA,NA,NA,NA
3223,81,SRTDF,26,Fabaceae,Hymenaea,courbaril,no,32.3,NA,NA,NA,NA,NA,NA,NA
3224,81,SRTDF,27,Rubiaceae,Calycophyllum,candidissimum,no,46.7,NA,NA,NA,NA,NA,NA,NA
3225,81,SRTDF,28,Rubiaceae,Guettarda,macrosperma,no,15.3,NA,NA,NA,NA,NA,NA,NA
3226,81,SRTDF,29,Boraginaceae,Cordia,panamensis,no,10.2,NA,NA,NA,NA,NA,NA,NA
3227,81,SRTDF,30,Fabaceae,Lonchocarpus,minimiflorus,no,14,NA,NA,NA,NA,NA,NA,NA
3228,81,SRTDF,31,Anacardiaceae,Spondias,mombin,no,41.7,NA,NA,NA,NA,NA,NA,NA
3229,82,SRTDF,1,Verbenaceae,Rehdera,trinervis,no,13.6,NA,NA,NA,NA,NA,NA,NA
3230,82,SRTDF,2,Verbenaceae,Rehdera,trinervis,no,11.1,NA,NA,NA,NA,NA,NA,NA
3231,82,SRTDF,3,Sapotaceae,Manilkara,chicle,no,57.8,NA,NA,NA,NA,NA,NA,NA
3232,82,SRTDF,4,Malvaceae,Luehea,speciosa,no,27.6,NA,NA,NA,NA,NA,NA,NA
3233,82,SRTDF,5,Fabaceae,Acosmium,panamense,no,14,NA,NA,NA,NA,NA,NA,NA
3234,82,SRTDF,6,Verbenaceae,Rehdera,trinervis,no,21.7,NA,NA,NA,NA,NA,NA,NA
3235,82,SRTDF,7,Fabaceae,Ateleia,herbert-smithii,no,40.3,NA,NA,NA,NA,NA,NA,NA
3236,82,SRTDF,8,Fabaceae,Ateleia,herbert-smithii,no,12.5,NA,NA,NA,NA,NA,NA,NA
3237,82,SRTDF,9,Verbenaceae,Rehdera,trinervis,no,31,NA,NA,NA,NA,NA,NA,NA
3238,82,SRTDF,10,Verbenaceae,Rehdera,trinervis,no,11.7,NA,NA,NA,NA,NA,NA,NA
3239,82,SRTDF,11,Verbenaceae,Rehdera,trinervis,no,13.5,NA,NA,NA,NA,NA,NA,NA
3240,82,SRTDF,12,Fabaceae,Albizia,adinocephala,no,22.3,NA,NA,NA,NA,NA,NA,NA
3241,82,SRTDF,13,Fabaceae,Acosmium,panamense,no,19.8,NA,NA,NA,NA,NA,NA,NA
3242,82,SRTDF,14,Verbenaceae,Rehdera,trinervis,no,28.9,NA,NA,NA,NA,NA,NA,NA
3243,82,SRTDF,15,Verbenaceae,Rehdera,trinervis,no,20.4,NA,NA,NA,NA,NA,NA,NA
3244,82,SRTDF,16,Malvaceae,Luehea,speciosa,yes,26.6,28.6,NA,NA,NA,NA,NA,NA
3245,82,SRTDF,17,Myrtaceae,Eugenia,salamensis,no,21,NA,NA,NA,NA,NA,NA,NA
3246,82,SRTDF,18,Verbenaceae,Rehdera,trinervis,no,22.7,NA,NA,NA,NA,NA,NA,NA
3247,82,SRTDF,19,Salicaceae,Zuelania,guidonia,no,12.1,NA,NA,NA,NA,NA,NA,NA
3248,82,SRTDF,20,Fabaceae,Machaerium,biovulatum,no,13.7,NA,NA,NA,NA,NA,NA,NA
3249,82,SRTDF,21,Fabaceae,Machaerium,biovulatum,no,15.1,NA,NA,NA,NA,NA,NA,NA
3250,82,SRTDF,22,Fabaceae,Bauhinia,ungulata,no,12.7,NA,NA,NA,NA,NA,NA,NA
3251,82,SRTDF,23,Boraginaceae,Cordia,alliodora,no,13,NA,NA,NA,NA,NA,NA,NA
3252,82,SRTDF,24,Fabaceae,Bauhinia,ungulata,no,14.5,NA,NA,NA,NA,NA,NA,NA
3253,82,SRTDF,25,Fabaceae,Albizia,adinocephala,no,22.3,NA,NA,NA,NA,NA,NA,NA
3254,82,SRTDF,26,Fabaceae,Machaerium,biovulatum,no,17,NA,NA,NA,NA,NA,NA,NA
3255,82,SRTDF,27,Boraginaceae,Cordia,alliodora,no,13.2,NA,NA,NA,NA,NA,NA,NA
3256,82,SRTDF,28,Anacardiaceae,Astronium,graveolens,no,14.8,NA,NA,NA,NA,NA,NA,NA
3257,82,SRTDF,29,Malvaceae,Luehea,speciosa,yes,19.8,11.3,NA,NA,NA,NA,NA,NA
3258,82,SRTDF,30,Malvaceae,Luehea,speciosa,no,12.2,NA,NA,NA,NA,NA,NA,NA
3259,82,SRTDF,31,Malvaceae,Luehea,speciosa,no,15.6,NA,NA,NA,NA,NA,NA,NA
3260,82,SRTDF,32,Rhamnaceae,Karwinskia,calderonii,no,24.1,NA,NA,NA,NA,NA,NA,NA
3261,82,SRTDF,33,Fabaceae,Ateleia,herbert-smithii,no,15.2,NA,NA,NA,NA,NA,NA,NA
3262,82,SRTDF,34,Fabaceae,Machaerium,biovulatum,no,10.8,NA,NA,NA,NA,NA,NA,NA
3263,82,SRTDF,35,Verbenaceae,Rehdera,trinervis,no,35.3,NA,NA,NA,NA,NA,NA,NA
3264,82,SRTDF,36,Verbenaceae,Rehdera,trinervis,no,32.7,NA,NA,NA,NA,NA,NA,NA
3265,82,SRTDF,37,Verbenaceae,Rehdera,trinervis,no,25,NA,NA,NA,NA,NA,NA,NA
3266,82,SRTDF,38,Verbenaceae,Rehdera,trinervis,no,18.2,NA,NA,NA,NA,NA,NA,NA
3267,82,SRTDF,39,Fabaceae,Albizia,adinocephala,no,16.7,NA,NA,NA,NA,NA,NA,NA
3268,82,SRTDF,40,Fabaceae,Machaerium,biovulatum,no,13.2,NA,NA,NA,NA,NA,NA,NA
3269,82,SRTDF,41,Verbenaceae,Rehdera,trinervis,no,29,NA,NA,NA,NA,NA,NA,NA
3270,82,SRTDF,42,Verbenaceae,Rehdera,trinervis,no,36.8,NA,NA,NA,NA,NA,NA,NA
3271,82,SRTDF,43,Fabaceae,Lonchocarpus,felipei,no,21.3,NA,NA,NA,NA,NA,NA,NA
3272,82,SRTDF,44,Ebenaceae,Diospyros,salicifolia,no,10.8,NA,NA,NA,NA,NA,NA,NA
3273,82,SRTDF,45,Malvaceae,Luehea,speciosa,no,12.8,NA,NA,NA,NA,NA,NA,NA
3274,82,SRTDF,46,Malvaceae,Luehea,speciosa,no,18,NA,NA,NA,NA,NA,NA,NA
3275,82,SRTDF,47,Fabaceae,Machaerium,biovulatum,no,10,NA,NA,NA,NA,NA,NA,NA
3276,82,SRTDF,48,Fabaceae,Lonchocarpus,felipei,no,12,NA,NA,NA,NA,NA,NA,NA
3277,82,SRTDF,49,Fabaceae,Lonchocarpus,felipei,no,12.2,NA,NA,NA,NA,NA,NA,NA
3278,82,SRTDF,50,Boraginaceae,Cordia,alliodora,no,10.8,NA,NA,NA,NA,NA,NA,NA
3279,82,SRTDF,51,Fabaceae,Dalbergia,retusa,no,17.1,NA,NA,NA,NA,NA,NA,NA
3280,82,SRTDF,52,Fabaceae,Ateleia,herbert-smithii,no,11.5,NA,NA,NA,NA,NA,NA,NA
3281,82,SRTDF,53,Verbenaceae,Rehdera,trinervis,no,25,NA,NA,NA,NA,NA,NA,NA
3282,82,SRTDF,54,Boraginaceae,Cordia,alliodora,no,10,NA,NA,NA,NA,NA,NA,NA
3283,82,SRTDF,55,Verbenaceae,Rehdera,trinervis,no,10.2,NA,NA,NA,NA,NA,NA,NA
3284,82,SRTDF,56,Fabaceae,Acosmium,panamense,no,11.8,NA,NA,NA,NA,NA,NA,NA
3285,82,SRTDF,57,Malvaceae,Luehea,speciosa,no,13.9,NA,NA,NA,NA,NA,NA,NA
3286,82,SRTDF,58,Verbenaceae,Rehdera,trinervis,no,21.2,NA,NA,NA,NA,NA,NA,NA
3287,82,SRTDF,59,Verbenaceae,Rehdera,trinervis,no,31.3,NA,NA,NA,NA,NA,NA,NA
3288,82,SRTDF,60,Verbenaceae,Rehdera,trinervis,no,24.4,NA,NA,NA,NA,NA,NA,NA
3289,82,SRTDF,61,Verbenaceae,Rehdera,trinervis,no,13,NA,NA,NA,NA,NA,NA,NA
3290,82,SRTDF,62,Fabaceae,Albizia,adinocephala,no,10.7,NA,NA,NA,NA,NA,NA,NA
3291,82,SRTDF,63,Fabaceae,Machaerium,biovulatum,no,14.5,NA,NA,NA,NA,NA,NA,NA
3292,82,SRTDF,64,Fabaceae,Dalbergia,retusa,no,12,NA,NA,NA,NA,NA,NA,NA
3293,82,SRTDF,65,Fabaceae,Dalbergia,retusa,no,11,NA,NA,NA,NA,NA,NA,NA
3294,82,SRTDF,66,Fabaceae,Dalbergia,retusa,no,13.3,NA,NA,NA,NA,NA,NA,NA
3295,82,SRTDF,67,Verbenaceae,Rehdera,trinervis,no,18.3,NA,NA,NA,NA,NA,NA,NA
3296,82,SRTDF,68,Verbenaceae,Rehdera,trinervis,no,17.7,NA,NA,NA,NA,NA,NA,NA
3297,82,SRTDF,69,Malvaceae,Luehea,speciosa,no,15.4,NA,NA,NA,NA,NA,NA,NA
3298,82,SRTDF,70,Verbenaceae,Rehdera,trinervis,no,19.3,NA,NA,NA,NA,NA,NA,NA
3299,82,SRTDF,71,Verbenaceae,Rehdera,trinervis,no,15.8,NA,NA,NA,NA,NA,NA,NA
3300,82,SRTDF,72,Verbenaceae,Rehdera,trinervis,no,13.3,NA,NA,NA,NA,NA,NA,NA
3301,82,SRTDF,73,Verbenaceae,Rehdera,trinervis,no,14.7,NA,NA,NA,NA,NA,NA,NA
3302,82,SRTDF,74,Verbenaceae,Rehdera,trinervis,no,20.4,NA,NA,NA,NA,NA,NA,NA
3303,82,SRTDF,75,Verbenaceae,Rehdera,trinervis,no,14.2,NA,NA,NA,NA,NA,NA,NA
3304,82,SRTDF,76,Fabaceae,Ateleia,herbert-smithii,no,15.2,NA,NA,NA,NA,NA,NA,NA
3305,82,SRTDF,77,Malpighiaceae,Byrsonima,crassifolia,no,14.2,NA,NA,NA,NA,NA,NA,NA
3306,83,SRTDF,1,Verbenaceae,Rehdera,trinervis,no,35,NA,NA,NA,NA,NA,NA,NA
3307,83,SRTDF,2,Fabaceae,Ateleia,herbert-smithii,no,32.8,NA,NA,NA,NA,NA,NA,NA
3308,83,SRTDF,3,Fabaceae,Ateleia,herbert-smithii,yes,11.5,12.7,NA,NA,NA,NA,NA,NA
3309,83,SRTDF,4,Verbenaceae,Rehdera,trinervis,no,10.3,NA,NA,NA,NA,NA,NA,NA
3310,83,SRTDF,5,Verbenaceae,Rehdera,trinervis,no,30.9,NA,NA,NA,NA,NA,NA,NA
3311,83,SRTDF,6,Sapotaceae,Sideroxylon,capiri,no,28.3,NA,NA,NA,NA,NA,NA,NA
3312,83,SRTDF,7,Rubiaceae,Genipa,americana,no,12.3,NA,NA,NA,NA,NA,NA,NA
3313,83,SRTDF,8,Malvaceae,Luehea,speciosa,no,15,NA,NA,NA,NA,NA,NA,NA
3314,83,SRTDF,9,Simaroubaceae,Simarouba,glauca,no,21,NA,NA,NA,NA,NA,NA,NA
3315,83,SRTDF,10,Boraginaceae,Cordia,alliodora,no,12.6,NA,NA,NA,NA,NA,NA,NA
3316,83,SRTDF,11,Malvaceae,Luehea,speciosa,no,33.7,NA,NA,NA,NA,NA,NA,NA
3317,83,SRTDF,12,Fabaceae,Ateleia,herbert-smithii,no,17,NA,NA,NA,NA,NA,NA,NA
3318,83,SRTDF,13,Malvaceae,Luehea,speciosa,no,12.7,NA,NA,NA,NA,NA,NA,NA
3319,83,SRTDF,14,Fabaceae,Enterolobium,cyclocarpum,no,51,NA,NA,NA,NA,NA,NA,NA
3320,83,SRTDF,15,Bignoniaceae,Tabebuia,ochracea,no,12.7,NA,NA,NA,NA,NA,NA,NA
3321,83,SRTDF,16,Schoepfiaceae,Schoepfia,schreberi,no,11.8,NA,NA,NA,NA,NA,NA,NA
3322,83,SRTDF,17,Boraginaceae,Cordia,panamensis,no,10.8,NA,NA,NA,NA,NA,NA,NA
3323,83,SRTDF,18,Malvaceae,Luehea,speciosa,yes,20.1,12.3,NA,NA,NA,NA,NA,NA
3324,83,SRTDF,19,Annonaceae,Annona,purpurea,no,12,NA,NA,NA,NA,NA,NA,NA
3325,83,SRTDF,20,Boraginaceae,Cordia,alliodora,no,10.3,NA,NA,NA,NA,NA,NA,NA
3326,83,SRTDF,21,Verbenaceae,Rehdera,trinervis,no,13.5,NA,NA,NA,NA,NA,NA,NA
3327,83,SRTDF,22,Sapindaceae,Dilodendron,costaricense,no,20.3,NA,NA,NA,NA,NA,NA,NA
3328,83,SRTDF,23,Verbenaceae,Rehdera,trinervis,no,11.8,NA,NA,NA,NA,NA,NA,NA
3329,83,SRTDF,24,Fabaceae,Albizia,adinocephala,no,20.3,NA,NA,NA,NA,NA,NA,NA
3330,83,SRTDF,25,Anacardiaceae,Astronium,graveolens,no,13,NA,NA,NA,NA,NA,NA,NA
3331,83,SRTDF,26,Fabaceae,Ateleia,herbert-smithii,no,29.5,NA,NA,NA,NA,NA,NA,NA
3332,83,SRTDF,27,Simaroubaceae,Simarouba,glauca,no,10.8,NA,NA,NA,NA,NA,NA,NA
3333,83,SRTDF,28,Simaroubaceae,Simarouba,glauca,no,16.3,NA,NA,NA,NA,NA,NA,NA
3334,83,SRTDF,29,Verbenaceae,Rehdera,trinervis,no,15.5,NA,NA,NA,NA,NA,NA,NA
3335,83,SRTDF,30,Verbenaceae,Rehdera,trinervis,no,16.8,NA,NA,NA,NA,NA,NA,NA
3336,83,SRTDF,31,Malvaceae,Luehea,speciosa,yes,11.2,13.5,NA,NA,NA,NA,NA,NA
3337,83,SRTDF,32,Verbenaceae,Rehdera,trinervis,no,20.7,NA,NA,NA,NA,NA,NA,NA
3338,83,SRTDF,33,Verbenaceae,Rehdera,trinervis,no,15.1,NA,NA,NA,NA,NA,NA,NA
3339,83,SRTDF,34,Verbenaceae,Rehdera,trinervis,no,14.7,NA,NA,NA,NA,NA,NA,NA
3340,83,SRTDF,35,Verbenaceae,Rehdera,trinervis,no,11.4,NA,NA,NA,NA,NA,NA,NA
3341,83,SRTDF,36,Verbenaceae,Rehdera,trinervis,no,29.2,NA,NA,NA,NA,NA,NA,NA
3342,83,SRTDF,37,Verbenaceae,Rehdera,trinervis,no,20.3,NA,NA,NA,NA,NA,NA,NA
3343,83,SRTDF,38,Verbenaceae,Rehdera,trinervis,no,19.2,NA,NA,NA,NA,NA,NA,NA
3344,83,SRTDF,39,Verbenaceae,Rehdera,trinervis,no,22.2,NA,NA,NA,NA,NA,NA,NA
3345,83,SRTDF,40,Verbenaceae,Rehdera,trinervis,no,23.3,NA,NA,NA,NA,NA,NA,NA
3346,83,SRTDF,41,Sapindaceae,Dilodendron,costaricense,no,13.4,NA,NA,NA,NA,NA,NA,NA
3347,83,SRTDF,42,Malvaceae,Luehea,speciosa,no,17.3,NA,NA,NA,NA,NA,NA,NA
3348,83,SRTDF,43,Malvaceae,Luehea,speciosa,no,11.9,NA,NA,NA,NA,NA,NA,NA
3349,83,SRTDF,44,Malvaceae,Luehea,speciosa,yes,10.2,14.5,24.2,NA,NA,NA,NA,NA
3350,83,SRTDF,45,Fabaceae,Acosmium,panamense,no,19.8,NA,NA,NA,NA,NA,NA,NA
3351,83,SRTDF,46,Rhamnaceae,Karwinskia,calderonii,no,21.3,NA,NA,NA,NA,NA,NA,NA
3352,83,SRTDF,47,Fabaceae,Lonchocarpus,felipei,no,16.3,NA,NA,NA,NA,NA,NA,NA
3353,83,SRTDF,48,Malvaceae,Luehea,speciosa,yes,11.6,22.9,NA,NA,NA,NA,NA,NA
3354,83,SRTDF,49,Verbenaceae,Rehdera,trinervis,no,19.4,NA,NA,NA,NA,NA,NA,NA
3355,83,SRTDF,50,Verbenaceae,Rehdera,trinervis,no,18.7,NA,NA,NA,NA,NA,NA,NA
3356,83,SRTDF,51,Verbenaceae,Rehdera,trinervis,no,37.4,NA,NA,NA,NA,NA,NA,NA
3357,83,SRTDF,52,Verbenaceae,Rehdera,trinervis,no,10,NA,NA,NA,NA,NA,NA,NA
3358,83,SRTDF,53,Verbenaceae,Rehdera,trinervis,no,25.4,NA,NA,NA,NA,NA,NA,NA
3359,83,SRTDF,54,Verbenaceae,Rehdera,trinervis,no,22.1,NA,NA,NA,NA,NA,NA,NA
3360,83,SRTDF,55,Verbenaceae,Rehdera,trinervis,no,13.4,NA,NA,NA,NA,NA,NA,NA
3361,83,SRTDF,56,Verbenaceae,Rehdera,trinervis,no,10,NA,NA,NA,NA,NA,NA,NA
3362,83,SRTDF,57,Malvaceae,Luehea,speciosa,no,11.9,NA,NA,NA,NA,NA,NA,NA
3363,83,SRTDF,58,Malvaceae,Luehea,speciosa,no,14.6,NA,NA,NA,NA,NA,NA,NA
3364,83,SRTDF,59,Rubiaceae,Chomelia,spinosa,no,12,NA,NA,NA,NA,NA,NA,NA
3365,83,SRTDF,60,Verbenaceae,Rehdera,trinervis,no,28.7,NA,NA,NA,NA,NA,NA,NA
3366,83,SRTDF,61,Boraginaceae,Cordia,alliodora,no,19,NA,NA,NA,NA,NA,NA,NA
3367,83,SRTDF,62,Annonaceae,Annona,purpurea,no,12.4,NA,NA,NA,NA,NA,NA,NA
3368,83,SRTDF,63,Anacardiaceae,Spondias,mombin,no,11,NA,NA,NA,NA,NA,NA,NA
3369,83,SRTDF,64,Rhamnaceae,Karwinskia,calderonii,no,22.2,NA,NA,NA,NA,NA,NA,NA
3370,83,SRTDF,65,Burseraceae,Bursera,simaruba,no,23.5,NA,NA,NA,NA,NA,NA,NA
3371,83,SRTDF,66,Malpighiaceae,Bunchosia,ocellata,no,12.7,NA,NA,NA,NA,NA,NA,NA
3372,83,SRTDF,67,Fabaceae,Ateleia,herbert-smithii,no,11.7,NA,NA,NA,NA,NA,NA,NA
3373,83,SRTDF,68,Boraginaceae,Cordia,panamensis,yes,13,13.2,NA,NA,NA,NA,NA,NA
3374,83,SRTDF,69,Malvaceae,Luehea,speciosa,no,19,NA,NA,NA,NA,NA,NA,NA
3375,83,SRTDF,70,Anacardiaceae,Astronium,graveolens,no,13.5,NA,NA,NA,NA,NA,NA,NA
3376,83,SRTDF,71,Celastraceae,Semialarium,mexicanum,no,10.3,NA,NA,NA,NA,NA,NA,NA
3377,83,SRTDF,72,Rubiaceae,Genipa,americana,no,24.1,NA,NA,NA,NA,NA,NA,NA
3378,83,SRTDF,73,Malvaceae,Luehea,speciosa,no,28,NA,NA,NA,NA,NA,NA,NA
3379,83,SRTDF,74,Malvaceae,Luehea,speciosa,no,10.5,NA,NA,NA,NA,NA,NA,NA
3380,83,SRTDF,75,Bignoniaceae,Tabebuia,ochracea,no,11.3,NA,NA,NA,NA,NA,NA,NA
3381,83,SRTDF,76,Rubiaceae,Chomelia,spinosa,yes,13.2,10,NA,NA,NA,NA,NA,NA
3382,83,SRTDF,77,Rubiaceae,Genipa,americana,no,10,NA,NA,NA,NA,NA,NA,NA
3383,83,SRTDF,78,Verbenaceae,Rehdera,trinervis,no,23,NA,NA,NA,NA,NA,NA,NA
3384,83,SRTDF,79,Rubiaceae,Genipa,americana,no,12.3,NA,NA,NA,NA,NA,NA,NA
3385,83,SRTDF,80,Malvaceae,Luehea,speciosa,no,10.9,NA,NA,NA,NA,NA,NA,NA
3386,83,SRTDF,81,Rhamnaceae,Karwinskia,calderonii,no,26.9,NA,NA,NA,NA,NA,NA,NA
3387,83,SRTDF,82,Rubiaceae,Genipa,americana,no,14.2,NA,NA,NA,NA,NA,NA,NA
3388,83,SRTDF,83,Boraginaceae,Cordia,panamensis,yes,17.1,12.5,NA,NA,NA,NA,NA,NA
3389,84,SRTDF,1,Capparaceae,Capparis,indica,no,10.3,NA,NA,NA,NA,NA,NA,NA
3390,84,SRTDF,2,Burseraceae,Bursera,simaruba,no,41.7,NA,NA,NA,NA,NA,NA,NA
3391,84,SRTDF,3,Rubiaceae,Chomelia,spinosa,no,14,NA,NA,NA,NA,NA,NA,NA
3392,84,SRTDF,4,Burseraceae,Bursera,simaruba,no,11.5,NA,NA,NA,NA,NA,NA,NA
3393,84,SRTDF,5,Fabaceae,Lonchocarpus,minimiflorus,no,23.9,NA,NA,NA,NA,NA,NA,NA
3394,84,SRTDF,6,Burseraceae,Bursera,simaruba,no,26.7,NA,NA,NA,NA,NA,NA,NA
3395,84,SRTDF,7,Fabaceae,Lonchocarpus,minimiflorus,no,25.4,NA,NA,NA,NA,NA,NA,NA
3396,84,SRTDF,8,Apocynaceae,Stemmadenia,obovata,no,10.2,NA,NA,NA,NA,NA,NA,NA
3397,84,SRTDF,9,Fabaceae,Lonchocarpus,minimiflorus,no,26.8,NA,NA,NA,NA,NA,NA,NA
3398,84,SRTDF,10,Burseraceae,Bursera,simaruba,no,36.5,NA,NA,NA,NA,NA,NA,NA
3399,84,SRTDF,11,Burseraceae,Bursera,simaruba,no,29.5,NA,NA,NA,NA,NA,NA,NA
3400,84,SRTDF,12,Fabaceae,Lonchocarpus,minimiflorus,no,22.7,NA,NA,NA,NA,NA,NA,NA
3401,84,SRTDF,13,Burseraceae,Bursera,simaruba,no,20.8,NA,NA,NA,NA,NA,NA,NA
3402,84,SRTDF,14,Burseraceae,Bursera,simaruba,no,29.3,NA,NA,NA,NA,NA,NA,NA
3403,84,SRTDF,15,Sapindaceae,Allophylus,occidentalis,no,10.7,NA,NA,NA,NA,NA,NA,NA
3404,84,SRTDF,16,Moraceae,Maclura,tinctoria,no,15.8,NA,NA,NA,NA,NA,NA,NA
3405,84,SRTDF,17,Anacardiaceae,Spondias,mombin,no,36,NA,NA,NA,NA,NA,NA,NA
3406,84,SRTDF,18,Fabaceae,Lonchocarpus,minimiflorus,no,24.4,NA,NA,NA,NA,NA,NA,NA
3407,84,SRTDF,19,Burseraceae,Bursera,simaruba,no,26,NA,NA,NA,NA,NA,NA,NA
3408,84,SRTDF,20,Sapotaceae,Manilkara,chicle,no,10.4,NA,NA,NA,NA,NA,NA,NA
3409,84,SRTDF,21,Rubiaceae,Calycophyllum,candidissimum,no,16.8,NA,NA,NA,NA,NA,NA,NA
3410,84,SRTDF,22,Annonaceae,Annona,purpurea,no,21,NA,NA,NA,NA,NA,NA,NA
3411,84,SRTDF,23,Fabaceae,Lonchocarpus,minimiflorus,no,10,NA,NA,NA,NA,NA,NA,NA
3412,84,SRTDF,24,Burseraceae,Bursera,simaruba,no,22.9,NA,NA,NA,NA,NA,NA,NA
3413,84,SRTDF,25,Fabaceae,Lonchocarpus,minimiflorus,no,15.8,NA,NA,NA,NA,NA,NA,NA
3414,84,SRTDF,26,Sapindaceae,Allophylus,occidentalis,no,11.9,NA,NA,NA,NA,NA,NA,NA
3415,84,SRTDF,27,Fabaceae,Lonchocarpus,minimiflorus,yes,10.3,10,NA,NA,NA,NA,NA,NA
3416,84,SRTDF,28,Fabaceae,Lonchocarpus,minimiflorus,no,14.5,NA,NA,NA,NA,NA,NA,NA
3417,84,SRTDF,29,Anacardiaceae,Spondias,mombin,yes,29.7,42,33.5,NA,NA,NA,NA,NA
3418,84,SRTDF,30,Fabaceae,Lonchocarpus,minimiflorus,no,13.4,NA,NA,NA,NA,NA,NA,NA
3419,84,SRTDF,31,Burseraceae,Bursera,simaruba,no,22.8,NA,NA,NA,NA,NA,NA,NA
3420,84,SRTDF,32,Anacardiaceae,Spondias,mombin,no,48.7,NA,NA,NA,NA,NA,NA,NA
3421,84,SRTDF,33,Fabaceae,Acosmium,panamense,no,10.7,NA,NA,NA,NA,NA,NA,NA
3422,84,SRTDF,34,Burseraceae,Bursera,simaruba,no,28.6,NA,NA,NA,NA,NA,NA,NA
3423,84,SRTDF,35,Burseraceae,Bursera,simaruba,no,22.5,NA,NA,NA,NA,NA,NA,NA
3424,84,SRTDF,36,Moraceae,Maclura,tinctoria,no,20.5,NA,NA,NA,NA,NA,NA,NA
3425,84,SRTDF,37,Sapindaceae,Allophylus,occidentalis,no,11.5,NA,NA,NA,NA,NA,NA,NA
3426,84,SRTDF,38,Fabaceae,Lonchocarpus,minimiflorus,no,12.4,NA,NA,NA,NA,NA,NA,NA
3427,84,SRTDF,39,Malvaceae,Luehea,speciosa,no,22.4,NA,NA,NA,NA,NA,NA,NA
3428,84,SRTDF,40,Fabaceae,Lonchocarpus,minimiflorus,no,17.9,NA,NA,NA,NA,NA,NA,NA
3429,84,SRTDF,41,Apocynaceae,Stemmadenia,obovata,no,12.3,NA,NA,NA,NA,NA,NA,NA
3430,84,SRTDF,42,Malpighiaceae,Bunchosia,ocellata,no,10.3,NA,NA,NA,NA,NA,NA,NA
3431,84,SRTDF,43,Fabaceae,Lonchocarpus,minimiflorus,no,25.9,NA,NA,NA,NA,NA,NA,NA
3432,84,SRTDF,44,Bixaceae,Cochlospermum,vitifolium,no,32.3,NA,NA,NA,NA,NA,NA,NA
3433,84,SRTDF,45,Malvaceae,Luehea,speciosa,no,10.1,NA,NA,NA,NA,NA,NA,NA